time_iso,km_mark,rel_km,gnb_id,cell_id,pci,rsrp_dbm,sinr_db,direction,speed_kmh,rel_km0,pos_m,neighbor_pci_est,rsrp_neig_dbm_est,delta_rsrp_dbm_est,ho_true
2025-11-22 09:07:25.617971,965.7,0.0,,,1,-60.42,23.86,下行,0.04,0.0,0.0,,,,True
2025-11-22 09:07:26.652660,965.7,0.0,,,1,-60.35,24.16,下行,0.03,0.0,0.0,,,,False
2025-11-22 09:07:27.672964,965.7,0.0,,,1,-60.23,23.78,下行,0.02,0.0,0.0,,,,False
2025-11-22 09:07:29.698969,965.7,0.0,,,1,-60.44,24.05,下行,0.01,0.0,0.0,,,,False
2025-11-22 09:07:30.726626,965.7,0.0,,,1,-60.24,23.53,下行,0.05,0.0,0.0,,,,False
2025-11-22 09:07:31.743124,965.7,0.0,,,1,-59.94,23.93,下行,0.05,0.0,0.0,,,,False
2025-11-22 09:07:32.781641,965.7,0.0,,,1,-60.42,22.47,下行,0.05,0.0,0.0,,,,False
2025-11-22 09:07:33.803455,965.7,0.0,,,1,-60.53,23.13,下行,0.04,0.0,0.0,,,,False
2025-11-22 09:07:34.826273,965.7,0.0,,,1,-60.32,23.5,下行,0.03,0.0,0.0,,,,False
2025-11-22 09:07:35.847586,965.7,0.0,,,1,-60.65,22.36,下行,0.08,0.0,0.0,,,,False
2025-11-22 09:07:36.868904,965.7,0.0,,,1,-60.17,25.26,下行,0.03,0.0,0.0,,,,False
2025-11-22 09:07:37.905135,965.7,0.0,,,1,-60.48,23.74,下行,0.01,0.0,0.0,,,,False
2025-11-22 09:07:38.927371,965.7,0.0,,,1,-60.41,23.84,下行,0.07,0.0,0.0,,,,False
2025-11-22 09:07:39.950283,965.7,0.0,,,1,-60.56,23.26,下行,0.12,0.0,0.0,,,,False
2025-11-22 09:07:40.973084,965.7,0.0,,,1,-60.56,23.92,下行,0.11,0.0,0.0,,,,False
2025-11-22 09:07:41.995972,965.7,0.0,,,1,-59.86,25.01,下行,0.13,0.0,0.0,,,,False
2025-11-22 09:07:43.054609,965.7,0.0,,,1,-60.18,24.45,下行,0.04,0.0,0.0,,,,False
2025-11-22 09:07:44.086748,965.7,0.0,,,1,-60.63,23.7,下行,0.1,0.0,0.0,,,,False
2025-11-22 09:07:45.107501,965.7,0.0,,,1,-60.74,23.01,下行,0.09,0.0,0.0,,,,False
2025-11-22 09:07:46.130495,965.7,0.0,,,1,-60.25,24.24,下行,0.09,0.0,0.0,,,,False
2025-11-22 09:07:47.171274,965.7,0.0,,,1,-60.7,24.13,下行,0.05,0.0,0.0,,,,False
2025-11-22 09:07:49.218949,965.7,0.0,,,1,-60.66,22.97,下行,0.04,0.0,0.0,,,,False
2025-11-22 09:07:50.241415,965.7,0.0,,,1,-60.4,23.97,下行,0.05,0.0,0.0,,,,False
2025-11-22 09:07:51.263219,965.7,0.0,,,1,-60.75,21.4,下行,0.08,0.0,0.0,,,,False
2025-11-22 09:07:52.285421,965.7,0.0,,,1,-60.95,22.53,下行,0.1,0.0,0.0,,,,False
2025-11-22 09:07:53.326204,965.7,0.0,,,1,-60.68,23.73,下行,0.09,0.0,0.0,,,,False
2025-11-22 09:07:54.348303,965.7,0.0,,,1,-60.86,22.74,下行,0.01,0.0,0.0,,,,False
2025-11-22 09:07:55.387377,965.7,0.0,,,1,-60.86,22.58,下行,0.03,0.0,0.0,,,,False
2025-11-22 09:07:56.409378,965.7,0.0,,,1,-60.68,22.47,下行,0.06,0.0,0.0,,,,False
2025-11-22 09:07:57.432327,965.7,0.0,,,1,-60.69,23.62,下行,0.02,0.0,0.0,,,,False
2025-11-22 09:07:58.486043,965.7,0.0,,,1,-60.69,23.34,下行,0.02,0.0,0.0,,,,False
2025-11-22 09:07:59.493660,965.7,0.0,,,1,-60.58,24.12,下行,0.03,0.0,0.0,,,,False
2025-11-22 09:08:00.514906,965.7,0.0,,,1,-60.55,23.5,下行,0.04,0.0,0.0,,,,False
2025-11-22 09:08:01.550865,965.7,0.0,,,1,-60.35,23.7,下行,0.04,0.0,0.0,,,,False
2025-11-22 09:08:02.572388,965.7,0.0,,,1,-60.82,22.28,下行,0.06,0.0,0.0,,,,False
2025-11-22 09:08:03.609673,965.7,0.0,,,1,-60.37,22.75,下行,0.01,0.0,0.0,,,,False
2025-11-22 09:08:04.646393,965.7,0.0,,,1,-60.57,23.27,下行,0.03,0.0,0.0,,,,False
2025-11-22 09:08:05.668015,965.7,0.0,,,1,-60.58,23.47,下行,0.03,0.0,0.0,,,,False
2025-11-22 09:08:06.690047,965.7,0.0,,,1,-60.84,23.01,下行,0.04,0.0,0.0,,,,False
2025-11-22 09:08:07.726708,965.7,0.0,,,1,-60.39,24.45,下行,0.03,0.0,0.0,,,,False
2025-11-22 09:08:08.795235,965.7,0.0,,,1,-60.54,23.83,下行,0.01,0.0,0.0,,,,False
2025-11-22 09:08:09.787664,965.7,0.0,,,1,-60.74,24.1,下行,0.05,0.0,0.0,,,,False
2025-11-22 09:08:10.791597,965.7,0.0,,,1,-60.73,22.6,下行,0.04,0.0,0.0,,,,False
2025-11-22 09:08:11.813719,965.7,0.0,,,1,-60.72,21.83,下行,0.02,0.0,0.0,,,,False
2025-11-22 09:08:12.864387,965.7,0.0,,,1,-60.66,23.78,下行,0.02,0.0,0.0,,,,False
2025-11-22 09:08:14.891756,965.7,0.0,,,1,-60.79,21.95,下行,0.04,0.0,0.0,,,,False
2025-11-22 09:08:15.921695,965.7,0.0,,,1,-60.5,23.32,下行,0.01,0.0,0.0,,,,False
2025-11-22 09:08:16.950321,965.7,0.0,,,1,-60.61,24.52,下行,0.03,0.0,0.0,,,,False
2025-11-22 09:08:17.956951,965.7,0.0,,,1,-60.63,23.07,下行,0.04,0.0,0.0,,,,False
2025-11-22 09:08:19.026128,965.7,0.0,,,1,-60.68,24.1,下行,0.02,0.0,0.0,,,,False
2025-11-22 09:08:20.030262,965.7,0.0,,,1,-60.43,23.99,下行,0.03,0.0,0.0,,,,False
2025-11-22 09:08:21.067014,965.7,0.0,,,1,-60.69,22.68,下行,0.04,0.0,0.0,,,,False
2025-11-22 09:08:22.087779,965.7,0.0,,,1,-60.77,22.19,下行,0.02,0.0,0.0,,,,False
2025-11-22 09:08:23.108646,965.7,0.0,,,1,-60.7,22.92,下行,0.02,0.0,0.0,,,,False
2025-11-22 09:08:24.161210,965.7,0.0,,,1,-60.54,23.18,下行,0.05,0.0,0.0,,,,False
2025-11-22 09:08:25.215864,965.7,0.0,,,1,-60.78,22.15,下行,0.03,0.0,0.0,,,,False
2025-11-22 09:08:26.204180,965.7,0.0,,,1,-60.62,21.61,下行,0.06,0.0,0.0,,,,False
2025-11-22 09:08:27.242684,965.7,0.0,,,1,-60.87,22.71,下行,0.02,0.0,0.0,,,,False
2025-11-22 09:08:28.262015,965.7,0.0,,,1,-60.81,23.92,下行,0.05,0.0,0.0,,,,False
2025-11-22 09:08:29.317288,965.7,0.0,,,1,-60.72,23.77,下行,0.04,0.0,0.0,,,,False
2025-11-22 09:08:30.339009,965.7,0.0,,,1,-60.75,23.35,下行,0.01,0.0,0.0,,,,False
2025-11-22 09:08:31.361395,965.7,0.0,,,1,-60.66,23.12,下行,0.09,0.0,0.0,,,,False
2025-11-22 09:08:32.383015,965.7,0.0,,,1,-60.51,22.6,下行,0.07,0.0,0.0,,,,False
2025-11-22 09:08:33.436036,965.7,0.0,,,1,-60.76,20.66,下行,0.06,0.0,0.0,,,,False
2025-11-22 09:08:35.465023,965.7,0.0,,,1,-60.74,22.11,下行,0.02,0.0,0.0,,,,False
2025-11-22 09:08:37.493318,965.7,0.0,,,1,-60.73,23.53,下行,0.06,0.0,0.0,,,,False
2025-11-22 09:08:38.515798,965.7,0.0,,,1,-60.67,22.9,下行,0.02,0.0,0.0,,,,False
2025-11-22 09:08:39.568430,965.7,0.0,,,1,-60.65,23.57,下行,0.05,0.0,0.0,,,,False
2025-11-22 09:08:40.591531,965.7,0.0,,,1,-60.66,23.58,下行,0.01,0.0,0.0,,,,False
2025-11-22 09:08:41.613255,965.7,0.0,,,1,-60.76,22.13,下行,0.03,0.0,0.0,,,,False
2025-11-22 09:08:42.649598,965.7,0.0,,,1,-60.08,24.64,下行,0.04,0.0,0.0,,,,False
2025-11-22 09:08:43.671302,965.7,0.0,,,1,-60.38,22.94,下行,0.01,0.0,0.0,,,,False
2025-11-22 09:08:44.740039,965.7,0.0,,,1,-60.37,22.92,下行,0.08,0.0,0.0,,,,False
2025-11-22 09:08:45.746093,965.7,0.0,,,1,-59.93,25.31,下行,0.14,0.0,0.0,,,,False
2025-11-22 09:08:46.768479,965.7,0.0,,,1,-60.41,22.87,下行,0.06,0.0,0.0,,,,False
2025-11-22 09:08:47.791562,965.7,0.0,,,1,-61.42,22.15,下行,0.51,0.0,0.0,,,,False
2025-11-22 09:08:48.812419,965.7,0.0,,,1,-59.38,25.38,下行,1.52,0.0,0.0,,,,False
2025-11-22 09:08:49.865362,965.7,0.0,,,1,-59.34,29.29,下行,2.87,0.0,0.0,,,,False
2025-11-22 09:08:50.886314,965.7,0.0,,,1,-59.93,30.27,下行,4.21,0.0,0.0,,,,False
2025-11-22 09:08:51.909136,965.7,0.0,,,1,-58.34,29.63,下行,5.8,0.0,0.0,,,,False
2025-11-22 09:08:52.944361,965.7,0.0,,,1,-61.13,26.3,下行,7.05,0.0,0.0,,,,False
2025-11-22 09:08:53.961163,965.71,0.009999999999990905,,,1,-64.2,27.93,下行,8.72,0.009999999999990905,9.999999999990905,,,,False
2025-11-22 09:08:55.006534,965.71,0.009999999999990905,,,1,-59.51,28.85,下行,10.92,0.009999999999990905,9.999999999990905,,,,False
2025-11-22 09:08:56.060304,965.71,0.009999999999990905,,,1,-59.24,24.07,下行,12.36,0.009999999999990905,9.999999999990905,,,,False
2025-11-22 09:08:57.066061,965.72,0.01999999999998181,,,1,-57.35,27.74,下行,14.25,0.01999999999998181,19.99999999998181,,,,False
2025-11-22 09:08:58.088893,965.72,0.01999999999998181,,,1,-61.08,28.19,下行,15.72,0.01999999999998181,19.99999999998181,,,,False
2025-11-22 09:08:59.142530,965.73,0.02999999999997272,,,1,-59.09,27.15,下行,17.91,0.02999999999997272,29.99999999997272,,,,False
2025-11-22 09:09:00.165956,965.73,0.02999999999997272,,,1,-61.15,25.54,下行,19.88,0.02999999999997272,29.99999999997272,,,,False
2025-11-22 09:09:01.191193,965.74,0.03999999999996362,,,1,-59.94,27.86,下行,22.14,0.03999999999996362,39.99999999996362,,,,False
2025-11-22 09:09:02.213824,965.74,0.03999999999996362,,,1,-59.06,26.69,下行,23.59,0.03999999999996362,39.99999999996362,,,,False
2025-11-22 09:09:03.234820,965.75,0.04999999999995453,,,1,-59.99,27.74,下行,25.35,0.04999999999995453,49.99999999995453,,,,False
2025-11-22 09:09:05.277738,965.77,0.06999999999993634,,,1,-56.8,28.57,下行,28.58,0.06999999999993634,69.99999999993634,,,,False
2025-11-22 09:09:06.299011,965.77,0.06999999999993634,,,1,-60.43,26.29,下行,29.72,0.06999999999993634,69.99999999993634,,,,False
2025-11-22 09:09:08.312391,965.79,0.08999999999991815,,,1,-66.29,21.1,下行,31.73,0.08999999999991815,89.99999999991815,,,,False
2025-11-22 09:09:09.350223,965.8,0.09999999999990905,,,1,-70.12,15.24,下行,33.18,0.09999999999990905,99.99999999990905,,,,False
2025-11-22 09:09:10.372115,965.81,0.1099999999999,,,1,-73.61,13.64,下行,35.08,0.1099999999999,109.9999999999,,,,False
2025-11-22 09:09:11.394141,965.82,0.1200000000000045,,,1,-73.3,11.9,下行,37.15,0.1200000000000045,120.0000000000045,,,,False
2025-11-22 09:09:12.416533,965.83,0.1299999999999955,,,1,-74.0,11.8,下行,39.16,0.1299999999999955,129.9999999999955,,,,False
2025-11-22 09:09:13.453582,965.84,0.1399999999999864,,,1,-74.29,7.76,下行,40.82,0.1399999999999864,139.99999999998641,,,,False
2025-11-22 09:09:16.487789,965.88,0.17999999999995,,,1,-73.36,10.28,下行,46.79,0.17999999999995,179.99999999995,,,,False
2025-11-22 09:09:18.515051,965.91,0.2099999999999227,,,1,-78.35,8.7,下行,50.65,0.2099999999999227,209.9999999999227,,,,False
2025-11-22 09:09:19.537191,965.92,0.2199999999999136,,,1,-79.4,5.9,下行,52.38,0.2199999999999136,219.9999999999136,,,,False
2025-11-22 09:09:20.575599,965.94,0.2400000000000091,,,1,-74.2,9.03,下行,54.19,0.2400000000000091,240.0000000000091,,,,False
2025-11-22 09:09:21.599048,965.95,0.25,,,1,-70.46,16.23,下行,56.4,0.25,250.0,,,,False
2025-11-22 09:09:23.626670,965.98,0.2799999999999727,,,1,-70.15,12.52,下行,60.23,0.2799999999999727,279.9999999999727,,,,False
2025-11-22 09:09:24.647119,966.0,0.2999999999999545,,,1,-67.48,13.7,下行,61.85,0.2999999999999545,299.9999999999545,,,,False
2025-11-22 09:09:25.701700,966.02,0.3199999999999363,,,1,-74.86,8.88,下行,63.67,0.3199999999999363,319.9999999999363,,,,False
2025-11-22 09:09:26.722489,966.04,0.3399999999999181,,,1,-78.54,5.37,下行,64.84,0.3399999999999181,339.9999999999181,,,,False
2025-11-22 09:09:27.744490,966.06,0.3599999999999,,,1,-80.21,5.64,下行,66.13,0.3599999999999,359.9999999999,,,,False
2025-11-22 09:09:28.773964,966.08,0.3799999999999955,,,1,-70.91,15.03,下行,67.07,0.3799999999999955,379.9999999999955,,,,False
2025-11-22 09:09:29.820600,966.1,0.3999999999999773,,,1,-68.41,17.96,下行,67.56,0.3999999999999773,399.9999999999773,,,,False
2025-11-22 09:09:30.842472,966.12,0.4199999999999591,,,1,-63.47,21.34,下行,68.72,0.4199999999999591,419.9999999999591,,,,False
2025-11-22 09:09:31.863373,966.14,0.4399999999999409,,,1,-66.07,16.59,下行,69.41,0.4399999999999409,439.9999999999409,,,,False
2025-11-22 09:09:32.884922,966.15,0.4499999999999318,,,1,-61.79,21.85,下行,70.21,0.4499999999999318,449.9999999999318,,,,False
2025-11-22 09:09:33.907207,966.18,0.4799999999999045,,,1,-65.33,22.84,下行,70.8,0.4799999999999045,479.9999999999045,,,,False
2025-11-22 09:09:34.962837,966.2,0.5,,,1,-63.57,21.18,下行,71.36,0.5,500.0,,,,False
2025-11-22 09:09:35.985173,966.22,0.5199999999999818,,,1,-64.34,21.34,下行,71.67,0.5199999999999818,519.9999999999818,,,,False
2025-11-22 09:09:37.006421,966.24,0.5399999999999636,,,1,-64.04,18.11,下行,72.08,0.5399999999999636,539.9999999999636,,,,False
2025-11-22 09:09:38.028237,966.26,0.5599999999999454,,,1,-63.61,22.92,下行,72.31,0.5599999999999454,559.9999999999454,,,,False
2025-11-22 09:09:39.082016,966.28,0.5799999999999272,,,1,-63.55,21.8,下行,72.65,0.5799999999999272,579.9999999999272,,,,False
2025-11-22 09:09:40.104401,966.3,0.599999999999909,,,1,-62.87,25.14,下行,73.48,0.599999999999909,599.999999999909,,,,False
2025-11-22 09:09:42.117550,966.34,0.6399999999999864,,,1,-65.0,20.72,下行,76.53,0.6399999999999864,639.9999999999864,,,,False
2025-11-22 09:09:43.155216,966.36,0.6599999999999682,,,1,-64.92,23.53,下行,78.26,0.6599999999999682,659.9999999999682,,,,False
2025-11-22 09:09:44.176024,966.39,0.6899999999999409,,,1,-65.42,19.82,下行,80.17,0.6899999999999409,689.9999999999409,,,,False
2025-11-22 09:09:45.205990,966.41,0.7099999999999227,,,1,-67.82,21.24,下行,81.89,0.7099999999999227,709.9999999999227,,,,False
2025-11-22 09:09:46.251326,966.43,0.7299999999999045,,,1,-65.95,21.18,下行,83.45,0.7299999999999045,729.9999999999045,,,,False
2025-11-22 09:09:47.272235,966.46,0.7599999999999909,,,1,-68.54,20.89,下行,85.31,0.7599999999999909,759.9999999999909,,,,False
2025-11-22 09:09:48.294279,966.48,0.7799999999999727,,,1,-68.83,14.64,下行,86.87,0.7799999999999727,779.9999999999727,,,,False
2025-11-22 09:09:49.317664,966.51,0.8099999999999454,,,1,-69.46,15.64,下行,88.25,0.8099999999999454,809.9999999999454,,,,False
2025-11-22 09:09:50.353239,966.53,0.8299999999999272,,,1,-67.9,20.85,下行,89.5,0.8299999999999272,829.9999999999272,,,,False
2025-11-22 09:09:51.389866,966.56,0.8599999999999,,,1,-71.11,14.2,下行,91.59,0.8599999999999,859.9999999999,,,,False
2025-11-22 09:09:52.422359,966.58,0.8799999999999955,,,1,-71.76,12.76,下行,92.71,0.8799999999999955,879.9999999999955,,,,False
2025-11-22 09:09:53.449870,966.61,0.9099999999999682,,,1,-72.05,13.55,下行,94.01,0.9099999999999682,909.9999999999682,,,,False
2025-11-22 09:09:54.472762,966.64,0.9399999999999409,,,1,-73.23,16.14,下行,95.61,0.9399999999999409,939.9999999999409,,,,False
2025-11-22 09:09:55.510414,966.67,0.9699999999999136,,,1,-71.88,15.84,下行,97.24,0.9699999999999136,969.9999999999136,,,,False
2025-11-22 09:09:56.535065,966.69,0.9900000000000091,,,1,-73.03,11.97,下行,98.33,0.9900000000000091,990.0000000000091,,,,False
2025-11-22 09:09:57.572135,966.72,1.019999999999982,,,1,-73.3,10.31,下行,99.81,1.019999999999982,1019.999999999982,,,,False
2025-11-22 09:09:58.592880,966.75,1.049999999999955,,,1,-75.28,10.56,下行,101.14,1.049999999999955,1049.999999999955,,,,False
2025-11-22 09:09:59.613791,966.78,1.079999999999927,,,1,-74.98,7.3,下行,102.44,1.079999999999927,1079.999999999927,,,,False
2025-11-22 09:10:00.667877,966.81,1.1099999999999,,,1,-75.29,11.24,下行,103.9,1.1099999999999,1109.9999999999,,,,False
2025-11-22 09:10:01.689388,966.84,1.139999999999986,,,1,-80.42,5.83,下行,105.54,1.139999999999986,1139.999999999986,,,,False
2025-11-22 09:10:02.726880,966.87,1.169999999999959,,,1,-79.73,8.06,下行,106.77,1.169999999999959,1169.999999999959,,,,False
2025-11-22 09:10:03.733665,966.9,1.199999999999932,,,1,-80.57,4.02,下行,107.93,1.199999999999932,1199.999999999932,,,,False
2025-11-22 09:10:05.761340,966.96,1.259999999999991,,,1,-78.84,1.89,下行,110.96,1.259999999999991,1259.999999999991,,,,False
2025-11-22 09:10:06.798034,966.99,1.289999999999964,,,1,-77.54,5.03,下行,112.15,1.289999999999964,1289.999999999964,,,,False
2025-11-22 09:10:07.835215,967.03,1.329999999999927,9441281.0,2.0,2,-79.7,1.9,下行,113.6,1.329999999999927,1329.999999999927,,,,True
2025-11-22 09:10:09.092485,967.07,1.370000000000005,9441281.0,2.0,2,-79.56,2.74,下行,115.31,1.370000000000005,1370.000000000005,,,,False
2025-11-22 09:10:10.128894,967.1,1.399999999999977,9441281.0,2.0,2,-81.05,2.75,下行,116.87,1.399999999999977,1399.999999999977,,,,False
2025-11-22 09:10:11.150256,967.13,1.42999999999995,9441281.0,3.0,3,-93.66,-8.52,下行,118.09,1.42999999999995,1429.99999999995,2.0,-81.41333333333333,12.24666666666667,True
2025-11-22 09:10:12.421367,967.18,1.479999999999905,9441281.0,2.0,4,-88.54,-6.74,下行,119.99,1.479999999999905,1479.999999999905,2.0,-81.8675,6.672499999999999,True
2025-11-22 09:10:13.764322,967.22,1.519999999999982,9441281.0,2.0,2,-82.14,-0.31,下行,121.87,1.519999999999982,1519.999999999982,4.0,-88.44735537190083,-6.307355371900826,True
2025-11-22 09:10:14.990538,967.26,1.559999999999945,9441281.0,2.0,2,-82.36,1.82,下行,123.32,1.559999999999945,1559.999999999945,4.0,-88.3732396694215,-6.013239669421495,False
2025-11-22 09:10:16.028848,967.3,1.599999999999909,9441281.0,2.0,2,-81.62,-0.01,下行,124.66,1.599999999999909,1599.999999999909,4.0,-88.29912396694216,-6.679123966942157,False
2025-11-22 09:10:17.049632,967.33,1.629999999999995,9441281.0,2.0,2,-79.51,2.13,下行,126.27,1.629999999999995,1629.999999999995,4.0,-88.24353719008265,-8.733537190082643,False
2025-11-22 09:10:18.070443,967.37,1.669999999999959,9441281.0,2.0,2,-79.93,1.22,下行,127.9,1.669999999999959,1669.999999999959,4.0,-88.16942148760332,-8.239421487603309,False
2025-11-22 09:10:19.109022,967.41,1.709999999999923,9441281.0,2.0,2,-82.49,-1.03,下行,129.48,1.709999999999923,1709.999999999923,4.0,-88.09530578512397,-5.605305785123974,False
2025-11-22 09:10:20.147841,967.45,1.75,9441281.0,2.0,2,-81.43,1.33,下行,130.84,1.75,1750.0,4.0,-88.02119008264464,-6.59119008264463,False
2025-11-22 09:10:21.170867,967.48,1.779999999999973,9441281.0,2.0,2,-82.58,1.33,下行,132.77,1.779999999999973,1779.999999999973,4.0,-87.96560330578512,-5.385603305785125,False
2025-11-22 09:10:22.189749,967.52,1.819999999999936,9441281.0,2.0,2,-78.72,2.63,下行,134.4,1.819999999999936,1819.9999999999359,4.0,-87.89148760330579,-9.171487603305792,False
2025-11-22 09:10:23.225672,967.56,1.8599999999999,9441281.0,2.0,2,-79.84,1.97,下行,136.14,1.8599999999999,1859.9999999999,4.0,-87.81737190082646,-7.977371900826455,False
2025-11-22 09:10:24.262823,967.6,1.899999999999977,9441281.0,2.0,2,-80.43,3.48,下行,137.99,1.899999999999977,1899.999999999977,4.0,-87.74325619834711,-7.313256198347105,False
2025-11-22 09:10:27.294157,967.72,2.019999999999982,9441281.0,2.0,2,-78.19,3.71,下行,143.03,2.019999999999982,2019.9999999999818,4.0,-87.5209090909091,-9.330909090909103,False
2025-11-22 09:10:28.318274,967.76,2.059999999999945,9441281.0,2.0,2,-78.44,4.57,下行,144.79,2.059999999999945,2059.999999999945,4.0,-87.44679338842975,-9.006793388429756,False
2025-11-22 09:10:29.373102,967.8,2.099999999999909,9441281.0,2.0,2,-78.13,3.92,下行,146.5,2.099999999999909,2099.999999999909,4.0,-87.37267768595042,-9.242677685950426,False
2025-11-22 09:10:30.396083,967.84,2.139999999999986,9441281.0,2.0,2,-72.48,9.48,下行,148.41,2.139999999999986,2139.999999999986,4.0,-87.29856198347107,-14.81856198347107,False
2025-11-22 09:10:31.416697,967.88,2.17999999999995,9441281.0,2.0,2,-67.91,12.09,下行,149.72,2.17999999999995,2179.99999999995,4.0,-87.22444628099174,-19.314446280991746,False
2025-11-22 09:10:32.439565,967.93,2.229999999999905,9441281.0,2.0,2,-69.09,12.1,下行,151.47,2.229999999999905,2229.999999999905,4.0,-87.13180165289256,-18.04180165289256,False
2025-11-22 09:10:33.476387,967.97,2.269999999999982,9441281.0,2.0,2,-69.32,11.93,下行,153.36,2.269999999999982,2269.999999999982,4.0,-87.05768595041323,-17.737685950413237,False
2025-11-22 09:10:34.515806,968.01,2.309999999999945,9441281.0,2.0,2,-71.98,11.08,下行,155.03,2.309999999999945,2309.999999999945,4.0,-86.98357024793388,-15.00357024793388,False
2025-11-22 09:10:35.539952,968.06,2.3599999999999,9441281.0,2.0,2,-69.72,12.77,下行,156.68,2.3599999999999,2359.9999999999,4.0,-86.89092561983472,-17.17092561983472,False
2025-11-22 09:10:36.577533,968.11,2.409999999999968,9441281.0,2.0,2,-67.81,13.85,下行,158.42,2.409999999999968,2409.999999999968,4.0,-86.79828099173554,-18.988280991735536,False
2025-11-22 09:10:37.599717,968.15,2.449999999999932,9441281.0,2.0,2,-62.79,19.41,下行,159.99,2.449999999999932,2449.999999999932,4.0,-86.7241652892562,-23.934165289256207,False
2025-11-22 09:10:38.622951,968.19,2.490000000000009,9441281.0,2.0,2,-65.28,15.35,下行,161.52,2.490000000000009,2490.000000000009,4.0,-86.65004958677686,-21.370049586776858,False
2025-11-22 09:10:39.675788,968.24,2.539999999999964,9441281.0,2.0,2,-66.36,14.01,下行,163.16,2.539999999999964,2539.999999999964,4.0,-86.5574049586777,-20.197404958677694,False
2025-11-22 09:10:41.688197,968.33,2.629999999999995,9441281.0,2.0,2,-65.55,14.04,下行,166.49,2.629999999999995,2629.999999999995,4.0,-86.39064462809918,-20.840644628099184,False
2025-11-22 09:10:42.724042,968.38,2.67999999999995,9441281.0,2.0,2,-64.91,18.21,下行,167.85,2.67999999999995,2679.99999999995,4.0,-86.298,-21.388000000000005,False
2025-11-22 09:10:43.745873,968.43,2.729999999999905,9441281.0,2.0,2,-63.66,20.43,下行,169.74,2.729999999999905,2729.999999999905,4.0,-86.20535537190084,-22.54535537190084,False
2025-11-22 09:10:44.782645,968.48,2.779999999999973,9441281.0,2.0,2,-57.72,20.5,下行,171.16,2.779999999999973,2779.999999999973,4.0,-86.11271074380166,-28.392710743801658,False
2025-11-22 09:10:45.834393,968.53,2.829999999999927,9441281.0,2.0,2,-56.26,23.48,下行,172.75,2.829999999999927,2829.999999999927,4.0,-86.02006611570249,-29.760066115702493,False
2025-11-22 09:10:46.874408,968.58,2.879999999999995,9441281.0,2.0,2,-53.58,25.8,下行,174.51,2.879999999999995,2879.999999999995,4.0,-85.92742148760331,-32.34742148760331,False
2025-11-22 09:10:47.898872,968.63,2.92999999999995,9441281.0,2.0,2,-49.33,29.05,下行,175.95,2.92999999999995,2929.99999999995,4.0,-85.83477685950413,-36.50477685950413,False
2025-11-22 09:10:48.921635,968.68,2.979999999999905,9441281.0,2.0,2,-57.34,20.96,下行,177.7,2.979999999999905,2979.999999999905,4.0,-85.74213223140497,-28.402132231404963,False
2025-11-22 09:10:49.949166,968.73,3.029999999999973,9441281.0,2.0,2,-69.89,10.29,下行,179.33,3.029999999999973,3029.999999999973,4.0,-85.64948760330579,-15.759487603305786,False
2025-11-22 09:10:50.993426,968.78,3.079999999999927,9441281.0,2.0,2,-73.16,10.18,下行,181.03,3.079999999999927,3079.999999999927,4.0,-85.55684297520662,-12.396842975206624,False
2025-11-22 09:10:52.013872,968.83,3.129999999999995,9441281.0,2.0,2,-69.89,10.77,下行,182.62,3.129999999999995,3129.999999999995,4.0,-85.46419834710744,-15.57419834710744,False
2025-11-22 09:10:53.034736,968.89,3.189999999999941,9441281.0,2.0,2,-64.85,17.13,下行,184.44,3.189999999999941,3189.999999999941,4.0,-85.35302479338843,-20.503024793388434,False
2025-11-22 09:10:54.063261,968.94,3.240000000000009,9441281.0,2.0,2,-61.28,15.27,下行,186.03,3.240000000000009,3240.000000000009,4.0,-85.26038016528926,-23.98038016528926,False
2025-11-22 09:10:55.114918,969.0,3.299999999999955,9441281.0,2.0,2,-62.07,19.2,下行,187.61,3.299999999999955,3299.999999999955,4.0,-85.14920661157025,-23.07920661157025,False
2025-11-22 09:10:56.138563,969.05,3.349999999999909,9441281.0,2.0,2,-64.23,15.58,下行,189.48,3.349999999999909,3349.999999999909,4.0,-85.05656198347108,-20.82656198347108,False
2025-11-22 09:10:57.178796,969.11,3.409999999999968,9441281.0,2.0,2,-68.06,15.23,下行,190.89,3.409999999999968,3409.999999999968,4.0,-84.94538842975207,-16.88538842975207,False
2025-11-22 09:10:58.195080,969.16,3.459999999999923,9441281.0,2.0,2,-67.87,12.98,下行,192.78,3.459999999999923,3459.999999999923,4.0,-84.85274380165289,-16.982743801652887,False
2025-11-22 09:10:59.237868,969.21,3.509999999999991,9441281.0,2.0,2,-71.89,11.28,下行,194.18,3.509999999999991,3509.999999999991,4.0,-84.76009917355373,-12.870099173553726,False
2025-11-22 09:11:00.281208,969.27,3.569999999999936,9441281.0,2.0,2,-72.14,11.77,下行,195.72,3.569999999999936,3569.999999999936,4.0,-84.64892561983471,-12.508925619834713,False
2025-11-22 09:11:01.309038,969.33,3.629999999999995,9441281.0,2.0,2,-73.51,9.19,下行,197.43,3.629999999999995,3629.999999999995,4.0,-84.5377520661157,-11.027752066115696,False
2025-11-22 09:11:04.337245,969.49,3.789999999999964,9441281.0,2.0,2,-75.19,3.51,下行,201.93,3.789999999999964,3789.999999999964,4.0,-84.24128925619836,-9.05128925619836,False
2025-11-22 09:11:05.379588,969.55,3.849999999999909,9441281.0,2.0,2,-77.79,3.23,下行,203.47,3.849999999999909,3849.999999999909,4.0,-84.13011570247934,-6.340115702479338,False
2025-11-22 09:11:06.414531,969.61,3.909999999999968,9441281.0,2.0,2,-78.23,2.31,下行,204.93,3.909999999999968,3909.999999999968,4.0,-84.01894214876033,-5.788942148760327,False
2025-11-22 09:11:07.439286,969.67,3.969999999999914,9441281.0,2.0,2,-82.09,0.23,下行,206.47,3.969999999999914,3969.999999999914,4.0,-83.90776859504132,-1.817768595041315,False
2025-11-22 09:11:08.482083,969.73,4.029999999999973,9441281.0,2.0,2,-81.22,2.69,下行,207.92,4.029999999999973,4029.9999999999727,4.0,-83.79659504132232,-2.576595041322321,False
2025-11-22 09:11:10.513230,969.85,4.149999999999977,9441281.0,2.0,2,-79.35,3.95,下行,210.53,4.149999999999977,4149.999999999977,4.0,-83.5742479338843,-4.2242479338843,False
2025-11-22 09:11:11.556585,969.91,4.209999999999923,9441281.0,2.0,2,-77.76,5.58,下行,211.75,4.209999999999923,4209.999999999923,4.0,-83.4630743801653,-5.70307438016529,False
2025-11-22 09:11:12.597106,969.97,4.269999999999982,9441281.0,2.0,2,-78.36,4.82,下行,212.79,4.269999999999982,4269.999999999982,4.0,-83.35190082644628,-4.991900826446283,False
2025-11-22 09:11:13.627829,970.03,4.329999999999927,9441281.0,2.0,2,-80.05,4.44,下行,213.96,4.329999999999927,4329.999999999927,4.0,-83.24072727272727,-3.1907272727272726,False
2025-11-22 09:11:14.661708,970.09,4.389999999999986,9441281.0,2.0,2,-81.67,4.33,下行,214.82,4.389999999999986,4389.999999999986,4.0,-83.12955371900827,-1.4595537190082695,False
2025-11-22 09:11:15.709077,970.15,4.449999999999932,9441281.0,2.0,2,-82.93,-0.27,下行,215.99,4.449999999999932,4449.999999999932,4.0,-83.01838016528926,-0.08838016528925152,False
2025-11-22 09:11:16.744494,970.22,4.519999999999982,9441281.0,2.0,2,-82.3,-1.23,下行,216.92,4.519999999999982,4519.999999999982,4.0,-82.88867768595041,-0.5886776859504153,False
2025-11-22 09:11:17.764196,970.28,4.579999999999927,9441281.0,3.0,3,-85.28,-2.67,下行,217.97,4.579999999999927,4579.999999999927,4.0,-82.7775041322314,2.5024958677686016,True
2025-11-22 09:11:18.999946,970.35,4.649999999999977,9441281.0,3.0,3,-84.32,-1.65,下行,218.85,4.649999999999977,4649.999999999977,4.0,-82.64780165289257,1.6721983471074253,False
2025-11-22 09:11:20.034617,970.42,4.719999999999914,9441281.0,3.0,3,-81.26,3.02,下行,219.93,4.719999999999914,4719.999999999914,4.0,-82.51809917355372,-1.2580991735537168,False
2025-11-22 09:11:21.061229,970.48,4.779999999999973,9441281.0,3.0,3,-78.44,4.68,下行,220.85,4.779999999999973,4779.999999999973,4.0,-82.40692561983471,-3.9669256198347114,False
2025-11-22 09:11:22.078904,970.54,4.839999999999918,9441281.0,3.0,3,-76.94,6.4,下行,221.83,4.839999999999918,4839.999999999918,4.0,-82.29575206611571,-5.355752066115713,False
2025-11-22 09:11:23.101318,970.61,4.909999999999968,9441281.0,3.0,3,-75.04,8.07,下行,222.87,4.909999999999968,4909.999999999968,4.0,-82.16604958677686,-7.126049586776858,False
2025-11-22 09:11:24.144382,970.67,4.969999999999914,9441281.0,3.0,3,-73.12,9.85,下行,223.57,4.969999999999914,4969.999999999914,4.0,-82.05487603305785,-8.934876033057847,False
2025-11-22 09:11:25.178089,970.74,5.039999999999964,9441281.0,3.0,3,-73.96,9.83,下行,224.51,5.039999999999964,5039.999999999964,4.0,-81.925173553719,-7.965173553719012,False
2025-11-22 09:11:26.196075,970.8,5.099999999999909,9441281.0,3.0,3,-72.93,8.64,下行,225.43,5.099999999999909,5099.999999999909,4.0,-81.81400000000001,-8.884,False
2025-11-22 09:11:27.227412,970.86,5.159999999999968,9441281.0,3.0,3,-73.51,10.17,下行,226.44,5.159999999999968,5159.999999999968,4.0,-81.702826446281,-8.19282644628099,False
2025-11-22 09:11:28.275550,970.93,5.229999999999905,9441281.0,3.0,3,-74.91,6.7,下行,227.36,5.229999999999905,5229.999999999905,4.0,-81.57312396694215,-6.663123966942152,False
2025-11-22 09:11:29.301147,970.99,5.289999999999964,9441281.0,3.0,3,-72.81,9.83,下行,228.59,5.289999999999964,5289.999999999964,4.0,-81.46195041322314,-8.651950413223133,False
2025-11-22 09:11:30.319231,971.06,5.3599999999999,9441281.0,3.0,3,-72.89,12.33,下行,229.69,5.3599999999999,5359.9999999999,4.0,-81.3322479338843,-8.442247933884303,False
2025-11-22 09:11:31.336999,971.12,5.419999999999959,9441281.0,3.0,3,-71.62,12.08,下行,230.85,5.419999999999959,5419.999999999959,4.0,-81.22107438016529,-9.601074380165286,False
2025-11-22 09:11:32.364543,971.19,5.490000000000009,9441281.0,3.0,3,-69.73,11.86,下行,231.88,5.490000000000009,5490.000000000009,4.0,-81.09137190082645,-11.361371900826441,False
2025-11-22 09:11:33.416900,971.26,5.559999999999945,9441281.0,3.0,3,-69.75,12.74,下行,232.97,5.559999999999945,5559.999999999945,4.0,-80.9616694214876,-11.2116694214876,False
2025-11-22 09:11:34.441896,971.33,5.629999999999995,9441281.0,3.0,3,-66.67,19.49,下行,234.12,5.629999999999995,5629.9999999999945,4.0,-80.83196694214877,-14.161966942148766,False
2025-11-22 09:11:35.481340,971.39,5.689999999999941,9441281.0,3.0,3,-58.93,26.72,下行,235.07,5.689999999999941,5689.999999999941,4.0,-80.72079338842975,-21.790793388429755,False
2025-11-22 09:11:36.492004,971.46,5.759999999999991,9441281.0,3.0,3,-57.05,26.29,下行,236.21,5.759999999999991,5759.999999999991,4.0,-80.59109090909091,-23.54109090909091,False
2025-11-22 09:11:39.515261,971.65,5.949999999999932,9441281.0,3.0,3,-54.49,26.74,下行,239.44,5.949999999999932,5949.999999999932,4.0,-80.23904132231405,-25.74904132231405,False
2025-11-22 09:11:40.547313,971.73,6.029999999999973,9441281.0,3.0,3,-66.8,22.05,下行,240.31,6.029999999999973,6029.999999999973,4.0,-80.09080991735537,-13.290809917355375,False
2025-11-22 09:11:41.574058,971.79,6.089999999999918,9441281.0,3.0,3,-72.16,13.98,下行,241.34,6.089999999999918,6089.999999999918,4.0,-79.97963636363636,-7.819636363636363,False
2025-11-22 09:11:42.612261,971.87,6.169999999999959,9441281.0,3.0,3,-70.13,12.89,下行,242.33,6.169999999999959,6169.999999999959,4.0,-79.83140495867768,-9.701404958677685,False
2025-11-22 09:11:43.659691,971.93,6.229999999999905,9441281.0,3.0,3,-69.93,10.83,下行,243.43,6.229999999999905,6229.999999999905,4.0,-79.72023140495868,-9.790231404958675,False
2025-11-22 09:11:44.683144,972.01,6.309999999999945,9441281.0,3.0,3,-59.33,19.45,下行,244.36,6.309999999999945,6309.999999999945,4.0,-79.572,-20.242000000000004,False
2025-11-22 09:11:45.709398,972.08,6.379999999999995,9441281.0,3.0,3,-59.06,22.35,下行,245.21,6.379999999999995,6379.9999999999945,4.0,-79.44229752066116,-20.382297520661155,False
2025-11-22 09:11:46.728963,972.14,6.439999999999941,9441281.0,3.0,3,-61.25,17.1,下行,246.12,6.439999999999941,6439.999999999941,4.0,-79.33112396694214,-18.081123966942144,False
2025-11-22 09:11:47.757348,972.22,6.519999999999982,9441281.0,3.0,3,-64.42,16.19,下行,247.2,6.519999999999982,6519.999999999982,4.0,-79.18289256198346,-14.762892561983463,False
2025-11-22 09:11:49.799621,972.35,6.649999999999977,9441281.0,3.0,3,-64.74,18.96,下行,248.87,6.649999999999977,6649.999999999977,4.0,-78.94201652892562,-14.202016528925625,False
2025-11-22 09:11:50.834702,972.43,6.729999999999905,9441281.0,3.0,3,-67.65,20.53,下行,249.89,6.729999999999905,6729.999999999905,4.0,-78.79378512396694,-11.143785123966936,False
2025-11-22 09:11:51.859297,972.5,6.799999999999955,9441281.0,3.0,3,-70.52,13.19,下行,250.65,6.799999999999955,6799.999999999955,4.0,-78.6640826446281,-8.1440826446281,False
2025-11-22 09:11:52.877967,972.57,6.870000000000005,9441281.0,3.0,3,-71.66,11.77,下行,251.52,6.870000000000005,6870.0000000000055,4.0,-78.53438016528925,-6.874380165289253,False
2025-11-22 09:11:53.898574,972.64,6.939999999999941,9441281.0,3.0,3,-72.06,9.59,下行,252.42,6.939999999999941,6939.999999999941,4.0,-78.40467768595042,-6.3446776859504155,False
2025-11-22 09:11:54.942490,972.71,7.009999999999991,9441281.0,3.0,3,-74.05,8.37,下行,253.12,7.009999999999991,7009.999999999991,4.0,-78.27497520661157,-4.224975206611575,False
2025-11-22 09:11:55.968270,972.78,7.079999999999927,9441281.0,3.0,3,-74.48,7.28,下行,254.04,7.079999999999927,7079.999999999927,4.0,-78.14527272727273,-3.665272727272722,False
2025-11-22 09:11:57.004704,972.86,7.159999999999968,9441281.0,3.0,3,-76.48,4.32,下行,254.89,7.159999999999968,7159.999999999968,4.0,-77.99704132231405,-1.5170413223140429,False
2025-11-22 09:11:58.028144,972.93,7.229999999999905,9441281.0,3.0,3,-77.22,8.59,下行,255.51,7.229999999999905,7229.999999999905,4.0,-77.8673388429752,-0.6473388429752021,False
2025-11-22 09:11:59.051246,973.0,7.299999999999955,9441281.0,3.0,3,-76.06,5.29,下行,256.5,7.299999999999955,7299.999999999955,4.0,-77.73763636363637,-1.677636363636367,False
2025-11-22 09:12:00.128283,973.08,7.379999999999995,9441281.0,3.0,3,-78.28,4.21,下行,257.22,7.379999999999995,7379.9999999999945,4.0,-77.58940495867769,0.690595041322311,False
2025-11-22 09:12:01.133493,973.15,7.449999999999932,9441281.0,3.0,3,-77.42,3.06,下行,258.12,7.449999999999932,7449.999999999932,4.0,-77.45970247933884,-0.03970247933884252,False
2025-11-22 09:12:02.166030,973.23,7.529999999999973,9441283.0,1.0,4,-77.33,4.32,下行,259.05,7.529999999999973,7529.999999999973,,,,True
2025-11-22 09:12:03.470374,973.33,7.629999999999995,9441283.0,1.0,4,-77.46,3.32,下行,260.06,7.629999999999995,7629.9999999999945,,,,False
2025-11-22 09:12:04.499112,973.4,7.699999999999932,9441283.0,1.0,4,-77.45,2.82,下行,260.62,7.699999999999932,7699.999999999932,,,,False
2025-11-22 09:12:05.536639,973.47,7.769999999999982,9441283.0,1.0,4,-74.53,6.47,下行,261.56,7.769999999999982,7769.999999999982,,,,False
2025-11-22 09:12:06.552481,973.55,7.849999999999909,9441283.0,1.0,4,-74.48,7.33,下行,262.24,7.849999999999909,7849.999999999909,,,,False
2025-11-22 09:12:07.601252,973.62,7.919999999999959,9441283.0,1.0,4,-70.67,9.88,下行,263.1,7.919999999999959,7919.999999999959,,,,False
2025-11-22 09:12:08.629028,973.7,8.0,9441283.0,1.0,4,-71.69,8.57,下行,263.82,8.0,8000.0,,,,False
2025-11-22 09:12:09.656898,973.77,8.069999999999936,9441283.0,1.0,4,-71.31,10.25,下行,264.63,8.069999999999936,8069.999999999936,,,,False
2025-11-22 09:12:10.677995,973.84,8.139999999999986,9441283.0,1.0,4,-68.85,11.44,下行,265.42,8.139999999999986,8139.999999999986,,,,False
2025-11-22 09:12:11.699094,973.93,8.229999999999905,9441283.0,1.0,4,-67.83,13.88,下行,266.28,8.229999999999905,8229.999999999905,,,,False
2025-11-22 09:12:12.762049,974.0,8.299999999999955,9441283.0,1.0,4,-66.82,14.42,下行,266.79,8.299999999999955,8299.999999999955,,,,False
2025-11-22 09:12:15.779708,974.23,8.529999999999973,9441283.0,1.0,4,-63.09,20.28,下行,268.93,8.529999999999973,8529.999999999973,,,,False
2025-11-22 09:12:16.803713,974.3,8.599999999999909,9441283.0,1.0,4,-60.73,25.18,下行,269.65,8.599999999999909,8599.999999999909,,,,False
2025-11-22 09:12:17.827122,974.38,8.67999999999995,9441283.0,1.0,4,-59.21,24.36,下行,270.13,8.67999999999995,8679.999999999949,,,,False
2025-11-22 09:12:18.903885,974.46,8.759999999999991,9441283.0,1.0,4,-52.1,27.73,下行,271.11,8.759999999999991,8759.99999999999,,,,False
2025-11-22 09:12:19.904366,974.54,8.839999999999918,9441283.0,1.0,4,-49.47,29.77,下行,271.8,8.839999999999918,8839.999999999918,,,,False
2025-11-22 09:12:20.941264,974.61,8.909999999999968,9441283.0,1.0,4,-44.52,32.71,下行,272.38,8.909999999999968,8909.999999999967,,,,False
2025-11-22 09:12:21.959494,974.69,8.990000000000009,9441283.0,1.0,4,-43.55,32.08,下行,273.2,8.990000000000009,8990.00000000001,,,,False
2025-11-22 09:12:22.982354,974.77,9.069999999999936,9441283.0,1.0,4,-58.54,19.75,下行,273.93,9.069999999999936,9069.999999999936,,,,False
2025-11-22 09:12:24.030860,974.85,9.149999999999977,9441283.0,1.0,4,-65.8,18.26,下行,274.59,9.149999999999977,9149.999999999978,,,,False
2025-11-22 09:12:25.047561,974.93,9.229999999999905,9441283.0,1.0,4,-71.07,9.83,下行,275.21,9.229999999999905,9229.999999999905,,,,False
2025-11-22 09:12:26.080872,975.0,9.299999999999955,9441283.0,1.0,4,-60.12,16.28,下行,276.01,9.299999999999955,9299.999999999955,,,,False
2025-11-22 09:12:27.101903,975.09,9.389999999999986,9441283.0,1.0,4,-53.87,19.99,下行,276.61,9.389999999999986,9389.999999999985,,,,False
2025-11-22 09:12:28.137757,975.16,9.459999999999923,9441283.0,1.0,4,-55.4,20.71,下行,277.26,9.459999999999923,9459.999999999924,,,,False
2025-11-22 09:12:29.173617,975.24,9.539999999999964,9441283.0,1.0,4,-57.84,17.76,下行,278.08,9.539999999999964,9539.999999999964,,,,False
2025-11-22 09:12:30.201130,975.33,9.629999999999995,9441283.0,1.0,4,-61.26,14.9,下行,278.78,9.629999999999995,9629.999999999996,,,,False
2025-11-22 09:12:31.221410,975.4,9.699999999999932,9441283.0,1.0,4,-64.6,13.92,下行,279.26,9.699999999999932,9699.99999999993,,,,False
2025-11-22 09:12:32.237900,975.48,9.779999999999973,9441283.0,1.0,4,-64.87,12.37,下行,280.12,9.779999999999973,9779.999999999973,,,,False
2025-11-22 09:12:33.295619,975.56,9.8599999999999,9441283.0,1.0,4,-68.03,12.41,下行,280.77,9.8599999999999,9859.9999999999,,,,False
2025-11-22 09:12:34.311322,975.64,9.93999999999994,9441283.0,1.0,4,-68.22,12.6,下行,281.49,9.93999999999994,9939.999999999942,,,,False
2025-11-22 09:12:35.334410,975.73,10.02999999999997,9441283.0,1.0,4,-71.15,9.9,下行,282.03,10.02999999999997,10029.999999999969,,,,False
2025-11-22 09:12:36.377188,975.8,10.09999999999991,9441283.0,1.0,4,-70.59,10.24,下行,282.69,10.09999999999991,10099.99999999991,,,,False
2025-11-22 09:12:37.403777,975.88,10.17999999999995,9441283.0,1.0,4,-75.86,4.5,下行,283.39,10.17999999999995,10179.999999999949,,,,False
2025-11-22 09:12:38.450780,975.97,10.26999999999998,9441283.0,1.0,4,-75.29,12.22,下行,284.14,10.26999999999998,10269.99999999998,,,,False
2025-11-22 09:12:40.487401,976.13,10.42999999999995,9441283.0,1.0,4,-76.24,8.86,下行,285.37,10.42999999999995,10429.999999999949,,,,False
2025-11-22 09:12:41.515952,976.21,10.50999999999999,9441283.0,1.0,4,-76.21,8.69,下行,285.99,10.50999999999999,10509.999999999989,,,,False
2025-11-22 09:12:42.543172,976.29,10.58999999999992,9441283.0,1.0,4,-77.86,6.44,下行,286.55,10.58999999999992,10589.99999999992,,,,False
2025-11-22 09:12:43.572394,976.38,10.67999999999995,9441283.0,1.0,4,-76.98,6.19,下行,287.26,10.67999999999995,10679.999999999949,,,,False
2025-11-22 09:12:44.627598,976.46,10.75999999999999,9441283.0,1.0,4,-78.32,3.09,下行,287.79,10.75999999999999,10759.999999999989,,,,False
2025-11-22 09:12:45.663803,976.55,10.84999999999991,9441283.0,1.0,4,-81.31,-0.87,下行,288.59,10.84999999999991,10849.99999999991,,,,False
2025-11-22 09:12:46.690736,976.63,10.92999999999995,9441283.0,2.0,5,-78.57,1.23,下行,289.0,10.92999999999995,10929.999999999949,,,,True
2025-11-22 09:12:48.042875,976.73,11.02999999999997,9441283.0,2.0,5,-77.59,1.97,下行,289.82,11.02999999999997,11029.999999999969,,,,False
2025-11-22 09:12:49.076799,976.81,11.1099999999999,9441283.0,2.0,5,-77.31,3.55,下行,290.51,11.1099999999999,11109.9999999999,,,,False
2025-11-22 09:12:50.100794,976.9,11.19999999999993,9441283.0,2.0,5,-75.7,2.76,下行,290.96,11.19999999999993,11199.99999999993,,,,False
2025-11-22 09:12:53.136424,977.14,11.43999999999994,9441283.0,2.0,5,-71.76,8.46,下行,292.12,11.43999999999994,11439.999999999942,,,,False
2025-11-22 09:12:54.190251,977.23,11.52999999999997,9441283.0,2.0,5,-67.08,12.0,下行,292.49,11.52999999999997,11529.999999999969,,,,False
2025-11-22 09:12:55.215403,977.31,11.6099999999999,9441283.0,2.0,5,-66.34,12.15,下行,292.61,11.6099999999999,11609.9999999999,,,,False
2025-11-22 09:12:57.237566,977.48,11.77999999999997,9441283.0,2.0,5,-63.94,13.01,下行,293.15,11.77999999999997,11779.999999999969,,,,False
2025-11-22 09:12:58.287069,977.56,11.8599999999999,9441283.0,2.0,5,-61.23,17.58,下行,293.25,11.8599999999999,11859.9999999999,,,,False
2025-11-22 09:12:59.304929,977.64,11.93999999999994,9441283.0,2.0,5,-58.83,22.56,下行,293.42,11.93999999999994,11939.999999999942,,,,False
2025-11-22 09:13:00.349049,977.73,12.02999999999997,9441283.0,2.0,5,-52.79,26.67,下行,293.67,12.02999999999997,12029.999999999969,,,,False
2025-11-22 09:13:01.376805,977.81,12.1099999999999,9441283.0,2.0,5,-49.4,26.79,下行,293.91,12.1099999999999,12109.9999999999,,,,False
2025-11-22 09:13:02.413386,977.9,12.19999999999993,9441283.0,2.0,5,-42.93,29.21,下行,294.0,12.19999999999993,12199.99999999993,,,,False
2025-11-22 09:13:03.465733,977.99,12.28999999999996,9441283.0,2.0,5,-44.13,27.77,下行,294.03,12.28999999999996,12289.99999999996,,,,False
2025-11-22 09:13:04.497038,978.08,12.38,9441283.0,2.0,5,-67.51,13.8,下行,294.01,12.38,12380.0,,,,False
2025-11-22 09:13:05.509919,978.16,12.45999999999992,9441283.0,2.0,5,-67.85,12.69,下行,294.23,12.45999999999992,12459.99999999992,,,,False
2025-11-22 09:13:06.555916,978.24,12.53999999999996,9441283.0,2.0,5,-68.63,8.23,下行,294.23,12.53999999999996,12539.99999999996,,,,False
2025-11-22 09:13:07.583902,978.33,12.63,9441283.0,2.0,5,-54.45,17.78,下行,294.38,12.63,12630.0,,,,False
2025-11-22 09:13:08.651884,978.41,12.70999999999992,9441283.0,2.0,5,-54.82,20.42,下行,294.38,12.70999999999992,12709.99999999992,,,,False
2025-11-22 09:13:09.669711,978.5,12.79999999999995,9441283.0,2.0,5,-57.04,20.35,下行,294.31,12.79999999999995,12799.999999999949,,,,False
2025-11-22 09:13:10.692053,978.58,12.88,9441283.0,2.0,5,-60.94,14.77,下行,294.23,12.88,12880.0,,,,False
2025-11-22 09:13:11.731524,978.66,12.95999999999992,9441283.0,2.0,5,-63.43,13.85,下行,294.24,12.95999999999992,12959.99999999992,,,,False
2025-11-22 09:13:12.762361,978.75,13.04999999999995,9441283.0,2.0,5,-67.01,11.97,下行,294.28,13.04999999999995,13049.999999999949,,,,False
2025-11-22 09:13:13.807247,978.83,13.13,9441283.0,2.0,5,-66.38,11.21,下行,294.5,13.13,13130.0,,,,False
2025-11-22 09:13:14.826337,978.92,13.21999999999991,9441283.0,2.0,5,-71.0,6.72,下行,294.62,13.21999999999991,13219.99999999991,,,,False
2025-11-22 09:13:15.849481,979.0,13.29999999999995,9441283.0,2.0,5,-69.72,12.23,下行,294.78,13.29999999999995,13299.999999999949,,,,False
2025-11-22 09:13:16.874931,979.08,13.38,9441283.0,2.0,5,-70.57,10.0,下行,294.7,13.38,13380.0,,,,False
2025-11-22 09:13:17.937654,979.17,13.46999999999991,9441283.0,2.0,5,-73.58,5.61,下行,294.55,13.46999999999991,13469.99999999991,,,,False
2025-11-22 09:13:18.954995,979.25,13.54999999999995,9441283.0,2.0,5,-76.46,3.17,下行,294.62,13.54999999999995,13549.999999999949,,,,False
2025-11-22 09:13:19.991547,979.34,13.63999999999999,9441283.0,2.0,5,-77.34,4.91,下行,294.54,13.63999999999999,13639.999999999989,,,,False
2025-11-22 09:13:21.007622,979.42,13.71999999999991,9441283.0,2.0,5,-77.6,4.77,下行,294.65,13.71999999999991,13719.99999999991,,,,False
2025-11-22 09:13:24.036116,979.67,13.96999999999991,9441283.0,3.0,6,-75.29,3.22,下行,294.84,13.96999999999991,13969.99999999991,,,,True
2025-11-22 09:13:25.337634,979.77,14.06999999999994,9441283.0,3.0,6,-72.45,4.99,下行,294.9,14.06999999999994,14069.99999999994,,,,False
2025-11-22 09:13:26.382054,979.86,14.15999999999997,9441283.0,3.0,6,-71.87,5.71,下行,294.91,14.15999999999997,14159.999999999969,,,,False
2025-11-22 09:13:27.401513,979.94,14.24000000000001,9441283.0,3.0,6,-68.79,8.23,下行,294.85,14.24000000000001,14240.000000000011,,,,False
2025-11-22 09:13:28.422458,980.02,14.31999999999994,9441283.0,3.0,6,-66.7,10.82,下行,294.88,14.31999999999994,14319.99999999994,,,,False
2025-11-22 09:13:29.470912,980.11,14.40999999999997,9441283.0,3.0,6,-66.22,11.47,下行,295.23,14.40999999999997,14409.999999999969,,,,False
2025-11-22 09:13:30.498409,980.2,14.5,9441283.0,3.0,6,-66.7,11.78,下行,295.25,14.5,14500.0,,,,False
2025-11-22 09:13:31.519446,980.29,14.58999999999992,9441283.0,3.0,6,-64.03,14.16,下行,295.43,14.58999999999992,14589.99999999992,,,,False
2025-11-22 09:13:32.548328,980.37,14.66999999999996,9441283.0,3.0,6,-60.3,19.32,下行,295.2,14.66999999999996,14669.99999999996,,,,False
2025-11-22 09:13:33.573309,980.45,14.75,9441283.0,3.0,6,-60.9,18.72,下行,295.33,14.75,14750.0,,,,False
2025-11-22 09:13:34.620570,980.54,14.83999999999992,9441283.0,3.0,6,-59.17,17.99,下行,295.28,14.83999999999992,14839.99999999992,,,,False
2025-11-22 09:13:35.645818,980.62,14.91999999999996,9441283.0,3.0,6,-55.26,23.92,下行,295.21,14.91999999999996,14919.99999999996,,,,False
2025-11-22 09:13:37.668548,980.79,15.08999999999992,9441283.0,3.0,6,-49.87,27.17,下行,295.3,15.08999999999992,15089.99999999992,,,,False
2025-11-22 09:13:38.692575,980.87,15.16999999999996,9441283.0,3.0,6,-45.76,29.58,下行,295.23,15.16999999999996,15169.99999999996,,,,False
2025-11-22 09:13:39.719024,980.95,15.25,9441283.0,3.0,6,-42.04,32.11,下行,295.36,15.25,15250.0,,,,False
2025-11-22 09:13:40.765664,981.04,15.33999999999992,9441283.0,3.0,6,-55.79,17.27,下行,295.35,15.33999999999992,15339.99999999992,,,,False
2025-11-22 09:13:41.789457,981.12,15.41999999999996,9441283.0,3.0,6,-64.2,17.13,下行,295.46,15.41999999999996,15419.99999999996,,,,False
2025-11-22 09:13:42.820049,981.21,15.50999999999999,9441283.0,3.0,6,-67.11,9.74,下行,295.55,15.50999999999999,15509.999999999989,,,,False
2025-11-22 09:13:43.846100,981.3,15.59999999999991,9441283.0,3.0,6,-63.8,10.75,下行,295.65,15.59999999999991,15599.99999999991,,,,False
2025-11-22 09:13:44.887940,981.38,15.67999999999995,9441283.0,3.0,6,-53.15,22.28,下行,295.42,15.67999999999995,15679.999999999949,,,,False
2025-11-22 09:13:45.925464,981.46,15.75999999999999,9441283.0,3.0,6,-53.56,23.54,下行,295.47,15.75999999999999,15759.999999999989,,,,False
2025-11-22 09:13:46.940729,981.55,15.84999999999991,9441283.0,3.0,6,-57.31,20.83,下行,295.55,15.84999999999991,15849.99999999991,,,,False
2025-11-22 09:13:47.962492,981.63,15.92999999999995,9441283.0,3.0,6,-58.7,16.3,下行,295.49,15.92999999999995,15929.999999999949,,,,False
2025-11-22 09:13:49.009448,981.72,16.01999999999998,9441283.0,3.0,6,-61.96,13.24,下行,295.58,16.01999999999998,16019.999999999978,,,,False
2025-11-22 09:13:50.063366,981.8,16.09999999999991,9441283.0,3.0,6,-67.03,10.48,下行,295.6,16.09999999999991,16099.999999999909,,,,False
2025-11-22 09:13:51.077556,981.88,16.17999999999995,9441283.0,3.0,6,-66.78,14.04,下行,295.64,16.17999999999995,16179.999999999949,,,,False
2025-11-22 09:13:52.091185,981.97,16.26999999999998,9441283.0,3.0,6,-71.89,6.89,下行,295.56,16.26999999999998,16269.999999999978,,,,False
2025-11-22 09:13:53.121111,982.05,16.34999999999991,9441283.0,3.0,6,-71.7,8.92,下行,295.69,16.34999999999991,16349.999999999909,,,,False
2025-11-22 09:13:54.162466,982.14,16.43999999999994,9441283.0,3.0,6,-72.99,9.25,下行,295.53,16.43999999999994,16439.99999999994,,,,False
2025-11-22 09:13:55.210316,982.23,16.52999999999997,9441283.0,3.0,6,-74.84,6.37,下行,295.57,16.52999999999997,16529.99999999997,,,,False
2025-11-22 09:13:56.224526,982.31,16.6099999999999,9441283.0,3.0,6,-76.39,4.08,下行,295.73,16.6099999999999,16609.999999999898,,,,False
2025-11-22 09:13:57.250681,982.4,16.69999999999993,9441283.0,3.0,6,-76.86,3.26,下行,295.49,16.69999999999993,16699.999999999927,,,,False
2025-11-22 09:13:58.277258,982.48,16.77999999999997,9441283.0,3.0,6,-75.39,6.24,下行,295.65,16.77999999999997,16779.99999999997,,,,False
2025-11-22 09:13:59.313128,982.57,16.87,9441283.0,3.0,6,-77.18,4.58,下行,295.62,16.87,16870.0,,,,False
2025-11-22 09:14:00.352115,982.65,16.94999999999993,9441283.0,3.0,6,-77.02,3.31,下行,295.63,16.94999999999993,16949.999999999927,,,,False
2025-11-22 09:14:01.383677,982.74,17.03999999999996,9441283.0,3.0,6,-77.73,4.68,下行,295.58,17.03999999999996,17039.99999999996,,,,False
2025-11-22 09:14:02.419114,982.82,17.12,9441283.0,3.0,6,-78.52,3.18,下行,295.44,17.12,17120.0,,,,False
2025-11-22 09:14:05.446230,983.07,17.37,9441283.0,3.0,6,-78.6,4.41,下行,295.6,17.37,17370.0,,,,False
2025-11-22 09:14:06.470323,983.15,17.44999999999993,9441283.0,4.0,7,-77.34,3.67,下行,295.58,17.44999999999993,17449.999999999927,,,,True
2025-11-22 09:14:07.749153,983.26,17.55999999999995,9441283.0,4.0,7,-74.38,4.61,下行,295.46,17.55999999999995,17559.99999999995,,,,False
2025-11-22 09:14:08.772069,983.34,17.63999999999999,9441283.0,4.0,7,-73.44,6.85,下行,295.69,17.63999999999999,17639.99999999999,,,,False
2025-11-22 09:14:09.796298,983.42,17.71999999999991,9441283.0,4.0,7,-70.33,8.83,下行,295.51,17.71999999999991,17719.99999999991,,,,False
2025-11-22 09:14:10.848165,983.51,17.80999999999995,9441283.0,4.0,7,-70.33,8.4,下行,295.63,17.80999999999995,17809.99999999995,,,,False
2025-11-22 09:14:11.860117,983.59,17.88999999999999,9441283.0,4.0,7,-67.03,11.36,下行,295.44,17.88999999999999,17889.99999999999,,,,False
2025-11-22 09:14:12.881124,983.68,17.9799999999999,9441283.0,4.0,7,-63.88,19.27,下行,295.55,17.9799999999999,17979.9999999999,,,,False
2025-11-22 09:14:13.908100,983.76,18.05999999999995,9441283.0,4.0,7,-61.51,19.7,下行,295.43,18.05999999999995,18059.99999999995,,,,False
2025-11-22 09:14:14.933483,983.85,18.14999999999998,9441283.0,4.0,7,-56.11,24.21,下行,295.65,18.14999999999998,18149.99999999998,,,,False
2025-11-22 09:14:15.987628,983.94,18.24000000000001,9441283.0,4.0,7,-49.97,26.06,下行,295.65,18.24000000000001,18240.000000000007,,,,False
2025-11-22 09:14:17.006818,984.02,18.31999999999994,9441283.0,4.0,7,-45.52,29.13,下行,295.58,18.31999999999994,18319.999999999938,,,,False
2025-11-22 09:14:18.043572,984.1,18.39999999999998,9441283.0,4.0,7,-45.19,29.62,下行,295.77,18.39999999999998,18399.99999999998,,,,False
2025-11-22 09:14:19.061648,984.18,18.4799999999999,9441283.0,4.0,7,-63.39,18.46,下行,295.67,18.4799999999999,18479.9999999999,,,,False
2025-11-22 09:14:20.088891,984.27,18.56999999999994,9441283.0,4.0,7,-68.45,10.18,下行,295.43,18.56999999999994,18569.999999999938,,,,False
2025-11-22 09:14:21.144010,984.35,18.64999999999998,9441283.0,4.0,7,-67.38,9.6,下行,295.41,18.64999999999998,18649.99999999998,,,,False
2025-11-22 09:14:22.161162,984.44,18.74000000000001,9441283.0,4.0,7,-56.45,18.92,下行,295.33,18.74000000000001,18740.000000000007,,,,False
2025-11-22 09:14:23.195601,984.52,18.81999999999994,9441283.0,4.0,7,-57.9,16.96,下行,295.17,18.81999999999994,18819.999999999938,,,,False
2025-11-22 09:14:24.216256,984.61,18.90999999999997,9441283.0,4.0,7,-58.93,17.99,下行,294.96,18.90999999999997,18909.99999999997,,,,False
2025-11-22 09:14:25.241689,984.7,19.0,9441283.0,4.0,7,-61.74,15.01,下行,295.2,19.0,19000.0,,,,False
2025-11-22 09:14:26.301294,984.78,19.07999999999993,9441283.0,4.0,7,-63.54,18.36,下行,295.17,19.07999999999993,19079.99999999993,,,,False
2025-11-22 09:14:27.322574,984.87,19.16999999999996,9441283.0,4.0,7,-65.77,15.29,下行,295.23,19.16999999999996,19169.99999999996,,,,False
2025-11-22 09:14:28.358224,984.95,19.25,9441283.0,4.0,7,-67.58,12.09,下行,295.07,19.25,19250.0,,,,False
2025-11-22 09:14:30.379420,985.11,19.40999999999997,9441283.0,4.0,7,-69.13,10.24,下行,295.3,19.40999999999997,19409.99999999997,,,,False
2025-11-22 09:14:31.421300,985.2,19.5,9441283.0,4.0,7,-70.77,11.15,下行,295.23,19.5,19500.0,,,,False
2025-11-22 09:14:32.459388,985.28,19.57999999999993,9441283.0,4.0,7,-71.34,10.9,下行,295.34,19.57999999999993,19579.99999999993,,,,False
2025-11-22 09:14:33.482256,985.36,19.65999999999997,9441283.0,4.0,7,-75.13,5.69,下行,295.12,19.65999999999997,19659.99999999997,,,,False
2025-11-22 09:14:34.512315,985.45,19.75,9441283.0,4.0,7,-75.41,4.87,下行,295.24,19.75,19750.0,,,,False
2025-11-22 09:14:35.546967,985.53,19.82999999999993,9441283.0,4.0,7,-76.35,7.15,下行,295.24,19.82999999999993,19829.99999999993,,,,False
2025-11-22 09:14:38.602509,985.79,20.08999999999992,9441283.0,4.0,7,-77.58,4.56,下行,295.61,20.08999999999992,20089.99999999992,,,,False
2025-11-22 09:14:39.627390,985.87,20.16999999999996,9441283.0,5.0,7,-76.6,4.31,下行,295.6,20.16999999999996,20169.99999999996,,,,False
2025-11-22 09:14:40.885968,985.98,20.27999999999997,9441283.0,5.0,8,-76.74,3.93,下行,295.79,20.27999999999997,20279.99999999997,,,,True
2025-11-22 09:14:41.918170,986.06,20.3599999999999,9441283.0,5.0,8,-77.32,5.11,下行,295.64,20.3599999999999,20359.999999999898,,,,False
2025-11-22 09:14:42.942089,986.14,20.43999999999994,9441283.0,5.0,8,-76.51,4.63,下行,295.44,20.43999999999994,20439.99999999994,,,,False
2025-11-22 09:14:43.964842,986.23,20.52999999999997,9441283.0,5.0,8,-72.37,8.89,下行,295.49,20.52999999999997,20529.99999999997,,,,False
2025-11-22 09:14:44.991509,986.31,20.6099999999999,9441283.0,5.0,8,-71.64,10.36,下行,295.56,20.6099999999999,20609.999999999898,,,,False
2025-11-22 09:14:46.043476,986.4,20.69999999999993,9441283.0,5.0,8,-72.7,9.7,下行,295.61,20.69999999999993,20699.999999999927,,,,False
2025-11-22 09:14:47.063422,986.48,20.77999999999997,9441283.0,5.0,8,-68.3,11.16,下行,295.51,20.77999999999997,20779.99999999997,,,,False
2025-11-22 09:14:48.090212,986.56,20.8599999999999,9441283.0,5.0,8,-65.95,13.86,下行,295.64,20.8599999999999,20859.999999999898,,,,False
2025-11-22 09:14:49.121488,986.65,20.94999999999993,9441283.0,5.0,8,-64.91,13.4,下行,295.61,20.94999999999993,20949.999999999927,,,,False
2025-11-22 09:14:50.157360,986.73,21.02999999999997,9441283.0,5.0,8,-63.69,14.85,下行,295.66,21.02999999999997,21029.99999999997,,,,False
2025-11-22 09:14:51.200898,986.82,21.12,9441283.0,5.0,8,-61.8,19.3,下行,295.68,21.12,21120.0,,,,False
2025-11-22 09:14:52.228673,986.91,21.20999999999992,9441283.0,5.0,8,-58.45,22.9,下行,295.61,21.20999999999992,21209.99999999992,,,,False
2025-11-22 09:14:53.252140,986.99,21.28999999999996,9441283.0,5.0,8,-54.04,23.49,下行,295.68,21.28999999999996,21289.99999999996,,,,False
2025-11-22 09:14:54.273758,987.08,21.38,9441283.0,5.0,8,-49.59,28.12,下行,295.54,21.38,21380.0,,,,False
2025-11-22 09:14:55.304784,987.16,21.45999999999992,9441283.0,5.0,8,-42.56,30.79,下行,295.53,21.45999999999992,21459.99999999992,,,,False
2025-11-22 09:14:56.362099,987.25,21.54999999999995,9441283.0,5.0,8,-41.17,30.98,下行,295.69,21.54999999999995,21549.999999999953,,,,False
2025-11-22 09:14:57.376118,987.33,21.63,9441283.0,5.0,8,-60.57,18.64,下行,295.56,21.63,21630.0,,,,False
2025-11-22 09:14:58.404829,987.41,21.70999999999992,9441283.0,5.0,8,-64.27,12.14,下行,295.57,21.70999999999992,21709.99999999992,,,,False
2025-11-22 09:14:59.446822,987.5,21.79999999999995,9441283.0,5.0,8,-56.43,13.14,下行,295.55,21.79999999999995,21799.999999999953,,,,False
2025-11-22 09:15:00.462901,987.58,21.88,9441283.0,5.0,8,-50.15,19.93,下行,295.72,21.88,21880.0,,,,False
2025-11-22 09:15:01.514639,987.67,21.96999999999991,9441283.0,5.0,8,-53.14,18.37,下行,295.48,21.96999999999991,21969.99999999991,,,,False
2025-11-22 09:15:02.534144,987.75,22.04999999999995,9441283.0,5.0,8,-57.21,16.31,下行,295.65,22.04999999999995,22049.999999999953,,,,False
2025-11-22 09:15:03.573300,987.84,22.13999999999999,9441283.0,5.0,8,-61.06,14.76,下行,295.53,22.13999999999999,22139.99999999999,,,,False
2025-11-22 09:15:04.589596,987.92,22.21999999999991,9441283.0,5.0,8,-65.14,12.94,下行,295.6,22.21999999999991,22219.99999999991,,,,False
2025-11-22 09:15:05.643236,988.01,22.30999999999995,9441283.0,5.0,8,-68.55,9.34,下行,295.52,22.30999999999995,22309.99999999995,,,,False
2025-11-22 09:15:06.674875,988.09,22.38999999999999,9441283.0,5.0,8,-69.77,9.16,下行,295.67,22.38999999999999,22389.99999999999,,,,False
2025-11-22 09:15:07.700491,988.18,22.4799999999999,9441283.0,5.0,8,-71.07,9.57,下行,295.61,22.4799999999999,22479.9999999999,,,,False
2025-11-22 09:15:08.730596,988.26,22.55999999999995,9441283.0,5.0,8,-72.88,5.94,下行,295.49,22.55999999999995,22559.99999999995,,,,False
2025-11-22 09:15:09.757312,988.34,22.63999999999999,9441283.0,5.0,8,-78.07,4.53,下行,295.83,22.63999999999999,22639.99999999999,,,,False
2025-11-22 09:15:11.820557,988.51,22.80999999999995,9441283.0,5.0,8,-76.68,4.78,下行,295.84,22.80999999999995,22809.99999999995,,,,False
2025-11-22 09:15:13.861033,988.68,22.9799999999999,9441283.0,6.0,9,-78.23,1.82,下行,295.89,22.9799999999999,22979.9999999999,,,,True
2025-11-22 09:15:15.131694,988.78,23.07999999999993,9441283.0,6.0,9,-78.89,0.24,下行,295.67,23.07999999999993,23079.99999999993,,,,False
2025-11-22 09:15:16.148536,988.87,23.16999999999996,9441283.0,6.0,9,-75.85,4.73,下行,295.75,23.16999999999996,23169.99999999996,,,,False
2025-11-22 09:15:17.178026,988.96,23.25999999999999,9441283.0,6.0,9,-73.26,8.18,下行,295.56,23.25999999999999,23259.999999999993,,,,False
2025-11-22 09:15:18.199566,989.04,23.33999999999992,9441283.0,6.0,9,-71.39,9.53,下行,295.61,23.33999999999992,23339.99999999992,,,,False
2025-11-22 09:15:19.233715,989.13,23.42999999999995,9441283.0,6.0,9,-71.86,9.38,下行,295.53,23.42999999999995,23429.99999999995,,,,False
2025-11-22 09:15:20.291249,989.21,23.50999999999999,9441283.0,6.0,9,-72.88,10.36,下行,295.55,23.50999999999999,23509.999999999993,,,,False
2025-11-22 09:15:21.298995,989.3,23.59999999999991,9441283.0,6.0,9,-69.64,11.72,下行,295.34,23.59999999999991,23599.99999999991,,,,False
2025-11-22 09:15:22.323124,989.38,23.67999999999995,9441283.0,6.0,9,-67.51,13.94,下行,295.18,23.67999999999995,23679.99999999995,,,,False
2025-11-22 09:15:23.354912,989.46,23.75999999999999,9441283.0,6.0,9,-67.81,12.83,下行,294.73,23.75999999999999,23759.999999999993,,,,False
2025-11-22 09:15:24.391393,989.55,23.84999999999991,9441283.0,6.0,9,-66.5,13.97,下行,294.57,23.84999999999991,23849.99999999991,,,,False
2025-11-22 09:15:25.418300,989.63,23.92999999999995,9441283.0,6.0,9,-65.88,13.84,下行,294.46,23.92999999999995,23929.99999999995,,,,False
2025-11-22 09:15:27.447404,989.8,24.09999999999991,9441283.0,6.0,9,-65.58,15.45,下行,294.43,24.09999999999991,24099.99999999991,,,,False
2025-11-22 09:15:28.476856,989.88,24.17999999999995,9441283.0,6.0,9,-62.67,15.62,下行,294.29,24.17999999999995,24179.99999999995,,,,False
2025-11-22 09:15:29.520797,989.96,24.25999999999999,9441283.0,6.0,9,-60.92,19.02,下行,294.35,24.25999999999999,24259.999999999993,,,,False
2025-11-22 09:15:30.558565,990.05,24.34999999999991,9441283.0,6.0,9,-59.79,17.12,下行,294.61,24.34999999999991,24349.99999999991,,,,False
2025-11-22 09:15:31.588712,990.13,24.42999999999995,9441283.0,6.0,9,-57.17,25.65,下行,294.67,24.42999999999995,24429.99999999995,,,,False
2025-11-22 09:15:32.608554,990.22,24.51999999999998,9441283.0,6.0,9,-50.24,27.12,下行,294.84,24.51999999999998,24519.999999999978,,,,False
2025-11-22 09:15:33.638386,990.3,24.59999999999991,9441283.0,6.0,9,-44.54,30.49,下行,295.35,24.59999999999991,24599.99999999991,,,,False
2025-11-22 09:15:34.673725,990.38,24.67999999999995,9441283.0,6.0,9,-43.2,29.97,下行,295.47,24.67999999999995,24679.99999999995,,,,False
2025-11-22 09:15:35.718029,990.47,24.76999999999998,9441283.0,6.0,9,-58.94,14.73,下行,295.7,24.76999999999998,24769.999999999978,,,,False
2025-11-22 09:15:36.746074,990.56,24.8599999999999,9441283.0,6.0,9,-65.43,10.72,下行,295.93,24.8599999999999,24859.999999999898,,,,False
2025-11-22 09:15:37.770694,990.65,24.94999999999993,9441283.0,6.0,9,-53.45,14.24,下行,296.04,24.94999999999993,24949.999999999927,,,,False
2025-11-22 09:15:38.795288,990.73,25.02999999999997,9441283.0,6.0,9,-52.38,18.6,下行,296.18,25.02999999999997,25029.99999999997,,,,False
2025-11-22 09:15:39.821550,990.81,25.1099999999999,9441283.0,6.0,9,-55.47,17.84,下行,295.95,25.1099999999999,25109.999999999898,,,,False
2025-11-22 09:15:40.876566,990.9,25.19999999999993,9441283.0,6.0,9,-58.98,16.33,下行,295.95,25.19999999999993,25199.999999999927,,,,False
2025-11-22 09:15:41.893428,990.98,25.27999999999997,9441283.0,6.0,9,-62.65,13.08,下行,296.0,25.27999999999997,25279.99999999997,,,,False
2025-11-22 09:15:42.922426,991.06,25.3599999999999,9441283.0,6.0,9,-65.32,12.24,下行,295.82,25.3599999999999,25359.999999999898,,,,False
2025-11-22 09:15:43.949049,991.15,25.44999999999993,9441283.0,6.0,9,-66.9,9.64,下行,295.67,25.44999999999993,25449.999999999927,,,,False
2025-11-22 09:15:45.001455,991.23,25.52999999999997,9441283.0,6.0,9,-69.65,6.07,下行,295.74,25.52999999999997,25529.99999999997,,,,False
2025-11-22 09:15:46.025407,991.32,25.62,9441283.0,6.0,9,-70.26,4.08,下行,295.52,25.62,25620.0,,,,False
2025-11-22 09:15:47.053644,991.41,25.70999999999992,9441283.0,6.0,9,-72.4,2.41,下行,295.65,25.70999999999992,25709.99999999992,,,,False
2025-11-22 09:15:48.072173,991.49,25.78999999999996,9441283.0,6.0,9,-71.24,5.61,下行,295.18,25.78999999999996,25789.99999999996,,,,False
2025-11-22 09:15:51.101008,991.74,26.03999999999996,9441285.0,1.0,10,-78.44,-1.9,下行,294.11,26.03999999999996,26039.99999999996,,,,True
2025-11-22 09:15:52.373702,991.84,26.13999999999999,9441285.0,1.0,10,-73.47,1.8,下行,293.78,26.13999999999999,26139.99999999999,,,,False
2025-11-22 09:15:53.414388,991.93,26.2299999999999,9441285.0,1.0,10,-72.34,6.4,下行,293.27,26.2299999999999,26229.9999999999,,,,False
2025-11-22 09:15:54.434918,992.01,26.30999999999995,9441285.0,1.0,10,-74.34,5.32,下行,292.84,26.30999999999995,26309.99999999995,,,,False
2025-11-22 09:15:55.473955,992.09,26.38999999999999,9441285.0,1.0,10,-71.9,5.85,下行,292.52,26.38999999999999,26389.99999999999,,,,False
2025-11-22 09:15:56.513245,992.18,26.4799999999999,9441285.0,1.0,10,-72.45,8.08,下行,291.96,26.4799999999999,26479.9999999999,,,,False
2025-11-22 09:15:57.536231,992.26,26.55999999999995,9441285.0,1.0,10,-68.1,10.39,下行,291.81,26.55999999999995,26559.99999999995,,,,False
2025-11-22 09:15:58.573200,992.35,26.64999999999998,9441285.0,1.0,10,-67.34,10.03,下行,291.17,26.64999999999998,26649.99999999998,,,,False
2025-11-22 09:15:59.594991,992.43,26.7299999999999,9441285.0,1.0,10,-67.22,10.04,下行,290.74,26.7299999999999,26729.9999999999,,,,False
2025-11-22 09:16:00.616295,992.51,26.80999999999995,9441285.0,1.0,10,-64.49,11.76,下行,290.15,26.80999999999995,26809.99999999995,,,,False
2025-11-22 09:16:01.669352,992.6,26.89999999999998,9441285.0,1.0,10,-61.96,13.9,下行,289.8,26.89999999999998,26899.99999999998,,,,False
2025-11-22 09:16:02.688912,992.68,26.9799999999999,9441285.0,1.0,10,-60.44,15.47,下行,289.4,26.9799999999999,26979.9999999999,,,,False
2025-11-22 09:16:03.709818,992.76,27.05999999999995,9441285.0,1.0,10,-58.93,20.48,下行,289.02,27.05999999999995,27059.99999999995,,,,False
2025-11-22 09:16:04.746171,992.84,27.13999999999999,9441285.0,1.0,10,-58.51,21.85,下行,288.6,27.13999999999999,27139.99999999999,,,,False
2025-11-22 09:16:05.800176,992.92,27.21999999999991,9441285.0,1.0,10,-55.16,24.93,下行,288.44,27.21999999999991,27219.99999999991,,,,False
2025-11-22 09:16:07.827612,993.09,27.38999999999999,9441285.0,1.0,10,-50.91,26.06,下行,289.43,27.38999999999999,27389.99999999999,,,,False
2025-11-22 09:16:08.848703,993.17,27.46999999999991,9441285.0,1.0,10,-47.33,25.66,下行,290.01,27.46999999999991,27469.99999999991,,,,False
2025-11-22 09:16:09.885838,993.25,27.54999999999995,9441285.0,1.0,10,-44.61,28.11,下行,290.69,27.54999999999995,27549.999999999953,,,,False
2025-11-22 09:16:10.891268,993.34,27.63999999999999,9441285.0,1.0,10,-48.68,24.34,下行,291.34,27.63999999999999,27639.99999999999,,,,False
2025-11-22 09:16:11.943347,993.42,27.71999999999991,9441285.0,1.0,10,-64.64,11.12,下行,291.57,27.71999999999991,27719.99999999991,,,,False
2025-11-22 09:16:12.964579,993.5,27.79999999999995,9441285.0,1.0,10,-61.88,15.1,下行,292.09,27.79999999999995,27799.999999999953,,,,False
2025-11-22 09:16:13.985642,993.59,27.88999999999999,9441285.0,1.0,10,-61.57,12.21,下行,292.17,27.88999999999999,27889.99999999999,,,,False
2025-11-22 09:16:15.023621,993.67,27.96999999999991,9441285.0,1.0,10,-50.9,19.31,下行,292.66,27.96999999999991,27969.99999999991,,,,False
2025-11-22 09:16:16.045050,993.75,28.04999999999995,9441285.0,1.0,10,-53.41,14.46,下行,292.81,28.04999999999995,28049.999999999953,,,,False
2025-11-22 09:16:17.097001,993.84,28.13999999999999,9441285.0,1.0,10,-57.39,16.57,下行,293.08,28.13999999999999,28139.99999999999,,,,False
2025-11-22 09:16:18.119349,993.92,28.21999999999991,9441285.0,1.0,10,-60.28,14.98,下行,293.26,28.21999999999991,28219.99999999991,,,,False
2025-11-22 09:16:19.140709,994.01,28.30999999999995,9441285.0,1.0,10,-64.22,12.3,下行,293.43,28.30999999999995,28309.99999999995,,,,False
2025-11-22 09:16:20.161536,994.09,28.38999999999999,9441285.0,1.0,10,-66.01,9.55,下行,293.64,28.38999999999999,28389.99999999999,,,,False
2025-11-22 09:16:21.197658,994.17,28.46999999999991,9441285.0,1.0,10,-67.51,5.92,下行,293.51,28.46999999999991,28469.99999999991,,,,False
2025-11-22 09:16:22.234690,994.26,28.55999999999995,9441285.0,1.0,10,-70.3,5.19,下行,293.52,28.55999999999995,28559.99999999995,,,,False
2025-11-22 09:16:24.259934,994.42,28.71999999999991,9441285.0,1.0,10,-70.71,4.71,下行,293.56,28.71999999999991,28719.99999999991,,,,False
2025-11-22 09:16:25.311423,994.51,28.80999999999995,9441285.0,1.0,10,-72.36,3.91,下行,293.67,28.80999999999995,28809.99999999995,,,,False
2025-11-22 09:16:26.348433,994.59,28.88999999999999,9441285.0,2.0,11,-73.19,0.57,下行,293.98,28.88999999999999,28889.99999999999,,,,True
2025-11-22 09:16:27.605364,994.7,29.0,9441285.0,2.0,11,-73.92,0.15,下行,294.33,29.0,29000.0,,,,False
2025-11-22 09:16:28.659197,994.78,29.07999999999993,9441285.0,2.0,11,-73.48,1.86,下行,294.33,29.07999999999993,29079.99999999993,,,,False
2025-11-22 09:16:29.679942,994.86,29.15999999999997,9441285.0,2.0,11,-75.13,1.03,下行,294.26,29.15999999999997,29159.99999999997,,,,False
2025-11-22 09:16:30.701749,994.95,29.25,9441285.0,2.0,11,-74.93,2.65,下行,294.3,29.25,29250.0,,,,False
2025-11-22 09:16:31.740263,995.03,29.32999999999993,9441285.0,2.0,11,-74.01,1.96,下行,294.44,29.32999999999993,29329.99999999993,,,,False
2025-11-22 09:16:32.779255,995.12,29.41999999999996,9441285.0,2.0,11,-73.49,0.75,下行,294.56,29.41999999999996,29419.99999999996,,,,False
2025-11-22 09:16:33.817401,995.2,29.5,9441285.0,2.0,11,-71.51,2.77,下行,294.78,29.5,29500.0,,,,False
2025-11-22 09:16:34.855169,995.29,29.58999999999992,9441285.0,2.0,11,-68.97,5.31,下行,294.95,29.58999999999992,29589.99999999992,,,,False
2025-11-22 09:16:35.876055,995.38,29.67999999999995,9441285.0,2.0,11,-69.95,5.31,下行,295.04,29.67999999999995,29679.99999999995,,,,False
2025-11-22 09:16:36.913258,995.46,29.75999999999999,9441285.0,2.0,11,-67.09,10.02,下行,295.25,29.75999999999999,29759.999999999993,,,,False
2025-11-22 09:16:37.950054,995.55,29.84999999999991,9441285.0,2.0,11,-65.62,9.03,下行,295.22,29.84999999999991,29849.99999999991,,,,False
2025-11-22 09:16:38.971400,995.63,29.92999999999995,9441285.0,2.0,11,-64.24,9.05,下行,295.2,29.92999999999995,29929.99999999995,,,,False
2025-11-22 09:16:40.008047,995.71,30.00999999999999,9441285.0,2.0,11,-62.4,12.51,下行,295.18,30.00999999999999,30009.999999999993,,,,False
2025-11-22 09:16:41.028292,995.8,30.09999999999991,9441285.0,2.0,11,-58.88,17.87,下行,295.05,30.09999999999991,30099.99999999991,,,,False
2025-11-22 09:16:42.069933,995.88,30.17999999999995,9441285.0,2.0,11,-54.78,21.47,下行,295.08,30.17999999999995,30179.99999999995,,,,False
2025-11-22 09:16:43.117486,995.97,30.26999999999998,9441285.0,2.0,11,-50.3,22.46,下行,295.11,30.26999999999998,30269.999999999978,,,,False
2025-11-22 09:16:44.139490,996.05,30.34999999999991,9441285.0,2.0,11,-46.59,26.46,下行,295.09,30.34999999999991,30349.99999999991,,,,False
2025-11-22 09:16:45.159673,996.13,30.42999999999995,9441285.0,2.0,11,-42.1,28.36,下行,295.2,30.42999999999995,30429.99999999995,,,,False
2025-11-22 09:16:46.195809,996.22,30.51999999999998,9441285.0,2.0,11,-41.65,27.69,下行,295.37,30.51999999999998,30519.999999999978,,,,False
2025-11-22 09:16:47.216311,996.3,30.59999999999991,9441285.0,2.0,11,-66.45,9.81,下行,295.29,30.59999999999991,30599.99999999991,,,,False
2025-11-22 09:16:48.269136,996.39,30.68999999999994,9441285.0,2.0,11,-63.4,11.17,下行,295.09,30.68999999999994,30689.99999999994,,,,False
2025-11-22 09:16:49.306058,996.48,30.77999999999997,9441285.0,2.0,11,-53.86,12.57,下行,295.51,30.77999999999997,30779.99999999997,,,,False
2025-11-22 09:16:50.327494,996.56,30.8599999999999,9441285.0,2.0,11,-50.51,17.66,下行,295.47,30.8599999999999,30859.999999999898,,,,False
2025-11-22 09:16:51.348782,996.64,30.93999999999994,9441285.0,2.0,11,-55.55,14.36,下行,295.51,30.93999999999994,30939.99999999994,,,,False
2025-11-22 09:16:52.369360,996.73,31.02999999999997,9441285.0,2.0,11,-58.56,13.87,下行,295.62,31.02999999999997,31029.99999999997,,,,False
2025-11-22 09:16:53.425399,996.81,31.1099999999999,9441285.0,2.0,11,-64.42,7.62,下行,295.59,31.1099999999999,31109.999999999898,,,,False
2025-11-22 09:16:54.445801,996.9,31.19999999999993,9441285.0,2.0,11,-67.73,6.98,下行,295.61,31.19999999999993,31199.999999999927,,,,False
2025-11-22 09:16:55.467479,996.98,31.27999999999997,9441285.0,2.0,11,-71.47,6.24,下行,295.64,31.27999999999997,31279.99999999997,,,,False
2025-11-22 09:16:58.503909,997.23,31.52999999999997,9441285.0,3.0,12,-67.48,6.14,下行,295.65,31.52999999999997,31529.99999999997,,,,True
2025-11-22 09:16:59.778098,997.33,31.63,9441285.0,3.0,12,-70.16,5.44,下行,295.72,31.63,31630.0,,,,False
2025-11-22 09:17:00.784944,997.42,31.71999999999991,9441285.0,3.0,12,-74.9,2.49,下行,295.52,31.71999999999991,31719.99999999991,,,,False
2025-11-22 09:17:01.821341,997.51,31.80999999999995,9441285.0,3.0,12,-75.22,3.14,下行,295.16,31.80999999999995,31809.99999999995,,,,False
2025-11-22 09:17:02.858964,997.59,31.88999999999999,9441285.0,3.0,12,-75.13,6.14,下行,295.29,31.88999999999999,31889.99999999999,,,,False
2025-11-22 09:17:03.880482,997.67,31.96999999999991,9441285.0,3.0,12,-74.09,6.88,下行,295.1,31.96999999999991,31969.99999999991,,,,False
2025-11-22 09:17:04.918695,997.76,32.05999999999995,9441285.0,3.0,12,-72.08,8.63,下行,295.01,32.05999999999995,32059.999999999953,,,,False
2025-11-22 09:17:05.940283,997.84,32.13999999999999,9441285.0,3.0,12,-72.08,10.83,下行,295.3,32.13999999999999,32139.999999999993,,,,False
2025-11-22 09:17:06.962529,997.92,32.21999999999991,9441285.0,3.0,12,-69.77,12.03,下行,295.21,32.21999999999991,32219.999999999905,,,,False
2025-11-22 09:17:08.027651,998.01,32.30999999999995,9441285.0,3.0,12,-68.5,13.67,下行,295.45,32.30999999999995,32309.999999999953,,,,False
2025-11-22 09:17:09.051814,998.09,32.38999999999999,9441285.0,3.0,12,-66.24,18.19,下行,295.41,32.38999999999999,32389.999999999993,,,,False
2025-11-22 09:17:10.072396,998.18,32.4799999999999,9441285.0,3.0,12,-67.98,14.03,下行,295.34,32.4799999999999,32479.999999999898,,,,False
2025-11-22 09:17:11.108177,998.26,32.55999999999995,9441285.0,3.0,12,-63.88,17.39,下行,295.15,32.55999999999995,32559.999999999953,,,,False
2025-11-22 09:17:12.145744,998.34,32.63999999999999,9441285.0,3.0,12,-63.37,23.46,下行,295.06,32.63999999999999,32639.999999999993,,,,False
2025-11-22 09:17:13.182897,998.44,32.74000000000001,9441285.0,3.0,12,-62.28,21.76,下行,294.77,32.74000000000001,32740.000000000007,,,,False
2025-11-22 09:17:14.221194,998.52,32.81999999999994,9441285.0,3.0,12,-60.23,22.05,下行,294.74,32.81999999999994,32819.99999999994,,,,False
2025-11-22 09:17:15.244718,998.61,32.90999999999997,9441285.0,3.0,12,-58.15,25.78,下行,294.83,32.90999999999997,32909.99999999997,,,,False
2025-11-22 09:17:17.271553,998.77,33.06999999999994,9441285.0,3.0,12,-58.21,24.18,下行,295.14,33.06999999999994,33069.99999999994,,,,False
2025-11-22 09:17:18.295436,998.85,33.14999999999998,9441285.0,3.0,12,-56.09,24.88,下行,295.04,33.14999999999998,33149.99999999998,,,,False
2025-11-22 09:17:19.362242,998.94,33.24000000000001,9441285.0,3.0,12,-51.25,27.46,下行,295.13,33.24000000000001,33240.00000000001,,,,False
2025-11-22 09:17:20.383689,999.02,33.31999999999994,9441285.0,3.0,12,-47.56,28.58,下行,295.07,33.31999999999994,33319.99999999994,,,,False
2025-11-22 09:17:21.404850,999.11,33.40999999999997,9441285.0,3.0,12,-47.06,27.59,下行,295.11,33.40999999999997,33409.99999999997,,,,False
2025-11-22 09:17:22.441607,999.19,33.49000000000001,9441285.0,3.0,12,-55.34,22.2,下行,295.32,33.49000000000001,33490.00000000001,,,,False
2025-11-22 09:17:23.495184,999.28,33.57999999999993,9441285.0,3.0,12,-66.61,12.63,下行,295.57,33.57999999999993,33579.99999999993,,,,False
2025-11-22 09:17:24.516967,999.36,33.65999999999997,9441285.0,3.0,12,-57.25,16.85,下行,295.83,33.65999999999997,33659.99999999997,,,,False
2025-11-22 09:17:25.538310,999.45,33.75,9441285.0,3.0,12,-47.94,22.19,下行,296.0,33.75,33750.0,,,,False
2025-11-22 09:17:26.578516,999.54,33.83999999999992,9441285.0,3.0,12,-53.1,21.45,下行,296.39,33.83999999999992,33839.99999999992,,,,False
2025-11-22 09:17:27.598935,999.62,33.91999999999996,9441285.0,3.0,12,-59.5,17.89,下行,296.28,33.91999999999996,33919.999999999956,,,,False
2025-11-22 09:17:28.638573,999.7,34.0,9441285.0,3.0,12,-62.38,17.23,下行,296.46,34.0,34000.0,,,,False
2025-11-22 09:17:29.677107,999.79,34.08999999999992,9441285.0,3.0,12,-64.73,13.4,下行,296.23,34.08999999999992,34089.99999999992,,,,False
2025-11-22 09:17:30.698064,999.87,34.16999999999996,9441285.0,3.0,12,-68.34,11.49,下行,296.15,34.16999999999996,34169.999999999956,,,,False
2025-11-22 09:17:31.735647,999.95,34.25,9441285.0,3.0,12,-69.26,8.07,下行,296.15,34.25,34250.0,,,,False
2025-11-22 09:17:33.762909,1000.12,34.41999999999996,9441285.0,3.0,12,-71.74,7.67,下行,295.91,34.41999999999996,34419.999999999956,,,,False
2025-11-22 09:17:34.785041,1000.21,34.50999999999999,9441285.0,3.0,12,-75.58,7.11,下行,295.91,34.50999999999999,34509.99999999999,,,,False
2025-11-22 09:17:36.828447,1000.38,34.67999999999995,9441285.0,3.0,12,-78.86,6.0,下行,295.43,34.67999999999995,34679.99999999995,,,,False
2025-11-22 09:17:37.852049,1000.46,34.75999999999999,9441285.0,3.0,12,-77.28,7.97,下行,295.06,34.75999999999999,34759.99999999999,,,,False
2025-11-22 09:17:38.894132,1000.54,34.83999999999992,9441285.0,3.0,12,-78.49,3.77,下行,295.03,34.83999999999992,34839.99999999992,,,,False
2025-11-22 09:17:39.942030,1000.63,34.92999999999995,9441285.0,4.0,13,-79.27,3.72,下行,295.1,34.92999999999995,34929.99999999995,,,,True
2025-11-22 09:17:41.231750,1000.74,35.03999999999996,9441285.0,4.0,13,-79.75,2.76,下行,295.25,35.03999999999996,35039.999999999956,,,,False
2025-11-22 09:17:42.254485,1000.82,35.12,9441285.0,4.0,13,-78.22,4.57,下行,295.31,35.12,35120.0,,,,False
2025-11-22 09:17:44.279930,1000.98,35.27999999999997,9441285.0,4.0,13,-77.5,7.36,下行,295.36,35.27999999999997,35279.99999999997,,,,False
2025-11-22 09:17:45.306960,1001.07,35.37,9441285.0,4.0,13,-74.67,9.32,下行,295.35,35.37,35370.0,,,,False
2025-11-22 09:17:46.355493,1001.15,35.44999999999993,9441285.0,4.0,13,-72.54,8.29,下行,295.33,35.44999999999993,35449.999999999935,,,,False
2025-11-22 09:17:48.398558,1001.33,35.63,9441285.0,4.0,13,-72.94,9.45,下行,295.37,35.63,35630.0,,,,False
2025-11-22 09:17:49.418851,1001.41,35.70999999999992,9441285.0,4.0,13,-68.98,17.9,下行,295.56,35.70999999999992,35709.99999999992,,,,False
2025-11-22 09:17:51.430610,1001.57,35.87,9441285.0,4.0,13,-66.05,21.89,下行,295.42,35.87,35870.0,,,,False
2025-11-22 09:17:52.498030,1001.66,35.95999999999992,9441285.0,4.0,13,-67.42,18.58,下行,295.15,35.95999999999992,35959.99999999992,,,,False
2025-11-22 09:17:53.504696,1001.74,36.03999999999996,9441285.0,4.0,13,-68.02,19.85,下行,295.09,36.03999999999996,36039.999999999956,,,,False
2025-11-22 09:17:54.542279,1001.83,36.13,9441285.0,4.0,13,-66.22,23.51,下行,295.08,36.13,36130.0,,,,False
2025-11-22 09:17:55.594493,1001.91,36.20999999999992,9441285.0,4.0,13,-62.61,24.89,下行,294.74,36.20999999999992,36209.99999999992,,,,False
2025-11-22 09:17:57.609052,1002.08,36.38,9441285.0,4.0,13,-61.41,24.59,下行,294.6,36.38,36380.0,,,,False
2025-11-22 09:17:58.646727,1002.16,36.45999999999992,9441285.0,4.0,13,-59.08,25.39,下行,294.69,36.45999999999992,36459.99999999992,,,,False
2025-11-22 09:17:59.666662,1002.24,36.53999999999996,9441285.0,4.0,13,-58.82,25.61,下行,294.71,36.53999999999996,36539.999999999956,,,,False
2025-11-22 09:18:00.704182,1002.34,36.63999999999999,9441285.0,4.0,13,-57.39,26.73,下行,294.74,36.63999999999999,36639.99999999999,,,,False
2025-11-22 09:18:01.741549,1002.42,36.71999999999991,9441285.0,4.0,13,-54.04,26.61,下行,294.97,36.71999999999991,36719.999999999905,,,,False
2025-11-22 09:18:02.763306,1002.5,36.79999999999995,9441285.0,4.0,13,-48.61,30.58,下行,294.99,36.79999999999995,36799.99999999995,,,,False
2025-11-22 09:18:03.785555,1002.59,36.88999999999999,9441285.0,4.0,13,-45.24,31.46,下行,294.92,36.88999999999999,36889.99999999999,,,,False
2025-11-22 09:18:04.823550,1002.67,36.96999999999991,9441285.0,4.0,13,-39.8,31.83,下行,294.88,36.96999999999991,36969.999999999905,,,,False
2025-11-22 09:18:05.876738,1002.76,37.05999999999995,9441285.0,4.0,13,-56.08,18.41,下行,294.94,37.05999999999995,37059.99999999995,,,,False
2025-11-22 09:18:06.898044,1002.84,37.13999999999999,9441285.0,4.0,13,-65.73,19.6,下行,295.11,37.13999999999999,37139.99999999999,,,,False
2025-11-22 09:18:07.935075,1002.92,37.21999999999991,9441285.0,4.0,13,-62.27,19.83,下行,295.31,37.21999999999991,37219.999999999905,,,,False
2025-11-22 09:18:08.964503,1003.01,37.30999999999995,9441285.0,4.0,13,-60.46,19.38,下行,295.55,37.30999999999995,37309.99999999995,,,,False
2025-11-22 09:18:11.980361,1003.26,37.55999999999995,9441285.0,4.0,13,-68.02,15.82,下行,296.09,37.55999999999995,37559.99999999995,,,,False
2025-11-22 09:18:13.033410,1003.35,37.64999999999998,9441285.0,4.0,13,-71.07,11.77,下行,295.97,37.64999999999998,37649.99999999998,,,,False
2025-11-22 09:18:14.055250,1003.43,37.7299999999999,9441285.0,4.0,13,-72.13,13.27,下行,295.82,37.7299999999999,37729.9999999999,,,,False
2025-11-22 09:18:15.076407,1003.51,37.80999999999995,9441285.0,4.0,13,-72.76,14.99,下行,295.83,37.80999999999995,37809.99999999995,,,,False
2025-11-22 09:18:16.099283,1003.6,37.89999999999998,9441285.0,4.0,13,-76.71,12.01,下行,295.79,37.89999999999998,37899.99999999998,,,,False
2025-11-22 09:18:17.151653,1003.68,37.9799999999999,9441285.0,4.0,13,-77.2,11.13,下行,295.68,37.9799999999999,37979.9999999999,,,,False
2025-11-22 09:18:19.178488,1003.85,38.14999999999998,9441285.0,4.0,13,-81.67,10.45,下行,296.01,38.14999999999998,38149.99999999998,,,,False
2025-11-22 09:18:20.214966,1003.93,38.2299999999999,9506817.0,1.0,14,-82.11,9.67,下行,296.19,38.2299999999999,38229.9999999999,,,,True
2025-11-22 09:18:21.586713,1004.04,38.33999999999992,9506817.0,1.0,14,-78.25,12.88,下行,296.34,38.33999999999992,38339.99999999992,,,,False
2025-11-22 09:18:22.669039,1004.13,38.42999999999995,9506817.0,1.0,14,-76.43,16.41,下行,296.73,38.42999999999995,38429.99999999995,,,,False
2025-11-22 09:18:23.693060,1004.22,38.51999999999998,9506817.0,1.0,14,-79.89,11.82,下行,296.89,38.51999999999998,38519.999999999985,,,,False
2025-11-22 09:18:24.728161,1004.31,38.6099999999999,9506817.0,1.0,14,-76.75,13.76,下行,296.94,38.6099999999999,38609.9999999999,,,,False
2025-11-22 09:18:25.749148,1004.39,38.68999999999994,9506817.0,1.0,14,-74.74,17.25,下行,296.83,38.68999999999994,38689.99999999994,,,,False
2025-11-22 09:18:26.769486,1004.48,38.77999999999997,9506817.0,1.0,14,-72.89,20.49,下行,296.49,38.77999999999997,38779.99999999997,,,,False
2025-11-22 09:18:27.806705,1004.56,38.8599999999999,9506817.0,1.0,14,-71.92,21.33,下行,296.04,38.8599999999999,38859.9999999999,,,,False
2025-11-22 09:18:28.828056,1004.64,38.93999999999994,9506817.0,1.0,14,-69.71,22.44,下行,295.64,38.93999999999994,38939.99999999994,,,,False
2025-11-22 09:18:29.863984,1004.73,39.02999999999997,9506817.0,1.0,14,-69.29,24.97,下行,295.33,39.02999999999997,39029.99999999997,,,,False
2025-11-22 09:18:30.884560,1004.81,39.1099999999999,9506817.0,1.0,14,-68.86,23.95,下行,295.14,39.1099999999999,39109.9999999999,,,,False
2025-11-22 09:18:31.911172,1004.89,39.18999999999994,9506817.0,1.0,14,-67.07,22.88,下行,294.8,39.18999999999994,39189.99999999994,,,,False
2025-11-22 09:18:32.946780,1004.98,39.27999999999997,9506817.0,1.0,14,-60.74,26.89,下行,294.8,39.27999999999997,39279.99999999997,,,,False
2025-11-22 09:18:33.984430,1005.06,39.3599999999999,9506817.0,1.0,14,-58.73,25.65,下行,294.88,39.3599999999999,39359.9999999999,,,,False
2025-11-22 09:18:35.022381,1005.16,39.45999999999992,9506817.0,1.0,14,-54.91,25.97,下行,294.98,39.45999999999992,39459.99999999992,,,,False
2025-11-22 09:18:37.052539,1005.32,39.62,9506817.0,1.0,14,-50.63,25.9,下行,295.28,39.62,39620.0,,,,False
2025-11-22 09:18:38.089115,1005.4,39.69999999999993,9506817.0,1.0,14,-50.65,25.89,下行,295.03,39.69999999999993,39699.999999999935,,,,False
2025-11-22 09:18:39.123265,1005.49,39.78999999999996,9506817.0,1.0,14,-70.91,12.62,下行,295.27,39.78999999999996,39789.999999999956,,,,False
2025-11-22 09:18:40.136610,1005.57,39.87,9506817.0,1.0,14,-70.96,18.08,下行,295.26,39.87,39870.0,,,,False
2025-11-22 09:18:41.173523,1005.65,39.94999999999993,9506817.0,1.0,14,-65.59,25.46,下行,295.29,39.94999999999993,39949.999999999935,,,,False
2025-11-22 09:18:42.196014,1005.74,40.03999999999996,9506817.0,1.0,14,-68.86,13.87,下行,295.43,40.03999999999996,40039.999999999956,,,,False
2025-11-22 09:18:43.234421,1005.82,40.12,9506817.0,1.0,14,-76.31,7.4,下行,294.76,40.12,40120.0,,,,False
2025-11-22 09:18:44.257677,1005.9,40.19999999999993,9506817.0,1.0,14,-77.66,5.71,下行,295.21,40.19999999999993,40199.999999999935,,,,False
2025-11-22 09:18:45.282965,1005.99,40.28999999999996,9506817.0,1.0,14,-71.91,11.17,下行,295.22,40.28999999999996,40289.999999999956,,,,False
2025-11-22 09:18:46.302617,1006.08,40.38,9506817.0,1.0,14,-73.77,9.64,下行,295.41,40.38,40380.0,,,,False
2025-11-22 09:18:47.325872,1006.16,40.45999999999992,9506817.0,1.0,14,-70.45,13.27,下行,295.32,40.45999999999992,40459.99999999992,,,,False
2025-11-22 09:18:48.363126,1006.25,40.54999999999995,9506817.0,1.0,14,-72.31,12.51,下行,295.22,40.54999999999995,40549.99999999995,,,,False
2025-11-22 09:18:49.385392,1006.33,40.63,9506817.0,1.0,14,-79.51,7.37,下行,295.43,40.63,40630.0,,,,False
2025-11-22 09:18:50.406680,1006.41,40.70999999999992,9506817.0,1.0,14,-80.31,4.81,下行,295.47,40.70999999999992,40709.99999999992,,,,False
2025-11-22 09:18:51.444032,1006.5,40.79999999999995,9506817.0,1.0,14,-81.52,6.05,下行,295.24,40.79999999999995,40799.99999999995,,,,False
2025-11-22 09:18:52.466859,1006.58,40.88,9506817.0,1.0,14,-82.27,6.92,下行,295.22,40.88,40880.0,,,,False
2025-11-22 09:18:53.487368,1006.66,40.95999999999992,9506817.0,1.0,14,-79.77,8.28,下行,295.39,40.95999999999992,40959.99999999992,,,,False
2025-11-22 09:18:54.513293,1006.75,41.04999999999995,9506817.0,2.0,15,-89.01,1.62,下行,295.11,41.04999999999995,41049.99999999995,14.0,-82.44777777777777,6.562222222222232,True
2025-11-22 09:18:55.689950,1006.84,41.13999999999999,9506817.0,1.0,14,-84.59,7.37,下行,295.08,41.13999999999999,41139.99999999999,15.0,-87.49909090909091,-2.9090909090909065,True
2025-11-22 09:18:57.102953,1006.96,41.25999999999999,9506817.0,1.0,14,-82.74,3.0,下行,295.01,41.25999999999999,41259.99999999999,15.0,-85.686,-2.946000000000012,False
2025-11-22 09:18:58.124785,1007.04,41.33999999999992,9506817.0,1.0,14,-82.35,4.23,下行,295.04,41.33999999999992,41339.99999999992,15.0,-84.47727272727273,-2.1272727272727394,False
2025-11-22 09:18:59.146474,1007.13,41.42999999999995,9506817.0,1.0,14,-86.36,4.55,下行,294.91,41.42999999999995,41429.99999999995,15.0,-83.11745454545455,3.24254545454545,False
2025-11-22 09:19:00.199765,1007.21,41.50999999999999,9506817.0,1.0,14,-87.79,-3.53,下行,294.79,41.50999999999999,41509.99999999999,15.0,-81.90872727272728,5.88127272727273,False
2025-11-22 09:19:01.219626,1007.3,41.59999999999991,9506817.0,2.0,15,-80.7,8.16,下行,295.16,41.59999999999991,41599.99999999991,,,,True
2025-11-22 09:19:02.555441,1007.41,41.70999999999992,9506817.0,2.0,15,-82.87,6.88,下行,295.05,41.70999999999992,41709.99999999992,,,,False
2025-11-22 09:19:03.593314,1007.49,41.78999999999996,9506817.0,2.0,15,-85.13,6.11,下行,295.13,41.78999999999996,41789.999999999956,,,,False
2025-11-22 09:19:04.631174,1007.58,41.88,9506817.0,2.0,15,-81.66,10.41,下行,295.07,41.88,41880.0,,,,False
2025-11-22 09:19:05.652646,1007.66,41.95999999999992,9506817.0,2.0,15,-80.96,9.26,下行,295.05,41.95999999999992,41959.99999999992,,,,False
2025-11-22 09:19:06.681581,1007.74,42.03999999999996,9506817.0,2.0,15,-76.95,12.47,下行,295.09,42.03999999999996,42039.999999999956,,,,False
2025-11-22 09:19:07.710783,1007.84,42.13999999999999,9506817.0,2.0,15,-72.63,17.6,下行,295.23,42.13999999999999,42139.99999999999,,,,False
2025-11-22 09:19:08.731937,1007.92,42.21999999999991,9506817.0,2.0,15,-71.89,15.72,下行,295.4,42.21999999999991,42219.999999999905,,,,False
2025-11-22 09:19:09.768473,1008.0,42.29999999999995,9506817.0,2.0,15,-69.73,19.8,下行,295.18,42.29999999999995,42299.99999999995,,,,False
2025-11-22 09:19:10.790886,1008.09,42.38999999999999,9506817.0,2.0,15,-73.63,14.19,下行,295.23,42.38999999999999,42389.99999999999,,,,False
2025-11-22 09:19:11.811436,1008.17,42.46999999999991,9506817.0,2.0,15,-75.19,13.63,下行,295.2,42.46999999999991,42469.999999999905,,,,False
2025-11-22 09:19:12.847538,1008.25,42.54999999999995,9506817.0,2.0,15,-79.03,12.32,下行,295.21,42.54999999999995,42549.99999999995,,,,False
2025-11-22 09:19:13.868301,1008.34,42.63999999999999,9506817.0,2.0,15,-70.68,16.91,下行,295.36,42.63999999999999,42639.99999999999,,,,False
2025-11-22 09:19:14.896922,1008.42,42.71999999999991,9506817.0,2.0,15,-68.49,15.39,下行,295.25,42.71999999999991,42719.999999999905,,,,False
2025-11-22 09:19:15.913095,1008.5,42.79999999999995,9506817.0,2.0,15,-64.97,21.63,下行,295.45,42.79999999999995,42799.99999999995,,,,False
2025-11-22 09:19:16.939148,1008.58,42.88,9506817.0,2.0,15,-63.34,21.15,下行,295.26,42.88,42880.0,,,,False
2025-11-22 09:19:17.961486,1008.67,42.96999999999991,9506817.0,2.0,15,-59.03,23.12,下行,295.23,42.96999999999991,42969.999999999905,,,,False
2025-11-22 09:19:19.004772,1008.76,43.05999999999995,9506817.0,2.0,15,-54.46,25.98,下行,295.13,43.05999999999995,43059.99999999995,,,,False
2025-11-22 09:19:20.038405,1008.85,43.14999999999998,9506817.0,2.0,15,-48.9,28.47,下行,295.33,43.14999999999998,43149.99999999998,,,,False
2025-11-22 09:19:21.058807,1008.93,43.2299999999999,9506817.0,2.0,15,-50.67,24.11,下行,295.48,43.2299999999999,43229.9999999999,,,,False
2025-11-22 09:19:22.095505,1009.01,43.30999999999995,9506817.0,2.0,15,-61.08,18.17,下行,295.74,43.30999999999995,43309.99999999995,,,,False
2025-11-22 09:19:23.118731,1009.1,43.39999999999998,9506817.0,2.0,15,-63.89,17.55,下行,295.81,43.39999999999998,43399.99999999998,,,,False
2025-11-22 09:19:25.149247,1009.26,43.55999999999995,9506817.0,2.0,15,-66.33,16.61,下行,295.79,43.55999999999995,43559.99999999995,,,,False
2025-11-22 09:19:26.171394,1009.34,43.63999999999999,9506817.0,2.0,15,-60.2,15.48,下行,295.68,43.63999999999999,43639.99999999999,,,,False
2025-11-22 09:19:27.208848,1009.43,43.7299999999999,9506817.0,2.0,15,-69.07,13.0,下行,295.54,43.7299999999999,43729.9999999999,,,,False
2025-11-22 09:19:28.231551,1009.51,43.80999999999995,9506817.0,2.0,15,-68.81,12.66,下行,295.34,43.80999999999995,43809.99999999995,,,,False
2025-11-22 09:19:29.269731,1009.6,43.89999999999998,9506817.0,2.0,15,-69.91,14.14,下行,295.55,43.89999999999998,43899.99999999998,,,,False
2025-11-22 09:19:30.307333,1009.69,43.99000000000001,9506817.0,2.0,15,-69.36,12.91,下行,295.62,43.99000000000001,43990.00000000001,,,,False
2025-11-22 09:19:32.353121,1009.85,44.14999999999998,9506817.0,2.0,15,-76.83,11.53,下行,295.67,44.14999999999998,44149.99999999998,,,,False
2025-11-22 09:19:33.374716,1009.94,44.24000000000001,9506817.0,2.0,15,-80.82,8.92,下行,295.63,44.24000000000001,44240.00000000001,,,,False
2025-11-22 09:19:34.399439,1010.02,44.31999999999994,9506817.0,2.0,15,-82.01,4.97,下行,295.67,44.31999999999994,44319.99999999994,,,,False
2025-11-22 09:19:35.452393,1010.11,44.40999999999997,9506817.0,2.0,15,-83.12,4.04,下行,295.52,44.40999999999997,44409.99999999997,,,,False
2025-11-22 09:19:36.473888,1010.19,44.49000000000001,9506817.0,2.0,15,-80.16,10.29,下行,295.63,44.49000000000001,44490.00000000001,,,,False
2025-11-22 09:19:37.496334,1010.27,44.56999999999994,9506817.0,2.0,15,-77.61,12.57,下行,295.66,44.56999999999994,44569.99999999994,,,,False
2025-11-22 09:19:38.517426,1010.36,44.65999999999997,9506817.0,2.0,15,-79.52,10.1,下行,295.53,44.65999999999997,44659.99999999997,,,,False
2025-11-22 09:19:39.565195,1010.45,44.75,9506817.0,2.0,15,-86.38,2.56,下行,295.56,44.75,44750.0,,,,False
2025-11-22 09:19:40.592982,1010.53,44.82999999999993,9506817.0,2.0,15,-87.1,2.05,下行,295.67,44.82999999999993,44829.99999999993,,,,False
2025-11-22 09:19:41.615194,1010.62,44.91999999999996,9506817.0,2.0,15,-85.05,1.8,下行,295.58,44.91999999999996,44919.999999999956,,,,False
2025-11-22 09:19:42.651571,1010.7,45.0,9506817.0,2.0,15,-89.81,-1.72,下行,295.73,45.0,45000.0,,,,False
2025-11-22 09:19:43.672284,1010.78,45.07999999999993,9506817.0,2.0,15,-85.58,1.53,下行,295.64,45.07999999999993,45079.99999999993,,,,False
2025-11-22 09:19:44.696049,1010.87,45.16999999999996,9506817.0,2.0,15,-90.47,-2.5,下行,295.67,45.16999999999996,45169.999999999956,,,,False
2025-11-22 09:19:45.731679,1010.95,45.25,9506817.0,3.0,16,-83.12,2.89,下行,295.34,45.25,45250.0,,,,True
2025-11-22 09:19:47.050391,1011.06,45.3599999999999,9506817.0,3.0,16,-84.05,2.93,下行,295.68,45.3599999999999,45359.9999999999,,,,False
2025-11-22 09:19:48.071771,1011.14,45.43999999999994,9506817.0,3.0,16,-87.16,-0.56,下行,295.74,45.43999999999994,45439.99999999994,,,,False
2025-11-22 09:19:49.094306,1011.23,45.52999999999997,9506817.0,3.0,16,-83.02,5.88,下行,296.1,45.52999999999997,45529.99999999997,,,,False
2025-11-22 09:19:50.129613,1011.31,45.6099999999999,9506817.0,3.0,16,-80.59,8.57,下行,296.01,45.6099999999999,45609.9999999999,,,,False
2025-11-22 09:19:51.152243,1011.39,45.68999999999994,9506817.0,3.0,16,-79.27,8.0,下行,296.34,45.68999999999994,45689.99999999994,,,,False
2025-11-22 09:19:52.190015,1011.49,45.78999999999996,9506817.0,3.0,16,-76.61,8.95,下行,296.15,45.78999999999996,45789.999999999956,,,,False
2025-11-22 09:19:53.214472,1011.57,45.87,9506817.0,3.0,16,-74.55,11.58,下行,296.08,45.87,45870.0,,,,False
2025-11-22 09:19:54.237965,1011.65,45.94999999999993,9506817.0,3.0,16,-73.41,11.42,下行,296.01,45.94999999999993,45949.999999999935,,,,False
2025-11-22 09:19:55.261503,1011.74,46.03999999999996,9506817.0,3.0,16,-70.51,13.98,下行,296.03,46.03999999999996,46039.999999999956,,,,False
2025-11-22 09:19:56.300922,1011.82,46.12,9506817.0,3.0,16,-68.33,19.34,下行,295.95,46.12,46120.0,,,,False
2025-11-22 09:19:57.321817,1011.9,46.19999999999993,9506817.0,3.0,16,-64.68,19.69,下行,295.81,46.19999999999993,46199.999999999935,,,,False
2025-11-22 09:19:58.345496,1011.99,46.28999999999996,9506817.0,3.0,16,-59.66,22.87,下行,295.81,46.28999999999996,46289.999999999956,,,,False
2025-11-22 09:20:00.373746,1012.16,46.45999999999992,9506817.0,3.0,16,-63.36,21.34,下行,295.59,46.45999999999992,46459.99999999992,,,,False
2025-11-22 09:20:01.395680,1012.24,46.53999999999996,9506817.0,3.0,16,-70.3,15.5,下行,295.31,46.53999999999996,46539.999999999956,,,,False
2025-11-22 09:20:02.417200,1012.33,46.63,9506817.0,3.0,16,-69.0,18.1,下行,295.13,46.63,46630.0,,,,False
2025-11-22 09:20:03.454527,1012.41,46.70999999999992,9506817.0,3.0,16,-71.15,13.75,下行,294.96,46.70999999999992,46709.99999999992,,,,False
2025-11-22 09:20:04.476271,1012.49,46.78999999999996,9506817.0,3.0,16,-65.55,13.89,下行,294.83,46.78999999999996,46789.999999999956,,,,False
2025-11-22 09:20:05.576943,1012.58,46.88,9506817.0,3.0,16,-60.93,17.88,下行,294.88,46.88,46880.0,,,,False
2025-11-22 09:20:07.538656,1012.74,47.03999999999996,9506817.0,3.0,16,-68.12,16.37,下行,295.26,47.03999999999996,47039.999999999956,,,,False
2025-11-22 09:20:08.567130,1012.83,47.13,9506817.0,3.0,16,-71.6,12.94,下行,295.26,47.13,47130.0,,,,False
2025-11-22 09:20:09.594642,1012.91,47.20999999999992,9506817.0,3.0,16,-72.68,12.6,下行,295.38,47.20999999999992,47209.99999999992,,,,False
2025-11-22 09:20:10.641560,1012.99,47.28999999999996,9506817.0,3.0,16,-76.23,11.53,下行,295.13,47.28999999999996,47289.999999999956,,,,False
2025-11-22 09:20:12.653937,1013.17,47.46999999999991,9506817.0,3.0,16,-77.65,11.74,下行,295.2,47.46999999999991,47469.999999999905,,,,False
2025-11-22 09:20:13.668384,1013.25,47.54999999999995,9506817.0,3.0,16,-78.12,11.02,下行,295.12,47.54999999999995,47549.99999999995,,,,False
2025-11-22 09:20:15.958802,1013.43,47.7299999999999,9506819.0,1.0,17,-79.78,4.26,下行,295.2,47.7299999999999,47729.9999999999,,,,True
2025-11-22 09:20:17.004379,1013.52,47.81999999999994,9506819.0,1.0,17,-82.83,4.99,下行,295.32,47.81999999999994,47819.99999999994,,,,False
2025-11-22 09:20:18.026969,1013.61,47.90999999999997,9506819.0,1.0,17,-80.86,7.28,下行,295.3,47.90999999999997,47909.99999999997,,,,False
2025-11-22 09:20:19.051485,1013.69,47.99000000000001,9506819.0,1.0,17,-78.62,10.11,下行,295.26,47.99000000000001,47990.00000000001,,,,False
2025-11-22 09:20:20.080758,1013.77,48.06999999999994,9506819.0,1.0,17,-78.0,11.09,下行,295.08,48.06999999999994,48069.99999999994,,,,False
2025-11-22 09:20:21.121761,1013.86,48.15999999999997,9506819.0,1.0,17,-76.54,11.19,下行,294.71,48.15999999999997,48159.99999999997,,,,False
2025-11-22 09:20:22.162725,1013.94,48.24000000000001,9506819.0,1.0,17,-78.61,9.34,下行,294.47,48.24000000000001,48240.00000000001,,,,False
2025-11-22 09:20:23.179590,1014.02,48.31999999999994,9506819.0,1.0,17,-77.46,12.74,下行,294.31,48.31999999999994,48319.99999999994,,,,False
2025-11-22 09:20:24.209843,1014.11,48.40999999999997,9506819.0,1.0,17,-75.66,15.92,下行,294.0,48.40999999999997,48409.99999999997,,,,False
2025-11-22 09:20:25.237501,1014.19,48.49000000000001,9506819.0,1.0,17,-74.18,15.89,下行,294.19,48.49000000000001,48490.00000000001,,,,False
2025-11-22 09:20:26.281801,1014.28,48.57999999999993,9506819.0,1.0,17,-74.47,16.28,下行,294.12,48.57999999999993,48579.99999999993,,,,False
2025-11-22 09:20:27.316936,1014.36,48.65999999999997,9506819.0,1.0,17,-72.31,17.09,下行,294.1,48.65999999999997,48659.99999999997,,,,False
2025-11-22 09:20:28.341827,1014.44,48.74000000000001,9506819.0,1.0,17,-70.28,21.24,下行,293.98,48.74000000000001,48740.00000000001,,,,False
2025-11-22 09:20:29.372922,1014.53,48.82999999999993,9506819.0,1.0,17,-70.21,21.86,下行,294.02,48.82999999999993,48829.99999999993,,,,False
2025-11-22 09:20:30.390651,1014.61,48.90999999999997,9506819.0,1.0,17,-67.83,24.01,下行,293.82,48.90999999999997,48909.99999999997,,,,False
2025-11-22 09:20:31.430954,1014.7,49.0,9506819.0,1.0,17,-66.39,25.58,下行,293.84,49.0,49000.0,,,,False
2025-11-22 09:20:32.462765,1014.78,49.07999999999993,9506819.0,1.0,17,-62.55,27.26,下行,293.77,49.07999999999993,49079.99999999993,,,,False
2025-11-22 09:20:33.488719,1014.86,49.15999999999997,9506819.0,1.0,17,-57.75,28.22,下行,293.8,49.15999999999997,49159.99999999997,,,,False
2025-11-22 09:20:34.516013,1014.95,49.25,9506819.0,1.0,17,-55.39,27.75,下行,293.98,49.25,49250.0,,,,False
2025-11-22 09:20:35.553699,1015.04,49.33999999999992,9506819.0,1.0,17,-49.93,27.27,下行,294.39,49.33999999999992,49339.99999999992,,,,False
2025-11-22 09:20:36.592441,1015.12,49.41999999999996,9506819.0,1.0,17,-52.24,24.45,下行,294.61,49.41999999999996,49419.999999999956,,,,False
2025-11-22 09:20:37.625639,1015.21,49.50999999999999,9506819.0,1.0,17,-58.01,26.1,下行,295.03,49.50999999999999,49509.99999999999,,,,False
2025-11-22 09:20:38.651707,1015.29,49.58999999999992,9506819.0,1.0,17,-57.38,18.67,下行,295.31,49.58999999999992,49589.99999999992,,,,False
2025-11-22 09:20:39.665054,1015.37,49.66999999999996,9506819.0,1.0,17,-48.26,21.13,下行,295.39,49.66999999999996,49669.999999999956,,,,False
2025-11-22 09:20:40.695763,1015.46,49.75999999999999,9506819.0,1.0,17,-55.93,19.48,下行,295.29,49.75999999999999,49759.99999999999,,,,False
2025-11-22 09:20:41.714227,1015.54,49.83999999999992,9506819.0,1.0,17,-63.04,19.87,下行,294.66,49.83999999999992,49839.99999999992,,,,False
2025-11-22 09:20:43.748346,1015.71,50.00999999999999,9506819.0,1.0,17,-69.7,17.73,下行,295.15,50.00999999999999,50009.99999999999,,,,False
2025-11-22 09:20:45.777664,1015.87,50.16999999999996,9506819.0,1.0,17,-80.49,9.19,下行,295.29,50.16999999999996,50169.999999999956,,,,False
2025-11-22 09:20:46.813821,1015.95,50.25,9506819.0,1.0,17,-78.28,14.72,下行,295.32,50.25,50250.0,,,,False
2025-11-22 09:20:47.828033,1016.04,50.33999999999992,9506819.0,1.0,17,-81.16,9.43,下行,295.34,50.33999999999992,50339.99999999992,,,,False
2025-11-22 09:20:48.853667,1016.13,50.42999999999995,9506819.0,1.0,17,-81.14,6.7,下行,295.39,50.42999999999995,50429.99999999995,,,,False
2025-11-22 09:20:49.879338,1016.21,50.50999999999999,9506819.0,1.0,17,-83.83,6.07,下行,295.61,50.50999999999999,50509.99999999999,,,,False
2025-11-22 09:20:50.908300,1016.3,50.59999999999991,9506819.0,1.0,17,-84.4,5.69,下行,295.93,50.59999999999991,50599.99999999991,,,,False
2025-11-22 09:20:52.944109,1016.46,50.75999999999999,9506819.0,1.0,17,-86.09,3.25,下行,296.2,50.75999999999999,50759.99999999999,,,,False
2025-11-22 09:20:53.962419,1016.54,50.83999999999992,9506819.0,2.0,18,-83.62,0.56,下行,296.36,50.83999999999992,50839.99999999992,,,,True
2025-11-22 09:20:55.267361,1016.65,50.94999999999993,9506819.0,2.0,18,-85.59,-1.56,下行,296.52,50.94999999999993,50949.999999999935,,,,False
2025-11-22 09:20:57.294474,1016.82,51.12,9506819.0,2.0,18,-82.67,2.28,下行,296.29,51.12,51120.0,,,,False
2025-11-22 09:20:58.329351,1016.9,51.19999999999993,9506819.0,2.0,18,-79.83,3.3,下行,296.22,51.19999999999993,51199.999999999935,,,,False
2025-11-22 09:20:59.356192,1016.99,51.28999999999996,9506819.0,2.0,18,-79.99,1.81,下行,295.91,51.28999999999996,51289.999999999956,,,,False
2025-11-22 09:21:00.381662,1017.08,51.38,9506819.0,2.0,18,-80.25,2.08,下行,295.73,51.38,51380.0,,,,False
2025-11-22 09:21:01.416813,1017.16,51.45999999999992,9506819.0,2.0,18,-82.28,1.7,下行,295.45,51.45999999999992,51459.99999999992,,,,False
2025-11-22 09:21:02.442862,1017.24,51.53999999999996,9506819.0,2.0,18,-84.3,-0.75,下行,295.24,51.53999999999996,51539.999999999956,,,,False
2025-11-22 09:21:03.461882,1017.33,51.63,9506819.0,2.0,18,-83.07,2.95,下行,294.99,51.63,51630.0,,,,False
2025-11-22 09:21:04.492099,1017.41,51.70999999999992,9506819.0,2.0,18,-81.39,2.79,下行,294.81,51.70999999999992,51709.99999999992,,,,False
2025-11-22 09:21:05.514843,1017.5,51.79999999999995,9506819.0,2.0,18,-81.88,4.91,下行,294.93,51.79999999999995,51799.99999999995,,,,False
2025-11-22 09:21:06.546260,1017.58,51.88,9506819.0,2.0,18,-80.76,8.01,下行,294.98,51.88,51880.0,,,,False
2025-11-22 09:21:07.599937,1017.67,51.96999999999991,9506819.0,2.0,18,-82.23,6.07,下行,295.01,51.96999999999991,51969.999999999905,,,,False
2025-11-22 09:21:08.621224,1017.75,52.04999999999995,9506819.0,2.0,18,-80.31,6.28,下行,295.21,52.04999999999995,52049.99999999995,,,,False
2025-11-22 09:21:09.643955,1017.83,52.13,9506819.0,2.0,18,-78.65,9.52,下行,295.12,52.13,52130.0,,,,False
2025-11-22 09:21:10.677923,1017.92,52.21999999999991,9506819.0,2.0,18,-76.77,8.48,下行,295.23,52.21999999999991,52219.999999999905,,,,False
2025-11-22 09:21:11.729818,1018.0,52.29999999999995,9506819.0,2.0,18,-75.01,9.89,下行,295.1,52.29999999999995,52299.99999999995,,,,False
2025-11-22 09:21:12.749804,1018.08,52.38,9506819.0,2.0,18,-72.59,11.4,下行,295.13,52.38,52380.0,,,,False
2025-11-22 09:21:13.776068,1018.17,52.46999999999991,9506819.0,2.0,18,-71.81,11.1,下行,295.19,52.46999999999991,52469.999999999905,,,,False
2025-11-22 09:21:14.806861,1018.26,52.55999999999995,9506819.0,2.0,18,-72.46,10.94,下行,295.24,52.55999999999995,52559.99999999995,,,,False
2025-11-22 09:21:15.831078,1018.34,52.63999999999999,9506819.0,2.0,18,-70.09,15.44,下行,295.4,52.63999999999999,52639.99999999999,,,,False
2025-11-22 09:21:18.874457,1018.59,52.88999999999999,9506819.0,2.0,18,-67.79,12.57,下行,295.34,52.88999999999999,52889.99999999999,,,,False
2025-11-22 09:21:19.897762,1018.67,52.96999999999991,9506819.0,2.0,18,-68.73,13.08,下行,295.44,52.96999999999991,52969.999999999905,,,,False
2025-11-22 09:21:20.915915,1018.75,53.04999999999995,9506819.0,2.0,18,-64.01,19.05,下行,295.31,53.04999999999995,53049.99999999995,,,,False
2025-11-22 09:21:21.945577,1018.84,53.13999999999999,9506819.0,2.0,18,-66.27,13.13,下行,295.23,53.13999999999999,53139.99999999999,,,,False
2025-11-22 09:21:23.978908,1019.01,53.30999999999995,9506819.0,2.0,18,-65.56,11.97,下行,295.47,53.30999999999995,53309.99999999995,,,,False
2025-11-22 09:21:24.996608,1019.1,53.39999999999998,9506819.0,2.0,18,-72.41,9.59,下行,295.28,53.39999999999998,53399.99999999998,,,,False
2025-11-22 09:21:26.029478,1019.18,53.4799999999999,9506819.0,2.0,18,-70.5,8.15,下行,295.37,53.4799999999999,53479.9999999999,,,,False
2025-11-22 09:21:27.053109,1019.26,53.55999999999995,9506819.0,2.0,18,-65.57,13.27,下行,295.15,53.55999999999995,53559.99999999995,,,,False
2025-11-22 09:21:28.073862,1019.35,53.64999999999998,9506819.0,2.0,18,-60.64,18.67,下行,294.74,53.64999999999998,53649.99999999998,,,,False
2025-11-22 09:21:29.099516,1019.43,53.7299999999999,9506819.0,2.0,18,-74.57,5.08,下行,294.11,53.7299999999999,53729.9999999999,,,,False
2025-11-22 09:21:30.123075,1019.51,53.80999999999995,9506819.0,2.0,18,-71.66,8.65,下行,293.58,53.80999999999995,53809.99999999995,,,,False
2025-11-22 09:21:31.151735,1019.59,53.88999999999999,9506819.0,2.0,18,-65.25,11.26,下行,293.01,53.88999999999999,53889.99999999999,,,,False
2025-11-22 09:21:32.188440,1019.68,53.9799999999999,9506819.0,2.0,18,-65.45,10.71,下行,292.56,53.9799999999999,53979.9999999999,,,,False
2025-11-22 09:21:33.199869,1019.76,54.05999999999995,9506819.0,2.0,18,-67.21,9.19,下行,291.93,54.05999999999995,54059.99999999995,,,,False
2025-11-22 09:21:34.223219,1019.84,54.13999999999999,9506819.0,2.0,18,-70.3,7.33,下行,291.34,54.13999999999999,54139.99999999999,,,,False
2025-11-22 09:21:35.247050,1019.93,54.2299999999999,9506819.0,2.0,18,-73.05,6.52,下行,290.89,54.2299999999999,54229.9999999999,,,,False
2025-11-22 09:21:36.273941,1020.01,54.30999999999995,9506819.0,2.0,18,-75.35,9.73,下行,290.28,54.30999999999995,54309.99999999995,,,,False
2025-11-22 09:21:37.304381,1020.09,54.38999999999999,9506819.0,2.0,18,-76.33,4.64,下行,289.55,54.38999999999999,54389.99999999999,,,,False
2025-11-22 09:21:38.325283,1020.18,54.4799999999999,9506819.0,3.0,19,-77.43,5.62,下行,289.18,54.4799999999999,54479.9999999999,,,,True
2025-11-22 09:21:39.561023,1020.28,54.57999999999993,9506819.0,3.0,19,-77.41,6.68,下行,288.45,54.57999999999993,54579.99999999993,,,,False
2025-11-22 09:21:40.580362,1020.36,54.65999999999997,9506819.0,3.0,19,-73.33,11.03,下行,287.63,54.65999999999997,54659.99999999997,,,,False
2025-11-22 09:21:41.604073,1020.43,54.7299999999999,9506819.0,3.0,19,-71.16,12.91,下行,286.8,54.7299999999999,54729.9999999999,,,,False
2025-11-22 09:21:42.630598,1020.52,54.81999999999994,9506819.0,3.0,19,-73.28,13.34,下行,286.03,54.81999999999994,54819.99999999994,,,,False
2025-11-22 09:21:43.657389,1020.6,54.89999999999998,9506819.0,3.0,19,-71.69,18.5,下行,285.26,54.89999999999998,54899.99999999998,,,,False
2025-11-22 09:21:44.684669,1020.68,54.9799999999999,9506819.0,3.0,19,-72.14,14.22,下行,284.26,54.9799999999999,54979.9999999999,,,,False
2025-11-22 09:21:45.710519,1020.77,55.06999999999994,9506819.0,3.0,19,-71.87,16.73,下行,283.67,55.06999999999994,55069.99999999994,,,,False
2025-11-22 09:21:46.730699,1020.84,55.13999999999999,9506819.0,3.0,19,-69.53,22.98,下行,283.71,55.13999999999999,55139.99999999999,,,,False
2025-11-22 09:21:47.760246,1020.92,55.21999999999991,9506819.0,3.0,19,-68.69,23.9,下行,284.01,55.21999999999991,55219.999999999905,,,,False
2025-11-22 09:21:48.794714,1021.01,55.30999999999995,9506819.0,3.0,19,-66.9,25.89,下行,284.1,55.30999999999995,55309.99999999995,,,,False
2025-11-22 09:21:49.826016,1021.09,55.38999999999999,9506819.0,3.0,19,-67.57,21.38,下行,284.6,55.38999999999999,55389.99999999999,,,,False
2025-11-22 09:21:50.854929,1021.17,55.46999999999991,9506819.0,3.0,19,-66.89,24.05,下行,284.52,55.46999999999991,55469.999999999905,,,,False
2025-11-22 09:21:51.878463,1021.25,55.54999999999995,9506819.0,3.0,19,-65.35,24.52,下行,284.79,55.54999999999995,55549.99999999995,,,,False
2025-11-22 09:21:52.906342,1021.33,55.63,9506819.0,3.0,19,-63.83,27.17,下行,285.0,55.63,55630.0,,,,False
2025-11-22 09:21:54.944849,1021.5,55.79999999999995,9506819.0,3.0,19,-61.13,29.57,下行,285.4,55.79999999999995,55799.99999999995,,,,False
2025-11-22 09:21:55.961077,1021.57,55.87,9506819.0,3.0,19,-58.72,29.15,下行,285.57,55.87,55870.0,,,,False
2025-11-22 09:21:56.982834,1021.65,55.94999999999993,9506819.0,3.0,19,-57.28,29.34,下行,285.86,55.94999999999993,55949.999999999935,,,,False
2025-11-22 09:21:58.012384,1021.74,56.03999999999996,9506819.0,3.0,19,-57.43,29.06,下行,285.82,56.03999999999996,56039.999999999956,,,,False
2025-11-22 09:21:59.044454,1021.82,56.12,9506819.0,3.0,19,-62.99,26.17,下行,286.24,56.12,56120.0,,,,False
2025-11-22 09:22:01.071514,1021.98,56.27999999999997,9506819.0,3.0,19,-73.92,15.03,下行,287.26,56.27999999999997,56279.99999999997,,,,False
2025-11-22 09:22:02.091618,1022.06,56.3599999999999,9506819.0,3.0,19,-66.0,26.95,下行,287.82,56.3599999999999,56359.9999999999,,,,False
2025-11-22 09:22:03.121864,1022.14,56.43999999999994,9506819.0,3.0,19,-74.42,14.5,下行,288.64,56.43999999999994,56439.99999999994,,,,False
2025-11-22 09:22:04.139879,1022.22,56.51999999999998,9506819.0,3.0,19,-80.82,9.46,下行,289.31,56.51999999999998,56519.999999999985,,,,False
2025-11-22 09:22:05.164858,1022.31,56.6099999999999,9506819.0,3.0,19,-76.1,9.08,下行,290.12,56.6099999999999,56609.9999999999,,,,False
2025-11-22 09:22:06.191480,1022.39,56.68999999999994,9506819.0,3.0,19,-78.91,6.98,下行,290.65,56.68999999999994,56689.99999999994,,,,False
2025-11-22 09:22:07.225607,1022.48,56.77999999999997,9506819.0,3.0,19,-83.9,6.69,下行,291.15,56.77999999999997,56779.99999999997,,,,False
2025-11-22 09:22:08.241020,1022.56,56.8599999999999,9506819.0,3.0,19,-86.07,5.08,下行,291.61,56.8599999999999,56859.9999999999,,,,False
2025-11-22 09:22:09.264801,1022.64,56.93999999999994,9506819.0,3.0,19,-86.88,5.94,下行,291.85,56.93999999999994,56939.99999999994,,,,False
2025-11-22 09:22:10.298438,1022.72,57.01999999999998,9506819.0,3.0,19,-87.91,4.36,下行,292.26,57.01999999999998,57019.999999999985,,,,False
2025-11-22 09:22:11.319096,1022.81,57.1099999999999,9506819.0,3.0,19,-89.68,1.44,下行,292.41,57.1099999999999,57109.9999999999,,,,False
2025-11-22 09:22:13.344106,1022.97,57.26999999999998,9506819.0,3.0,19,-91.35,2.56,下行,292.88,57.26999999999998,57269.999999999985,,,,False
2025-11-22 09:22:14.370183,1023.05,57.34999999999991,9506819.0,4.0,20,-89.21,3.63,下行,292.98,57.34999999999991,57349.99999999991,,,,True
2025-11-22 09:22:15.587257,1023.16,57.45999999999992,9506819.0,4.0,20,-88.81,5.53,下行,293.15,57.45999999999992,57459.99999999992,,,,False
2025-11-22 09:22:16.607429,1023.24,57.53999999999996,9506819.0,4.0,20,-86.81,9.51,下行,293.39,57.53999999999996,57539.999999999956,,,,False
2025-11-22 09:22:18.641160,1023.4,57.69999999999993,9506819.0,4.0,20,-83.33,11.88,下行,293.81,57.69999999999993,57699.999999999935,,,,False
2025-11-22 09:22:19.657658,1023.49,57.78999999999996,9506819.0,4.0,20,-81.21,13.29,下行,293.87,57.78999999999996,57789.999999999956,,,,False
2025-11-22 09:22:20.687640,1023.57,57.87,9506819.0,4.0,20,-78.94,17.86,下行,294.05,57.87,57870.0,,,,False
2025-11-22 09:22:21.710005,1023.65,57.94999999999993,9506819.0,4.0,20,-78.53,20.71,下行,294.3,57.94999999999993,57949.999999999935,,,,False
2025-11-22 09:22:22.736537,1023.74,58.03999999999996,9506819.0,4.0,20,-77.42,23.08,下行,294.2,58.03999999999996,58039.999999999956,,,,False
2025-11-22 09:22:23.762998,1023.82,58.12,9506819.0,4.0,20,-76.17,23.4,下行,294.23,58.12,58120.0,,,,False
2025-11-22 09:22:24.789210,1023.9,58.19999999999993,9506819.0,4.0,20,-75.04,23.41,下行,294.36,58.19999999999993,58199.999999999935,,,,False
2025-11-22 09:22:25.814409,1023.99,58.28999999999996,9506819.0,4.0,20,-73.16,25.85,下行,294.33,58.28999999999996,58289.999999999956,,,,False
2025-11-22 09:22:26.839450,1024.07,58.36999999999989,9506819.0,4.0,20,-71.76,25.61,下行,294.31,58.36999999999989,58369.99999999989,,,,False
2025-11-22 09:22:27.869341,1024.16,58.46000000000004,9506819.0,4.0,20,-72.88,23.82,下行,294.57,58.46000000000004,58460.000000000044,,,,False
2025-11-22 09:22:28.890860,1024.24,58.53999999999996,9506819.0,4.0,20,-69.28,27.52,下行,294.43,58.53999999999996,58539.999999999956,,,,False
2025-11-22 09:22:29.911549,1024.33,58.62999999999988,9506819.0,4.0,20,-66.22,30.19,下行,294.64,58.62999999999988,58629.99999999988,,,,False
2025-11-22 09:22:30.933650,1024.41,58.71000000000004,9506819.0,4.0,20,-66.92,26.27,下行,294.68,58.71000000000004,58710.000000000044,,,,False
2025-11-22 09:22:31.974701,1024.5,58.79999999999995,9506819.0,4.0,20,-66.97,25.26,下行,294.64,58.79999999999995,58799.99999999995,,,,False
2025-11-22 09:22:32.992858,1024.58,58.87999999999988,9506819.0,4.0,20,-63.06,27.71,下行,294.65,58.87999999999988,58879.99999999988,,,,False
2025-11-22 09:22:35.018401,1024.74,59.03999999999996,9506819.0,4.0,20,-61.26,28.31,下行,294.74,59.03999999999996,59039.999999999956,,,,False
2025-11-22 09:22:36.040275,1024.82,59.11999999999989,9506819.0,4.0,20,-51.89,32.06,下行,294.82,59.11999999999989,59119.99999999989,,,,False
2025-11-22 09:22:37.064596,1024.91,59.21000000000004,9506819.0,4.0,20,-49.54,33.31,下行,294.88,59.21000000000004,59210.000000000044,,,,False
2025-11-22 09:22:38.092046,1024.99,59.28999999999996,9506819.0,4.0,20,-59.56,27.64,下行,294.89,59.28999999999996,59289.999999999956,,,,False
2025-11-22 09:22:40.126408,1025.17,59.47000000000003,9506819.0,4.0,20,-72.45,22.34,下行,294.84,59.47000000000003,59470.00000000003,,,,False
2025-11-22 09:22:41.167381,1025.25,59.54999999999995,9506819.0,4.0,20,-59.31,30.3,下行,294.91,59.54999999999995,59549.99999999995,,,,False
2025-11-22 09:22:42.179539,1025.33,59.62999999999988,9506819.0,4.0,20,-73.01,14.98,下行,294.89,59.62999999999988,59629.99999999988,,,,False
2025-11-22 09:22:43.205575,1025.42,59.72000000000003,9506819.0,4.0,20,-73.44,15.41,下行,294.94,59.72000000000003,59720.00000000003,,,,False
2025-11-22 09:22:44.231468,1025.5,59.79999999999995,9506819.0,4.0,20,-73.11,14.1,下行,294.96,59.79999999999995,59799.99999999995,,,,False
2025-11-22 09:22:45.276709,1025.58,59.87999999999988,9506819.0,4.0,20,-75.07,12.56,下行,294.78,59.87999999999988,59879.99999999988,,,,False
2025-11-22 09:22:46.302371,1025.67,59.97000000000003,9506819.0,4.0,20,-79.81,11.05,下行,295.04,59.97000000000003,59970.00000000003,,,,False
2025-11-22 09:22:47.335581,1025.75,60.04999999999995,9506819.0,4.0,20,-82.72,9.47,下行,295.09,60.04999999999995,60049.99999999995,,,,False
2025-11-22 09:22:48.357931,1025.83,60.12999999999988,9506819.0,4.0,20,-84.46,9.87,下行,295.17,60.12999999999988,60129.99999999988,,,,False
2025-11-22 09:22:49.390184,1025.92,60.22000000000003,9506819.0,4.0,20,-86.34,8.36,下行,295.03,60.22000000000003,60220.00000000003,,,,False
2025-11-22 09:22:50.414362,1026.0,60.29999999999995,9506819.0,4.0,20,-86.03,10.11,下行,295.02,60.29999999999995,60299.99999999995,,,,False
2025-11-22 09:22:51.430050,1026.08,60.37999999999988,9506819.0,4.0,20,-86.94,6.95,下行,295.13,60.37999999999988,60379.99999999988,,,,False
2025-11-22 09:22:52.468092,1026.18,60.48000000000002,9506819.0,4.0,20,-87.68,7.36,下行,295.12,60.48000000000002,60480.000000000015,,,,False
2025-11-22 09:22:53.487070,1026.26,60.55999999999995,9506819.0,4.0,20,-88.55,7.84,下行,295.08,60.55999999999995,60559.99999999995,,,,False
2025-11-22 09:22:54.519943,1026.34,60.63999999999987,9506819.0,4.0,20,-89.23,6.8,下行,295.28,60.63999999999987,60639.99999999987,,,,False
2025-11-22 09:22:55.551113,1026.43,60.73000000000002,9506819.0,4.0,20,-89.64,6.19,下行,295.01,60.73000000000002,60730.000000000015,,,,False
2025-11-22 09:22:56.567497,1026.51,60.80999999999995,9506819.0,4.0,20,-91.68,6.06,下行,295.27,60.80999999999995,60809.99999999995,,,,False
2025-11-22 09:22:57.587081,1026.59,60.88999999999987,9506819.0,5.0,20,-92.5,1.94,下行,295.17,60.88999999999987,60889.99999999987,,,,False
2025-11-22 09:22:58.731776,1026.69,60.99000000000001,9506819.0,5.0,21,-89.87,5.08,下行,295.28,60.99000000000001,60990.00000000001,,,,True
2025-11-22 09:22:59.887087,1026.78,61.07999999999993,9506819.0,5.0,21,-86.95,6.05,下行,295.22,61.07999999999993,61079.99999999993,,,,False
2025-11-22 09:23:00.921856,1026.87,61.16999999999985,9506819.0,5.0,21,-84.46,9.73,下行,295.24,61.16999999999985,61169.999999999854,,,,False
2025-11-22 09:23:01.944664,1026.95,61.25,9506819.0,5.0,21,-83.51,11.11,下行,295.33,61.25,61250.0,,,,False
2025-11-22 09:23:02.965365,1027.03,61.32999999999993,9506819.0,5.0,21,-82.74,12.14,下行,295.17,61.32999999999993,61329.99999999993,,,,False
2025-11-22 09:23:04.000047,1027.12,61.41999999999985,9506819.0,5.0,21,-83.2,11.71,下行,294.96,61.41999999999985,61419.999999999854,,,,False
2025-11-22 09:23:05.028188,1027.2,61.5,9506819.0,5.0,21,-84.38,10.67,下行,294.74,61.5,61500.0,,,,False
2025-11-22 09:23:06.055806,1027.28,61.57999999999993,9506819.0,5.0,21,-82.47,13.65,下行,294.68,61.57999999999993,61579.99999999993,,,,False
2025-11-22 09:23:07.072940,1027.37,61.66999999999985,9506819.0,5.0,21,-77.88,18.49,下行,294.61,61.66999999999985,61669.999999999854,,,,False
2025-11-22 09:23:08.103832,1027.45,61.75,9506819.0,5.0,21,-77.12,20.0,下行,294.73,61.75,61750.0,,,,False
2025-11-22 09:23:09.137920,1027.54,61.83999999999992,9506819.0,5.0,21,-78.33,18.76,下行,294.68,61.83999999999992,61839.99999999992,,,,False
2025-11-22 09:23:11.157848,1027.7,62.0,9506819.0,5.0,21,-76.98,20.04,下行,295.09,62.0,62000.0,,,,False
2025-11-22 09:23:12.179667,1027.79,62.08999999999992,9506819.0,5.0,21,-72.27,23.33,下行,294.9,62.08999999999992,62089.99999999992,,,,False
2025-11-22 09:23:13.203322,1027.88,62.18000000000006,9506819.0,5.0,21,-67.6,23.94,下行,294.88,62.18000000000006,62180.00000000006,,,,False
2025-11-22 09:23:14.230343,1027.96,62.25999999999999,9506819.0,5.0,21,-63.56,25.19,下行,294.86,62.25999999999999,62259.99999999999,,,,False
2025-11-22 09:23:15.261008,1028.04,62.33999999999992,9506819.0,5.0,21,-59.49,25.68,下行,295.01,62.33999999999992,62339.99999999992,,,,False
2025-11-22 09:23:16.940118,1028.17,62.47000000000003,9506819.0,5.0,21,-55.99,27.44,下行,295.03,62.47000000000003,62470.00000000003,,,,False
2025-11-22 09:23:18.306676,1028.29,62.58999999999992,9506819.0,5.0,21,-60.96,24.8,下行,295.22,62.58999999999992,62589.99999999992,,,,False
2025-11-22 09:23:19.330957,1028.37,62.66999999999985,9506819.0,5.0,21,-66.82,24.25,下行,295.25,62.66999999999985,62669.999999999854,,,,False
2025-11-22 09:23:20.353659,1028.45,62.75,9506819.0,5.0,21,-66.25,28.1,下行,295.13,62.75,62750.0,,,,False
2025-11-22 09:23:21.383614,1028.54,62.83999999999992,9506819.0,5.0,21,-72.04,15.94,下行,295.09,62.83999999999992,62839.99999999992,,,,False
2025-11-22 09:23:22.407148,1028.63,62.93000000000006,9506819.0,5.0,21,-73.89,13.41,下行,295.22,62.93000000000006,62930.00000000006,,,,False
2025-11-22 09:23:23.431008,1028.71,63.00999999999999,9506819.0,5.0,21,-64.49,17.17,下行,295.27,63.00999999999999,63009.99999999999,,,,False
2025-11-22 09:23:25.457966,1028.88,63.18000000000006,9506819.0,5.0,21,-65.94,17.73,下行,295.23,63.18000000000006,63180.00000000006,,,,False
2025-11-22 09:23:26.487191,1028.96,63.25999999999999,9506819.0,5.0,21,-68.48,20.5,下行,295.16,63.25999999999999,63259.99999999999,,,,False
2025-11-22 09:23:27.508951,1029.04,63.33999999999992,9506819.0,5.0,21,-74.4,17.46,下行,295.31,63.33999999999992,63339.99999999992,,,,False
2025-11-22 09:23:28.529487,1029.13,63.43000000000006,9506819.0,5.0,21,-78.98,17.43,下行,295.24,63.43000000000006,63430.00000000006,,,,False
2025-11-22 09:23:29.555427,1029.21,63.50999999999999,9506819.0,5.0,21,-83.49,15.16,下行,295.23,63.50999999999999,63509.99999999999,,,,False
2025-11-22 09:23:30.592492,1029.29,63.58999999999992,9506819.0,5.0,21,-87.24,10.69,下行,295.4,63.58999999999992,63589.99999999992,,,,False
2025-11-22 09:23:31.626293,1029.38,63.68000000000006,9506819.0,5.0,21,-91.9,9.94,下行,295.35,63.68000000000006,63680.00000000006,,,,False
2025-11-22 09:23:32.663633,1029.46,63.75999999999999,9506819.0,5.0,21,-92.81,6.86,下行,295.26,63.75999999999999,63759.99999999999,,,,False
2025-11-22 09:23:33.686420,1029.56,63.8599999999999,9506819.0,6.0,22,-92.55,-1.81,下行,295.34,63.8599999999999,63859.9999999999,,,,True
2025-11-22 09:23:34.864746,1029.65,63.95000000000005,9506819.0,6.0,22,-93.6,2.9,下行,295.25,63.95000000000005,63950.00000000005,,,,False
2025-11-22 09:23:35.988954,1029.74,64.03999999999996,9506819.0,6.0,22,-95.32,2.59,下行,295.41,64.03999999999996,64039.99999999996,,,,False
2025-11-22 09:23:37.011242,1029.83,64.12999999999988,9506819.0,6.0,22,-93.81,2.92,下行,295.35,64.12999999999988,64129.99999999988,,,,False
2025-11-22 09:23:38.041915,1029.91,64.21000000000004,9506819.0,6.0,22,-92.11,5.05,下行,295.26,64.21000000000004,64210.00000000004,,,,False
2025-11-22 09:23:39.062263,1030.0,64.29999999999995,9506819.0,6.0,22,-83.15,11.86,下行,295.76,64.29999999999995,64299.999999999956,,,,False
2025-11-22 09:23:40.081576,1030.08,64.37999999999988,9506819.0,6.0,22,-85.94,11.45,下行,295.77,64.37999999999988,64379.99999999988,,,,False
2025-11-22 09:23:41.115827,1030.16,64.46000000000004,9506819.0,6.0,22,-86.66,8.95,下行,296.03,64.46000000000004,64460.00000000004,,,,False
2025-11-22 09:23:42.151562,1030.25,64.54999999999995,9506819.0,6.0,22,-86.19,11.27,下行,296.01,64.54999999999995,64549.999999999956,,,,False
2025-11-22 09:23:43.201424,1030.33,64.62999999999988,9506819.0,6.0,22,-79.06,18.25,下行,296.23,64.62999999999988,64629.99999999988,,,,False
2025-11-22 09:23:44.222462,1030.42,64.72000000000003,9506819.0,6.0,22,-76.15,19.73,下行,296.04,64.72000000000003,64720.00000000003,,,,False
2025-11-22 09:23:45.245336,1030.5,64.79999999999995,9506819.0,6.0,22,-81.54,14.43,下行,295.9,64.79999999999995,64799.999999999956,,,,False
2025-11-22 09:23:46.274179,1030.58,64.87999999999988,9506819.0,6.0,22,-73.57,21.09,下行,295.7,64.87999999999988,64879.99999999988,,,,False
2025-11-22 09:23:47.324581,1030.67,64.97000000000003,9506819.0,6.0,22,-71.81,21.58,下行,295.61,64.97000000000003,64970.00000000003,,,,False
2025-11-22 09:23:48.353439,1030.75,65.04999999999995,9506819.0,6.0,22,-70.45,19.61,下行,295.8,65.04999999999995,65049.999999999956,,,,False
2025-11-22 09:23:49.371779,1030.84,65.13999999999987,9506819.0,6.0,22,-67.24,21.09,下行,295.81,65.13999999999987,65139.99999999987,,,,False
2025-11-22 09:23:50.387374,1030.93,65.23000000000002,9506819.0,6.0,22,-69.05,18.28,下行,295.81,65.23000000000002,65230.000000000015,,,,False
2025-11-22 09:23:51.411377,1031.01,65.30999999999995,9506819.0,6.0,22,-68.03,15.21,下行,296.15,65.30999999999995,65309.99999999994,,,,False
2025-11-22 09:23:54.441815,1031.26,65.55999999999995,9506819.0,6.0,22,-62.81,25.05,下行,296.25,65.55999999999995,65559.99999999994,,,,False
2025-11-22 09:23:55.468702,1031.34,65.63999999999987,9506819.0,6.0,22,-65.48,17.73,下行,296.3,65.63999999999987,65639.99999999987,,,,False
2025-11-22 09:23:56.486982,1031.42,65.72000000000003,9506819.0,6.0,22,-72.49,12.02,下行,296.25,65.72000000000003,65720.00000000003,,,,False
2025-11-22 09:23:57.517502,1031.51,65.80999999999995,9506819.0,6.0,22,-66.36,14.77,下行,296.37,65.80999999999995,65809.99999999994,,,,False
2025-11-22 09:23:58.554606,1031.59,65.88999999999987,9506819.0,6.0,22,-62.03,19.78,下行,296.04,65.88999999999987,65889.99999999987,,,,False
2025-11-22 09:24:00.571311,1031.76,66.05999999999995,9506819.0,6.0,22,-63.1,20.56,下行,296.11,66.05999999999995,66059.99999999994,,,,False
2025-11-22 09:24:01.604862,1031.85,66.14999999999986,9506819.0,6.0,22,-65.82,19.65,下行,295.87,66.14999999999986,66149.99999999987,,,,False
2025-11-22 09:24:02.623709,1031.93,66.23000000000002,9506819.0,6.0,22,-68.44,14.68,下行,295.95,66.23000000000002,66230.00000000001,,,,False
2025-11-22 09:24:03.647861,1032.01,66.30999999999995,9506819.0,6.0,22,-68.73,19.16,下行,295.99,66.30999999999995,66309.99999999994,,,,False
2025-11-22 09:24:04.675866,1032.1,66.39999999999986,9506819.0,6.0,22,-69.45,16.64,下行,295.98,66.39999999999986,66399.99999999987,,,,False
2025-11-22 09:24:05.705380,1032.18,66.48000000000002,9506819.0,6.0,22,-74.7,11.91,下行,295.95,66.48000000000002,66480.00000000001,,,,False
2025-11-22 09:24:06.745232,1032.27,66.56999999999994,9506819.0,6.0,22,-72.98,16.2,下行,295.86,66.56999999999994,66569.99999999994,,,,False
2025-11-22 09:24:07.764742,1032.35,66.64999999999986,9506819.0,6.0,22,-74.08,15.27,下行,295.78,66.64999999999986,66649.99999999987,,,,False
2025-11-22 09:24:08.794115,1032.43,66.73000000000002,9506819.0,6.0,22,-74.08,15.04,下行,295.77,66.73000000000002,66730.00000000001,,,,False
2025-11-22 09:24:09.825831,1032.52,66.81999999999994,9506819.0,6.0,22,-80.97,4.41,下行,294.67,66.81999999999994,66819.99999999994,,,,False
2025-11-22 09:24:10.845596,1032.61,66.90999999999985,9506819.0,6.0,22,-83.96,3.56,下行,295.13,66.90999999999985,66909.99999999985,,,,False
2025-11-22 09:24:11.865341,1032.69,66.99000000000001,9506819.0,6.0,22,-83.64,2.84,下行,294.57,66.99000000000001,66990.00000000001,,,,False
2025-11-22 09:24:12.901239,1032.77,67.06999999999994,9506821.0,1.0,23,-78.68,7.47,下行,294.21,67.06999999999994,67069.99999999994,,,,True
2025-11-22 09:24:14.148829,1032.88,67.18000000000006,9506821.0,1.0,23,-82.36,2.96,下行,293.73,67.18000000000006,67180.00000000006,,,,False
2025-11-22 09:24:15.163573,1032.96,67.25999999999999,9506821.0,1.0,23,-85.77,-1.75,下行,293.63,67.25999999999999,67259.99999999999,,,,False
2025-11-22 09:24:16.190707,1033.04,67.33999999999992,9506821.0,1.0,23,-84.74,1.2,下行,293.75,67.33999999999992,67339.99999999991,,,,False
2025-11-22 09:24:17.216071,1033.13,67.43000000000006,9506821.0,1.0,23,-80.3,5.85,下行,294.14,67.43000000000006,67430.00000000006,,,,False
2025-11-22 09:24:18.245090,1033.21,67.50999999999999,9506821.0,1.0,23,-80.52,4.87,下行,294.06,67.50999999999999,67509.99999999999,,,,False
2025-11-22 09:24:19.269858,1033.29,67.58999999999992,9506821.0,1.0,23,-74.94,8.56,下行,294.15,67.58999999999992,67589.99999999991,,,,False
2025-11-22 09:24:20.299800,1033.38,67.68000000000006,9506821.0,1.0,23,-75.24,9.25,下行,294.24,67.68000000000006,67680.00000000006,,,,False
2025-11-22 09:24:21.331428,1033.46,67.75999999999999,9506821.0,1.0,23,-70.38,15.85,下行,294.39,67.75999999999999,67759.99999999999,,,,False
2025-11-22 09:24:22.365637,1033.54,67.83999999999992,9506821.0,1.0,23,-70.05,12.58,下行,294.37,67.83999999999992,67839.99999999991,,,,False
2025-11-22 09:24:23.374356,1033.63,67.93000000000006,9506821.0,1.0,23,-67.46,15.21,下行,294.73,67.93000000000006,67930.00000000006,,,,False
2025-11-22 09:24:24.409698,1033.71,68.00999999999999,9506821.0,1.0,23,-65.94,16.09,下行,294.78,68.00999999999999,68009.99999999999,,,,False
2025-11-22 09:24:25.431969,1033.79,68.08999999999992,9506821.0,1.0,23,-61.64,20.37,下行,295.12,68.08999999999992,68089.99999999991,,,,False
2025-11-22 09:24:26.452544,1033.88,68.18000000000006,9506821.0,1.0,23,-55.24,25.12,下行,295.46,68.18000000000006,68180.00000000006,,,,False
2025-11-22 09:24:27.481210,1033.96,68.25999999999999,9506821.0,1.0,23,-49.99,28.34,下行,295.61,68.25999999999999,68259.99999999999,,,,False
2025-11-22 09:24:28.503980,1034.05,68.34999999999991,9506821.0,1.0,23,-48.96,28.08,下行,295.69,68.34999999999991,68349.99999999991,,,,False
2025-11-22 09:24:29.533595,1034.14,68.44000000000005,9506821.0,1.0,23,-63.66,12.05,下行,295.76,68.44000000000005,68440.00000000006,,,,False
2025-11-22 09:24:31.567217,1034.3,68.59999999999991,9506821.0,1.0,23,-69.46,10.53,下行,295.69,68.59999999999991,68599.99999999991,,,,False
2025-11-22 09:24:32.586635,1034.38,68.68000000000006,9506821.0,1.0,23,-63.83,13.37,下行,295.52,68.68000000000006,68680.00000000006,,,,False
2025-11-22 09:24:33.613689,1034.47,68.76999999999998,9506821.0,1.0,23,-57.4,10.35,下行,295.53,68.76999999999998,68769.99999999999,,,,False
2025-11-22 09:24:34.645632,1034.55,68.84999999999991,9506821.0,1.0,23,-62.29,11.61,下行,295.77,68.84999999999991,68849.99999999991,,,,False
2025-11-22 09:24:35.668977,1034.64,68.94000000000005,9506821.0,1.0,23,-63.16,15.58,下行,295.49,68.94000000000005,68940.00000000006,,,,False
2025-11-22 09:24:36.692894,1034.72,69.01999999999998,9506821.0,1.0,23,-64.67,16.51,下行,295.62,69.01999999999998,69019.99999999999,,,,False
2025-11-22 09:24:37.731754,1034.8,69.09999999999991,9506821.0,1.0,23,-72.3,10.17,下行,295.62,69.09999999999991,69099.99999999991,,,,False
2025-11-22 09:24:38.750341,1034.89,69.19000000000005,9506821.0,1.0,23,-74.12,9.07,下行,295.59,69.19000000000005,69190.00000000006,,,,False
2025-11-22 09:24:39.776215,1034.98,69.27999999999997,9506821.0,2.0,24,-80.9,0.16,下行,295.58,69.27999999999997,69279.99999999997,23.0,-77.78999999999999,3.1100000000000136,True
2025-11-22 09:24:41.049365,1035.08,69.37999999999988,9506821.0,1.0,23,-81.46,9.37,下行,295.38,69.37999999999988,69379.99999999988,24.0,-77.1,4.359999999999999,True
2025-11-22 09:24:42.391211,1035.19,69.49000000000001,9506821.0,2.0,24,-73.3,10.55,下行,295.56,69.49000000000001,69490.00000000001,,,,True
2025-11-22 09:24:43.632562,1035.29,69.58999999999992,9506821.0,2.0,24,-76.3,8.33,下行,295.46,69.58999999999992,69589.99999999991,,,,False
2025-11-22 09:24:44.659767,1035.37,69.66999999999985,9506821.0,2.0,24,-72.38,13.69,下行,295.66,69.66999999999985,69669.99999999984,,,,False
2025-11-22 09:24:45.694419,1035.46,69.75999999999999,9506821.0,2.0,24,-72.17,20.47,下行,295.72,69.75999999999999,69759.99999999999,,,,False
2025-11-22 09:24:46.714337,1035.54,69.83999999999992,9506821.0,2.0,24,-73.22,19.07,下行,295.6,69.83999999999992,69839.99999999991,,,,False
2025-11-22 09:24:47.748298,1035.63,69.93000000000006,9506821.0,2.0,24,-76.75,13.13,下行,295.89,69.93000000000006,69930.00000000006,,,,False
2025-11-22 09:24:48.765832,1035.72,70.01999999999998,9506821.0,2.0,24,-75.46,13.28,下行,295.63,70.01999999999998,70019.99999999999,,,,False
2025-11-22 09:24:49.785725,1035.8,70.09999999999991,9506821.0,2.0,24,-73.17,18.28,下行,295.76,70.09999999999991,70099.99999999991,,,,False
2025-11-22 09:24:50.813412,1035.88,70.18000000000006,9506821.0,2.0,24,-76.96,17.21,下行,295.63,70.18000000000006,70180.00000000006,,,,False
2025-11-22 09:24:51.842094,1035.97,70.26999999999998,9506821.0,2.0,24,-84.75,4.46,下行,295.68,70.26999999999998,70269.99999999999,,,,False
2025-11-22 09:24:52.872779,1036.05,70.34999999999991,9506821.0,2.0,24,-76.13,18.66,下行,295.73,70.34999999999991,70349.99999999991,,,,False
2025-11-22 09:24:53.909977,1036.13,70.43000000000006,9506821.0,2.0,24,-78.97,13.99,下行,295.73,70.43000000000006,70430.00000000006,,,,False
2025-11-22 09:24:54.944536,1036.22,70.51999999999998,9506821.0,2.0,24,-79.09,13.01,下行,295.58,70.51999999999998,70519.99999999999,,,,False
2025-11-22 09:24:55.952495,1036.31,70.6099999999999,9506821.0,2.0,24,-77.76,13.84,下行,295.37,70.6099999999999,70609.9999999999,,,,False
2025-11-22 09:24:56.992237,1036.39,70.69000000000005,9506821.0,2.0,24,-74.56,20.78,下行,295.26,70.69000000000005,70690.00000000006,,,,False
2025-11-22 09:24:58.010092,1036.47,70.76999999999998,9506821.0,2.0,24,-78.24,14.75,下行,294.84,70.76999999999998,70769.99999999999,,,,False
2025-11-22 09:25:00.030546,1036.64,70.94000000000005,9506821.0,2.0,24,-76.73,17.35,下行,294.43,70.94000000000005,70940.00000000006,,,,False
2025-11-22 09:25:01.048865,1036.72,71.01999999999998,9506821.0,2.0,24,-69.82,22.2,下行,294.2,71.01999999999998,71019.99999999999,,,,False
2025-11-22 09:25:02.076349,1036.8,71.09999999999991,9506821.0,2.0,24,-67.88,26.7,下行,294.43,71.09999999999991,71099.99999999991,,,,False
2025-11-22 09:25:03.104449,1036.89,71.19000000000005,9506821.0,2.0,24,-69.37,21.11,下行,294.26,71.19000000000005,71190.00000000006,,,,False
2025-11-22 09:25:04.128706,1036.97,71.26999999999998,9506821.0,2.0,24,-70.82,22.66,下行,294.28,71.26999999999998,71269.99999999999,,,,False
2025-11-22 09:25:06.146581,1037.13,71.43000000000006,9506821.0,2.0,24,-62.48,26.7,下行,294.25,71.43000000000006,71430.00000000006,,,,False
2025-11-22 09:25:08.175416,1037.3,71.59999999999991,9506821.0,2.0,24,-60.82,27.52,下行,294.46,71.59999999999991,71599.99999999991,,,,False
2025-11-22 09:25:09.212948,1037.39,71.69000000000005,9506821.0,2.0,24,-71.67,20.53,下行,294.24,71.69000000000005,71690.00000000006,,,,False
2025-11-22 09:25:10.250064,1037.47,71.76999999999998,9506821.0,2.0,24,-64.61,27.25,下行,294.53,71.76999999999998,71769.99999999999,,,,False
2025-11-22 09:25:11.271846,1037.56,71.8599999999999,9506821.0,2.0,24,-60.34,15.25,下行,294.37,71.8599999999999,71859.9999999999,,,,False
2025-11-22 09:25:12.293984,1037.64,71.94000000000005,9506821.0,2.0,24,-52.53,22.77,下行,294.67,71.94000000000005,71940.00000000006,,,,False
2025-11-22 09:25:14.324036,1037.81,72.1099999999999,9506821.0,2.0,24,-65.48,15.89,下行,295.14,72.1099999999999,72109.9999999999,,,,False
2025-11-22 09:25:15.346472,1037.89,72.19000000000005,9506821.0,2.0,24,-66.59,17.76,下行,295.54,72.19000000000005,72190.00000000006,,,,False
2025-11-22 09:25:16.383105,1037.97,72.26999999999998,9506821.0,2.0,24,-70.81,16.44,下行,295.51,72.26999999999998,72269.99999999999,,,,False
2025-11-22 09:25:17.405132,1038.06,72.3599999999999,9506821.0,2.0,24,-74.11,19.86,下行,295.82,72.3599999999999,72359.9999999999,,,,False
2025-11-22 09:25:18.439439,1038.14,72.44000000000005,9506821.0,2.0,24,-77.35,15.44,下行,295.9,72.44000000000005,72440.00000000006,,,,False
2025-11-22 09:25:19.465511,1038.22,72.51999999999998,9506821.0,2.0,24,-72.7,16.7,下行,296.03,72.51999999999998,72519.99999999999,,,,False
2025-11-22 09:25:21.492608,1038.4,72.70000000000005,9506821.0,2.0,24,-72.18,19.37,下行,295.88,72.70000000000005,72700.00000000004,,,,False
2025-11-22 09:25:22.515061,1038.48,72.77999999999997,9506821.0,2.0,24,-77.61,14.27,下行,295.52,72.77999999999997,72779.99999999997,,,,False
2025-11-22 09:25:23.546672,1038.56,72.8599999999999,9506821.0,2.0,24,-79.01,12.73,下行,295.78,72.8599999999999,72859.9999999999,,,,False
2025-11-22 09:25:24.573719,1038.65,72.95000000000005,9506821.0,2.0,24,-78.1,12.12,下行,295.53,72.95000000000005,72950.00000000004,,,,False
2025-11-22 09:25:25.596388,1038.73,73.02999999999997,9506821.0,2.0,24,-78.68,14.35,下行,295.43,73.02999999999997,73029.99999999997,,,,False
2025-11-22 09:25:26.637277,1038.82,73.11999999999989,9506821.0,2.0,24,-80.25,12.74,下行,295.53,73.11999999999989,73119.99999999988,,,,False
2025-11-22 09:25:27.687906,1038.9,73.20000000000005,9506821.0,2.0,24,-78.49,16.13,下行,295.87,73.20000000000005,73200.00000000004,,,,False
2025-11-22 09:25:28.710362,1038.98,73.27999999999997,9506821.0,2.0,24,-77.93,14.81,下行,295.91,73.27999999999997,73279.99999999997,,,,False
2025-11-22 09:25:29.763610,1039.07,73.36999999999989,9506821.0,2.0,24,-79.97,15.05,下行,296.18,73.36999999999989,73369.99999999988,,,,False
2025-11-22 09:25:30.801372,1039.16,73.46000000000004,9506821.0,2.0,24,-80.99,12.87,下行,296.43,73.46000000000004,73460.00000000003,,,,False
2025-11-22 09:25:31.825586,1039.25,73.54999999999995,9506821.0,2.0,24,-82.64,12.78,下行,296.17,73.54999999999995,73549.99999999996,,,,False
2025-11-22 09:25:32.846578,1039.33,73.62999999999988,9506821.0,2.0,24,-84.38,11.25,下行,296.07,73.62999999999988,73629.99999999988,,,,False
2025-11-22 09:25:33.875504,1039.41,73.71000000000004,9506821.0,2.0,24,-92.89,6.49,下行,295.8,73.71000000000004,73710.00000000003,,,,False
2025-11-22 09:25:34.896553,1039.5,73.79999999999995,9506821.0,2.0,24,-95.32,6.89,下行,295.34,73.79999999999995,73799.99999999996,,,,False
2025-11-22 09:25:35.920001,1039.58,73.87999999999988,9506821.0,2.0,24,-86.19,9.73,下行,294.89,73.87999999999988,73879.99999999988,,,,False
2025-11-22 09:25:36.957410,1039.66,73.96000000000004,9506821.0,2.0,24,-85.68,12.23,下行,294.56,73.96000000000004,73960.00000000003,,,,False
2025-11-22 09:25:37.980628,1039.75,74.04999999999995,9506821.0,2.0,24,-84.89,12.87,下行,294.5,74.04999999999995,74049.99999999996,,,,False
2025-11-22 09:25:39.002355,1039.83,74.12999999999988,9506821.0,2.0,24,-88.34,11.72,下行,294.5,74.12999999999988,74129.99999999988,,,,False
2025-11-22 09:25:40.060131,1039.92,74.22000000000003,9506821.0,2.0,24,-85.34,13.55,下行,294.9,74.22000000000003,74220.00000000003,,,,False
2025-11-22 09:25:41.094633,1040.0,74.29999999999995,9506821.0,2.0,24,-82.24,14.02,下行,295.19,74.29999999999995,74299.99999999996,,,,False
2025-11-22 09:25:42.131340,1040.08,74.37999999999988,9506821.0,2.0,24,-98.61,7.48,下行,294.77,74.37999999999988,74379.99999999988,,,,False
2025-11-22 09:25:43.152607,1040.17,74.47000000000003,9506821.0,2.0,24,-84.56,13.81,下行,295.0,74.47000000000003,74470.00000000003,,,,False
2025-11-22 09:25:44.196444,1040.26,74.55999999999995,9506821.0,2.0,24,-84.34,9.82,下行,294.84,74.55999999999995,74559.99999999994,,,,False
2025-11-22 09:25:45.211604,1040.34,74.63999999999987,9506821.0,2.0,24,-82.57,12.07,下行,294.86,74.63999999999987,74639.99999999987,,,,False
2025-11-22 09:25:46.249309,1040.43,74.73000000000002,9506821.0,2.0,24,-85.51,16.85,下行,295.13,74.73000000000002,74730.00000000001,,,,False
2025-11-22 09:25:47.272849,1040.51,74.80999999999995,9506821.0,2.0,24,-86.09,18.77,下行,294.8,74.80999999999995,74809.99999999994,,,,False
2025-11-22 09:25:48.294793,1040.59,74.88999999999987,9506821.0,2.0,24,-89.85,14.87,下行,295.14,74.88999999999987,74889.99999999987,,,,False
2025-11-22 09:25:49.331923,1040.68,74.98000000000002,9506821.0,2.0,24,-90.47,11.49,下行,294.98,74.98000000000002,74980.00000000001,,,,False
2025-11-22 09:25:51.359537,1040.84,75.13999999999987,9506821.0,2.0,24,-96.28,12.08,下行,295.37,75.13999999999987,75139.99999999987,,,,False
2025-11-22 09:25:52.382281,1040.93,75.23000000000002,9506821.0,2.0,24,-97.33,11.33,下行,295.11,75.23000000000002,75230.00000000001,,,,False
2025-11-22 09:25:53.419610,1041.01,75.30999999999995,9506821.0,2.0,24,-97.03,11.47,下行,295.12,75.30999999999995,75309.99999999994,,,,False
2025-11-22 09:25:54.471933,1041.1,75.39999999999986,9506821.0,2.0,24,-97.41,8.57,下行,295.1,75.39999999999986,75399.99999999987,,,,False
2025-11-22 09:25:55.508352,1041.19,75.49000000000001,9506821.0,2.0,24,-96.3,11.45,下行,294.76,75.49000000000001,75490.00000000001,,,,False
2025-11-22 09:25:56.562388,1041.27,75.56999999999994,9506821.0,2.0,24,-97.02,12.0,下行,294.87,75.56999999999994,75569.99999999994,,,,False
2025-11-22 09:25:58.606846,1041.44,75.74000000000001,9506821.0,2.0,24,-98.31,11.18,下行,294.58,75.74000000000001,75740.00000000001,,,,False
2025-11-22 09:25:59.691456,1041.53,75.82999999999993,9506821.0,2.0,24,-97.07,13.22,下行,294.87,75.82999999999993,75829.99999999993,,,,False
2025-11-22 09:26:00.759462,1041.61,75.90999999999985,9506821.0,2.0,24,-98.49,10.1,下行,294.92,75.90999999999985,75909.99999999985,,,,False
2025-11-22 09:26:01.780444,1041.7,76.0,9506821.0,2.0,24,-101.37,3.67,下行,294.63,76.0,76000.0,,,,False
2025-11-22 09:26:02.802203,1041.78,76.07999999999993,9506821.0,2.0,24,-103.25,5.88,下行,293.35,76.07999999999993,76079.99999999993,,,,False
2025-11-22 09:26:03.822678,1041.86,76.15999999999985,9506821.0,2.0,24,-102.54,6.66,下行,291.35,76.15999999999985,76159.99999999985,,,,False
2025-11-22 09:26:04.860942,1041.95,76.25,9506821.0,2.0,24,-100.78,8.36,下行,289.53,76.25,76250.0,,,,False
2025-11-22 09:26:05.898589,1042.03,76.32999999999993,9506821.0,2.0,24,-98.8,8.6,下行,287.47,76.32999999999993,76329.99999999993,,,,False
2025-11-22 09:26:06.920602,1042.11,76.40999999999985,9506821.0,2.0,24,-97.91,10.2,下行,285.75,76.40999999999985,76409.99999999985,,,,False
2025-11-22 09:26:07.942610,1042.2,76.5,9506821.0,2.0,24,-98.79,11.78,下行,283.63,76.5,76500.0,,,,False
2025-11-22 09:26:08.965487,1042.27,76.56999999999994,9506821.0,2.0,24,-95.88,14.18,下行,281.67,76.56999999999994,76569.99999999994,,,,False
2025-11-22 09:26:10.001827,1042.35,76.64999999999986,9506821.0,2.0,24,-92.62,17.43,下行,279.72,76.64999999999986,76649.99999999987,,,,False
2025-11-22 09:26:11.040303,1042.44,76.74000000000001,9506821.0,2.0,24,-93.76,19.66,下行,277.43,76.74000000000001,76740.00000000001,,,,False
2025-11-22 09:26:12.062563,1042.51,76.80999999999995,9506821.0,2.0,24,-91.77,15.14,下行,275.59,76.80999999999995,76809.99999999994,,,,False
2025-11-22 09:26:13.116060,1042.6,76.89999999999986,9506821.0,2.0,24,-92.04,14.58,下行,273.75,76.89999999999986,76899.99999999987,,,,False
2025-11-22 09:26:14.173482,1042.67,76.97000000000003,9506821.0,2.0,24,-93.22,13.81,下行,271.76,76.97000000000003,76970.00000000003,,,,False
2025-11-22 09:26:15.191498,1042.75,77.04999999999995,9506821.0,2.0,24,-92.39,17.52,下行,269.72,77.04999999999995,77049.99999999996,,,,False
2025-11-22 09:26:16.244000,1042.83,77.12999999999988,9506821.0,2.0,24,-92.29,16.88,下行,267.89,77.12999999999988,77129.99999999988,,,,False
2025-11-22 09:26:17.252753,1042.9,77.20000000000005,9506821.0,2.0,24,-92.97,15.21,下行,265.87,77.20000000000005,77200.00000000004,,,,False
2025-11-22 09:26:18.271586,1042.98,77.27999999999997,9506821.0,2.0,24,-93.79,11.38,下行,263.96,77.27999999999997,77279.99999999997,,,,False
2025-11-22 09:26:19.308372,1043.06,77.3599999999999,9506821.0,2.0,24,-91.42,13.17,下行,262.08,77.3599999999999,77359.9999999999,,,,False
2025-11-22 09:26:20.314017,1043.13,77.43000000000006,9506821.0,2.0,24,-94.54,10.42,下行,259.85,77.43000000000006,77430.00000000006,,,,False
2025-11-22 09:26:22.342886,1043.27,77.56999999999994,9506821.0,2.0,24,-97.33,9.74,下行,256.09,77.56999999999994,77569.99999999994,,,,False
2025-11-22 09:26:23.379444,1043.35,77.64999999999986,9506821.0,2.0,24,-101.5,10.12,下行,254.01,77.64999999999986,77649.99999999987,,,,False
2025-11-22 09:26:24.400913,1043.42,77.72000000000003,9506821.0,2.0,24,-98.62,9.56,下行,252.17,77.72000000000003,77720.00000000003,,,,False
2025-11-22 09:26:25.422224,1043.49,77.78999999999996,9506821.0,2.0,24,-94.93,8.11,下行,250.05,77.78999999999996,77789.99999999997,,,,False
2025-11-22 09:26:26.443540,1043.56,77.8599999999999,9506821.0,2.0,24,-98.01,11.23,下行,247.98,77.8599999999999,77859.9999999999,,,,False
2025-11-22 09:26:27.481752,1043.63,77.93000000000006,9506821.0,2.0,24,-100.5,11.97,下行,245.97,77.93000000000006,77930.00000000006,,,,False
2025-11-22 09:26:28.502204,1043.7,78.0,9506821.0,2.0,24,-98.92,8.7,下行,244.33,78.0,78000.0,,,,False
2025-11-22 09:26:29.524699,1043.77,78.06999999999994,9506821.0,2.0,24,-104.77,3.96,下行,243.1,78.06999999999994,78069.99999999994,,,,False
2025-11-22 09:26:30.547321,1043.84,78.13999999999987,9506821.0,2.0,24,-100.03,11.34,下行,242.99,78.13999999999987,78139.99999999987,,,,False
2025-11-22 09:26:31.570157,1043.91,78.21000000000004,9506821.0,2.0,24,-102.72,6.18,下行,242.62,78.21000000000004,78210.00000000003,,,,False
2025-11-22 09:26:32.608281,1043.98,78.27999999999997,9506821.0,2.0,24,-108.03,3.41,下行,242.29,78.27999999999997,78279.99999999997,,,,False
2025-11-22 09:26:33.631196,1044.05,78.34999999999991,9506821.0,2.0,24,-103.05,11.06,下行,241.87,78.34999999999991,78349.99999999991,,,,False
2025-11-22 09:26:34.667944,1044.11,78.40999999999985,9506821.0,2.0,24,-100.39,10.4,下行,241.47,78.40999999999985,78409.99999999985,,,,False
2025-11-22 09:26:35.706311,1044.19,78.49000000000001,9506821.0,2.0,24,-97.63,15.47,下行,241.19,78.49000000000001,78490.00000000001,,,,False
2025-11-22 09:26:36.730551,1044.25,78.54999999999995,9506821.0,2.0,24,-96.99,13.74,下行,240.57,78.54999999999995,78549.99999999996,,,,False
2025-11-22 09:26:37.764836,1044.33,78.62999999999988,9506821.0,2.0,24,-97.53,12.95,下行,239.87,78.62999999999988,78629.99999999988,,,,False
2025-11-22 09:26:38.800951,1044.39,78.69000000000005,9506821.0,2.0,24,-102.96,7.8,下行,239.38,78.69000000000005,78690.00000000006,,,,False
2025-11-22 09:26:39.869288,1044.46,78.75999999999999,9506821.0,2.0,24,-102.4,11.14,下行,238.89,78.75999999999999,78759.99999999999,,,,False
2025-11-22 09:26:40.921743,1044.53,78.82999999999993,9506821.0,2.0,24,-101.06,13.38,下行,239.27,78.82999999999993,78829.99999999993,,,,False
2025-11-22 09:26:41.959894,1044.6,78.89999999999986,9506821.0,2.0,24,-100.51,14.0,下行,239.87,78.89999999999986,78899.99999999987,,,,False
2025-11-22 09:26:43.028952,1044.67,78.97000000000003,9506821.0,2.0,24,-98.53,14.96,下行,239.93,78.97000000000003,78970.00000000003,,,,False
2025-11-22 09:26:44.127974,1044.74,79.03999999999996,9506821.0,2.0,24,-99.46,15.96,下行,240.12,79.03999999999996,79039.99999999997,,,,False
2025-11-22 09:26:45.164529,1044.82,79.11999999999989,9506821.0,2.0,24,-108.81,8.41,下行,239.93,79.11999999999989,79119.99999999988,,,,False
2025-11-22 09:26:46.217828,1044.88,79.18000000000006,9506821.0,2.0,24,-106.54,10.34,下行,239.79,79.18000000000006,79180.00000000006,,,,False
2025-11-22 09:26:47.271723,1044.96,79.25999999999999,9506821.0,2.0,24,-108.29,9.96,下行,239.79,79.25999999999999,79259.99999999999,,,,False
2025-11-22 09:26:48.356649,1045.03,79.32999999999993,9506821.0,2.0,24,-104.46,7.94,下行,239.67,79.32999999999993,79329.99999999993,,,,False
2025-11-22 09:26:49.410274,1045.1,79.39999999999986,9506821.0,2.0,24,-105.91,5.97,下行,240.12,79.39999999999986,79399.99999999987,,,,False
2025-11-22 09:26:50.476723,1045.17,79.47000000000003,9506821.0,2.0,24,-105.91,7.31,下行,240.73,79.47000000000003,79470.00000000003,,,,False
2025-11-22 09:26:51.498048,1045.23,79.52999999999997,9506821.0,2.0,24,-110.67,4.36,下行,241.54,79.52999999999997,79529.99999999997,,,,False
2025-11-22 09:26:52.550373,1045.31,79.6099999999999,9506821.0,2.0,24,-108.41,6.09,下行,242.29,79.6099999999999,79609.9999999999,,,,False
2025-11-22 09:26:54.578906,1045.44,79.74000000000001,9506821.0,2.0,24,-104.3,7.48,下行,242.89,79.74000000000001,79740.00000000001,,,,False
2025-11-22 09:26:55.632317,1045.52,79.81999999999994,9506821.0,2.0,24,-102.49,10.35,下行,242.93,79.81999999999994,79819.99999999994,,,,False
2025-11-22 09:26:56.685522,1045.59,79.88999999999987,9506821.0,2.0,24,-100.52,13.0,下行,243.19,79.88999999999987,79889.99999999987,,,,False
2025-11-22 09:26:57.708537,1045.66,79.96000000000004,9506821.0,2.0,24,-101.26,17.72,下行,243.23,79.96000000000004,79960.00000000003,,,,False
2025-11-22 09:26:58.760627,1045.72,80.01999999999998,9506821.0,2.0,24,-101.11,17.71,下行,243.65,80.01999999999998,80019.99999999999,,,,False
2025-11-22 09:26:59.813138,1045.8,80.09999999999991,9506821.0,2.0,24,-107.96,9.19,下行,243.68,80.09999999999991,80099.99999999991,,,,False
2025-11-22 09:27:00.819677,1045.87,80.16999999999985,9506821.0,2.0,24,-103.85,11.54,下行,244.04,80.16999999999985,80169.99999999984,,,,False
2025-11-22 09:27:01.856083,1045.94,80.24000000000001,9506821.0,2.0,24,-104.94,1.05,下行,244.12,80.24000000000001,80240.00000000001,,,,False
2025-11-22 09:27:02.897060,1046.01,80.30999999999995,9506821.0,2.0,24,-117.48,1.22,下行,244.18,80.30999999999995,80309.99999999994,,,,False
2025-11-22 09:27:03.961865,1046.08,80.37999999999988,9506821.0,2.0,24,-105.72,6.71,下行,244.28,80.37999999999988,80379.99999999988,,,,False
2025-11-22 09:27:05.031653,1046.15,80.45000000000005,9506821.0,2.0,24,-112.36,6.8,下行,244.4,80.45000000000005,80450.00000000004,,,,False
2025-11-22 09:27:06.069088,1046.22,80.51999999999998,9506821.0,2.0,24,-112.36,6.8,下行,244.27,80.51999999999998,80519.99999999999,,,,False
2025-11-22 09:27:07.108208,1046.29,80.58999999999992,9572354.0,1.0,27,-63.17,21.71,下行,244.35,80.58999999999992,80589.99999999991,,,,True
2025-11-22 09:27:08.598431,1046.4,80.70000000000005,9572354.0,1.0,27,-61.16,23.28,下行,244.53,80.70000000000005,80700.00000000004,,,,False
2025-11-22 09:27:09.619907,1046.46,80.75999999999999,9572354.0,1.0,27,-63.37,22.85,下行,244.57,80.75999999999999,80759.99999999999,,,,False
2025-11-22 09:27:10.656771,1046.54,80.83999999999992,9572354.0,1.0,27,-69.98,19.81,下行,244.59,80.83999999999992,80839.99999999991,,,,False
2025-11-22 09:27:11.677001,1046.61,80.90999999999985,9572354.0,1.0,27,-72.5,16.3,下行,244.63,80.90999999999985,80909.99999999985,,,,False
2025-11-22 09:27:12.713891,1046.67,80.97000000000003,9572354.0,1.0,27,-68.59,18.2,下行,244.5,80.97000000000003,80970.00000000003,,,,False
2025-11-22 09:27:14.739966,1046.81,81.1099999999999,9572354.0,1.0,27,-70.92,13.05,下行,244.04,81.1099999999999,81109.9999999999,,,,False
2025-11-22 09:27:15.762736,1046.88,81.18000000000006,9572354.0,1.0,27,-61.46,15.82,下行,243.71,81.18000000000006,81180.00000000006,,,,False
2025-11-22 09:27:16.785351,1046.95,81.25,9572354.0,1.0,27,-61.33,20.77,下行,243.45,81.25,81250.0,,,,False
2025-11-22 09:27:17.806120,1047.02,81.31999999999994,9572354.0,1.0,27,-62.39,19.34,下行,243.18,81.31999999999994,81319.99999999994,,,,False
2025-11-22 09:27:18.863570,1047.09,81.38999999999987,9572354.0,1.0,27,-64.77,20.05,下行,242.83,81.38999999999987,81389.99999999987,,,,False
2025-11-22 09:27:19.882572,1047.16,81.46000000000004,9572354.0,1.0,27,-68.56,20.49,下行,242.62,81.46000000000004,81460.00000000003,,,,False
2025-11-22 09:27:20.920124,1047.23,81.52999999999997,9572354.0,1.0,27,-70.61,16.6,下行,242.19,81.52999999999997,81529.99999999997,,,,False
2025-11-22 09:27:21.943142,1047.3,81.59999999999991,9572354.0,1.0,27,-73.35,16.41,下行,241.91,81.59999999999991,81599.99999999991,,,,False
2025-11-22 09:27:22.965287,1047.36,81.65999999999985,9572354.0,1.0,27,-75.14,11.08,下行,241.53,81.65999999999985,81659.99999999985,,,,False
2025-11-22 09:27:24.003427,1047.44,81.74000000000001,9572354.0,1.0,27,-77.87,3.28,下行,241.21,81.74000000000001,81740.00000000001,,,,False
2025-11-22 09:27:25.025878,1047.5,81.79999999999995,9572354.0,1.0,27,-81.99,3.03,下行,240.93,81.79999999999995,81799.99999999996,,,,False
2025-11-22 09:27:26.052522,1047.57,81.86999999999989,9572354.0,1.0,27,-79.02,3.58,下行,240.55,81.86999999999989,81869.99999999988,,,,False
2025-11-22 09:27:27.070536,1047.64,81.94000000000005,9572354.0,1.0,27,-81.02,5.69,下行,240.34,81.94000000000005,81940.00000000006,,,,False
2025-11-22 09:27:28.125115,1047.71,82.00999999999999,9572354.0,1.0,27,-82.07,5.04,下行,239.88,82.00999999999999,82009.99999999999,,,,False
2025-11-22 09:27:29.145672,1047.78,82.07999999999993,9572354.0,2.0,28,-78.59,5.44,下行,239.68,82.07999999999993,82079.99999999993,,,,True
2025-11-22 09:27:30.418034,1047.86,82.15999999999985,9572354.0,2.0,28,-77.29,8.9,下行,239.41,82.15999999999985,82159.99999999985,,,,False
2025-11-22 09:27:31.440093,1047.93,82.23000000000002,9572354.0,2.0,28,-75.99,10.28,下行,239.99,82.23000000000002,82230.00000000001,,,,False
2025-11-22 09:27:32.478840,1048.0,82.29999999999995,9572354.0,2.0,28,-75.2,17.04,下行,240.48,82.29999999999995,82299.99999999996,,,,False
2025-11-22 09:27:33.499932,1048.07,82.36999999999989,9572354.0,2.0,28,-74.32,13.68,下行,240.99,82.36999999999989,82369.99999999988,,,,False
2025-11-22 09:27:35.529244,1048.21,82.50999999999999,9572354.0,2.0,28,-74.77,12.6,下行,241.64,82.50999999999999,82509.99999999999,,,,False
2025-11-22 09:27:36.584547,1048.28,82.57999999999993,9572354.0,2.0,28,-72.58,14.23,下行,241.61,82.57999999999993,82579.99999999993,,,,False
2025-11-22 09:27:37.622480,1048.35,82.64999999999986,9572354.0,2.0,28,-73.34,13.5,下行,242.11,82.64999999999986,82649.99999999987,,,,False
2025-11-22 09:27:38.647778,1048.42,82.72000000000003,9572354.0,2.0,28,-73.38,12.63,下行,242.12,82.72000000000003,82720.00000000003,,,,False
2025-11-22 09:27:39.683733,1048.48,82.77999999999997,9572354.0,2.0,28,-71.87,20.03,下行,242.61,82.77999999999997,82779.99999999997,,,,False
2025-11-22 09:27:40.721174,1048.56,82.8599999999999,9572354.0,2.0,28,-72.55,20.21,下行,242.78,82.8599999999999,82859.9999999999,,,,False
2025-11-22 09:27:42.733737,1048.69,82.99000000000001,9572354.0,2.0,28,-70.91,22.58,下行,243.33,82.99000000000001,82990.00000000001,,,,False
2025-11-22 09:27:43.770913,1048.76,83.05999999999995,9572354.0,2.0,28,-68.28,25.71,下行,243.47,83.05999999999995,83059.99999999994,,,,False
2025-11-22 09:27:44.797928,1048.83,83.12999999999988,9572354.0,2.0,28,-65.75,28.15,下行,243.56,83.12999999999988,83129.99999999988,,,,False
2025-11-22 09:27:46.821501,1048.97,83.26999999999998,9572354.0,2.0,28,-64.63,27.72,下行,244.32,83.26999999999998,83269.99999999999,,,,False
2025-11-22 09:27:47.843236,1049.04,83.33999999999992,9572354.0,2.0,28,-60.82,30.22,下行,244.65,83.33999999999992,83339.99999999991,,,,False
2025-11-22 09:27:48.868445,1049.11,83.40999999999985,9572354.0,2.0,28,-57.94,30.48,下行,244.82,83.40999999999985,83409.99999999985,,,,False
2025-11-22 09:27:49.908795,1049.18,83.48000000000002,9572354.0,2.0,28,-55.03,32.66,下行,245.07,83.48000000000002,83480.00000000001,,,,False
2025-11-22 09:27:50.957628,1049.25,83.54999999999995,9572354.0,2.0,28,-52.08,31.49,下行,245.23,83.54999999999995,83549.99999999996,,,,False
2025-11-22 09:27:51.980499,1049.32,83.61999999999989,9572354.0,2.0,28,-50.14,32.65,下行,245.32,83.61999999999989,83619.99999999988,,,,False
2025-11-22 09:27:53.018421,1049.39,83.69000000000005,9572354.0,2.0,28,-53.02,32.9,下行,245.24,83.69000000000005,83690.00000000006,,,,False
2025-11-22 09:27:54.055697,1049.46,83.75999999999999,9572354.0,2.0,28,-64.6,29.63,下行,245.23,83.75999999999999,83759.99999999999,,,,False
2025-11-22 09:27:55.078208,1049.53,83.82999999999993,9572354.0,2.0,28,-67.4,23.85,下行,245.33,83.82999999999993,83829.99999999993,,,,False
2025-11-22 09:27:56.100738,1049.6,83.89999999999986,9572354.0,2.0,28,-75.72,19.76,下行,245.16,83.89999999999986,83899.99999999987,,,,False
2025-11-22 09:27:57.138411,1049.67,83.97000000000003,9572354.0,2.0,28,-68.98,21.68,下行,245.18,83.97000000000003,83970.00000000003,,,,False
2025-11-22 09:27:58.160222,1049.74,84.03999999999996,9572354.0,2.0,28,-72.19,14.35,下行,245.25,84.03999999999996,84039.99999999997,,,,False
2025-11-22 09:27:59.182136,1049.81,84.1099999999999,9572354.0,2.0,28,-60.22,22.47,下行,245.21,84.1099999999999,84109.9999999999,,,,False
2025-11-22 09:28:00.204913,1049.88,84.18000000000006,9572354.0,2.0,28,-57.7,23.04,下行,245.33,84.18000000000006,84180.00000000006,,,,False
2025-11-22 09:28:01.274327,1049.95,84.25,9572354.0,2.0,28,-59.65,26.39,下行,245.28,84.25,84250.0,,,,False
2025-11-22 09:28:03.287843,1050.09,84.38999999999987,9572354.0,2.0,28,-62.67,20.79,下行,245.31,84.38999999999987,84389.99999999987,,,,False
2025-11-22 09:28:04.310279,1050.16,84.46000000000004,9572354.0,2.0,28,-66.77,23.53,下行,245.41,84.46000000000004,84460.00000000003,,,,False
2025-11-22 09:28:05.331639,1050.23,84.52999999999997,9572354.0,2.0,28,-69.58,16.36,下行,245.37,84.52999999999997,84529.99999999997,,,,False
2025-11-22 09:28:06.368333,1050.3,84.59999999999991,9572354.0,2.0,28,-69.82,20.51,下行,245.56,84.59999999999991,84599.99999999991,,,,False
2025-11-22 09:28:07.391425,1050.37,84.66999999999985,9572354.0,2.0,28,-72.84,19.81,下行,245.65,84.66999999999985,84669.99999999984,,,,False
2025-11-22 09:28:08.413585,1050.44,84.74000000000001,9572354.0,2.0,28,-74.53,14.95,下行,245.93,84.74000000000001,84740.00000000001,,,,False
2025-11-22 09:28:09.434839,1050.51,84.80999999999995,9572354.0,2.0,28,-76.07,13.84,下行,246.05,84.80999999999995,84809.99999999994,,,,False
2025-11-22 09:28:10.461408,1050.58,84.87999999999988,9572354.0,2.0,28,-76.68,17.6,下行,246.17,84.87999999999988,84879.99999999988,,,,False
2025-11-22 09:28:11.509306,1050.65,84.95000000000005,9572354.0,2.0,28,-79.09,18.26,下行,246.28,84.95000000000005,84950.00000000004,,,,False
2025-11-22 09:28:14.527922,1050.86,85.15999999999985,9572354.0,2.0,28,-82.41,12.23,下行,246.18,85.15999999999985,85159.99999999985,,,,False
2025-11-22 09:28:15.582359,1050.93,85.23000000000002,9572354.0,2.0,28,-82.73,14.4,下行,246.16,85.23000000000002,85230.00000000001,,,,False
2025-11-22 09:28:16.603933,1051.0,85.29999999999995,9572354.0,2.0,28,-85.21,12.29,下行,245.85,85.29999999999995,85299.99999999996,,,,False
2025-11-22 09:28:17.626593,1051.07,85.36999999999989,9572354.0,2.0,28,-86.59,8.08,下行,245.86,85.36999999999989,85369.99999999988,,,,False
2025-11-22 09:28:18.648533,1051.14,85.44000000000005,9572354.0,2.0,28,-86.05,8.77,下行,245.93,85.44000000000005,85440.00000000006,,,,False
2025-11-22 09:28:19.683176,1051.21,85.50999999999999,9572354.0,2.0,28,-84.75,12.06,下行,245.83,85.50999999999999,85509.99999999999,,,,False
2025-11-22 09:28:20.712322,1051.28,85.57999999999993,9572354.0,2.0,28,-84.94,11.27,下行,245.87,85.57999999999993,85579.99999999993,,,,False
2025-11-22 09:28:21.752830,1051.35,85.64999999999986,9572354.0,2.0,28,-85.18,12.77,下行,246.05,85.64999999999986,85649.99999999987,,,,False
2025-11-22 09:28:22.776485,1051.42,85.72000000000003,9572354.0,2.0,28,-83.68,4.41,下行,246.06,85.72000000000003,85720.00000000003,,,,False
2025-11-22 09:28:23.798994,1051.49,85.78999999999996,9572354.0,2.0,28,-84.72,12.58,下行,245.89,85.78999999999996,85789.99999999997,,,,False
2025-11-22 09:28:24.835471,1051.56,85.8599999999999,9572354.0,2.0,28,-86.55,9.86,下行,245.85,85.8599999999999,85859.9999999999,,,,False
2025-11-22 09:28:25.857674,1051.63,85.93000000000006,9572354.0,2.0,28,-87.41,5.79,下行,245.8,85.93000000000006,85930.00000000006,,,,False
2025-11-22 09:28:26.880522,1051.7,86.0,9572354.0,2.0,28,-86.88,4.12,下行,245.59,86.0,86000.0,,,,False
2025-11-22 09:28:27.903258,1051.77,86.06999999999994,9572355.0,1.0,28,-89.16,6.52,下行,245.87,86.06999999999994,86069.99999999994,,,,False
2025-11-22 09:28:29.162341,1051.86,86.15999999999985,9572355.0,1.0,29,-83.72,3.76,下行,245.72,86.15999999999985,86159.99999999985,,,,True
2025-11-22 09:28:30.262686,1051.93,86.23000000000002,9572355.0,1.0,29,-80.52,9.19,下行,245.63,86.23000000000002,86230.00000000001,,,,False
2025-11-22 09:28:31.284721,1052.0,86.29999999999995,9572355.0,1.0,29,-77.97,10.24,下行,245.57,86.29999999999995,86299.99999999996,,,,False
2025-11-22 09:28:32.309762,1052.07,86.36999999999989,9572355.0,1.0,29,-76.14,11.87,下行,245.5,86.36999999999989,86369.99999999988,,,,False
2025-11-22 09:28:33.326827,1052.14,86.44000000000005,9572355.0,1.0,29,-70.17,15.38,下行,245.43,86.44000000000005,86440.00000000006,,,,False
2025-11-22 09:28:34.364654,1052.21,86.50999999999999,9572355.0,1.0,29,-67.62,21.17,下行,245.1,86.50999999999999,86509.99999999999,,,,False
2025-11-22 09:28:35.401727,1052.28,86.57999999999993,9572355.0,1.0,29,-63.83,23.4,下行,244.95,86.57999999999993,86579.99999999993,,,,False
2025-11-22 09:28:37.413144,1052.42,86.72000000000003,9572355.0,1.0,29,-61.05,25.62,下行,244.56,86.72000000000003,86720.00000000003,,,,False
2025-11-22 09:28:38.435252,1052.49,86.78999999999996,9572355.0,1.0,29,-60.45,26.32,下行,244.66,86.78999999999996,86789.99999999997,,,,False
2025-11-22 09:28:39.456400,1052.56,86.8599999999999,9572355.0,1.0,29,-73.35,12.17,下行,244.73,86.8599999999999,86859.9999999999,,,,False
2025-11-22 09:28:40.508549,1052.63,86.93000000000006,9572355.0,1.0,29,-78.41,10.41,下行,244.82,86.93000000000006,86930.00000000006,,,,False
2025-11-22 09:28:41.530575,1052.7,87.0,9572355.0,1.0,29,-75.68,11.39,下行,245.01,87.0,87000.0,,,,False
2025-11-22 09:28:42.567190,1052.77,87.06999999999994,9572355.0,1.0,29,-81.96,6.23,下行,245.07,87.06999999999994,87069.99999999994,,,,False
2025-11-22 09:28:43.588068,1052.84,87.13999999999987,9572355.0,1.0,29,-80.67,-1.22,下行,244.99,87.13999999999987,87139.99999999987,,,,False
2025-11-22 09:28:44.609939,1052.91,87.21000000000004,9572355.0,1.0,29,-73.69,14.53,下行,244.82,87.21000000000004,87210.00000000003,,,,False
2025-11-22 09:28:45.648332,1052.98,87.27999999999997,9572355.0,1.0,29,-70.68,18.04,下行,244.73,87.27999999999997,87279.99999999997,,,,False
2025-11-22 09:28:46.670532,1053.05,87.34999999999991,9572355.0,1.0,29,-71.44,20.52,下行,244.89,87.34999999999991,87349.99999999991,,,,False
2025-11-22 09:28:47.692650,1053.12,87.41999999999985,9572355.0,1.0,29,-72.47,19.34,下行,244.88,87.41999999999985,87419.99999999984,,,,False
2025-11-22 09:28:48.714237,1053.19,87.49000000000001,9572355.0,1.0,29,-72.66,19.84,下行,244.3,87.49000000000001,87490.00000000001,,,,False
2025-11-22 09:28:50.749305,1053.33,87.62999999999988,9572355.0,1.0,29,-76.13,17.14,下行,244.2,87.62999999999988,87629.99999999988,,,,False
2025-11-22 09:28:51.778770,1053.39,87.69000000000005,9572355.0,1.0,29,-78.33,16.14,下行,244.08,87.69000000000005,87690.00000000006,,,,False
2025-11-22 09:28:53.820793,1053.54,87.83999999999992,9572355.0,1.0,29,-76.85,18.95,下行,244.27,87.83999999999992,87839.99999999991,,,,False
2025-11-22 09:28:54.843277,1053.6,87.89999999999986,9572355.0,1.0,29,-78.02,11.01,下行,244.32,87.89999999999986,87899.99999999987,,,,False
2025-11-22 09:28:55.867003,1053.67,87.97000000000003,9572355.0,1.0,29,-81.58,10.51,下行,244.45,87.97000000000003,87970.00000000003,,,,False
2025-11-22 09:28:56.888047,1053.75,88.04999999999995,9572355.0,1.0,29,-81.94,7.82,下行,244.68,88.04999999999995,88049.99999999996,,,,False
2025-11-22 09:28:57.910791,1053.81,88.1099999999999,9572355.0,1.0,29,-84.62,11.21,下行,244.83,88.1099999999999,88109.9999999999,,,,False
2025-11-22 09:28:58.945124,1053.88,88.18000000000006,9572355.0,1.0,29,-84.13,9.19,下行,244.83,88.18000000000006,88180.00000000006,,,,False
2025-11-22 09:28:59.970890,1053.95,88.25,9572355.0,1.0,29,-83.05,8.3,下行,245.22,88.25,88250.0,,,,False
2025-11-22 09:29:01.031450,1054.02,88.31999999999994,9572355.0,1.0,29,-85.18,9.0,下行,245.43,88.31999999999994,88319.99999999994,,,,False
2025-11-22 09:29:02.060664,1054.1,88.39999999999986,9572355.0,1.0,29,-86.47,5.78,下行,245.65,88.39999999999986,88399.99999999987,,,,False
2025-11-22 09:29:03.087630,1054.16,88.46000000000004,9572355.0,2.0,29,-89.01,0.31,下行,245.61,88.46000000000004,88460.00000000003,,,,False
2025-11-22 09:29:04.296143,1054.25,88.54999999999995,9572355.0,2.0,30,-84.75,7.41,下行,245.86,88.54999999999995,88549.99999999996,,,,True
2025-11-22 09:29:05.396679,1054.32,88.61999999999989,9572355.0,2.0,30,-88.32,5.68,下行,246.11,88.61999999999989,88619.99999999988,,,,False
2025-11-22 09:29:06.417266,1054.39,88.69000000000005,9572355.0,2.0,30,-86.36,8.51,下行,246.23,88.69000000000005,88690.00000000006,,,,False
2025-11-22 09:29:07.449663,1054.46,88.75999999999999,9572355.0,2.0,30,-83.82,8.25,下行,246.34,88.75999999999999,88759.99999999999,,,,False
2025-11-22 09:29:08.485155,1054.53,88.82999999999993,9572355.0,2.0,30,-89.81,4.86,下行,246.19,88.82999999999993,88829.99999999993,,,,False
2025-11-22 09:29:09.522708,1054.61,88.90999999999985,9572355.0,2.0,30,-83.88,8.97,下行,246.22,88.90999999999985,88909.99999999985,,,,False
2025-11-22 09:29:10.547791,1054.67,88.97000000000003,9572355.0,2.0,30,-80.34,11.97,下行,246.39,88.97000000000003,88970.00000000003,,,,False
2025-11-22 09:29:11.578092,1054.74,89.03999999999996,9572355.0,2.0,30,-79.53,13.99,下行,246.33,89.03999999999996,89039.99999999997,,,,False
2025-11-22 09:29:12.606507,1054.82,89.11999999999989,9572355.0,2.0,30,-78.42,16.85,下行,246.09,89.11999999999989,89119.99999999988,,,,False
2025-11-22 09:29:13.633643,1054.88,89.18000000000006,9572355.0,2.0,30,-74.55,18.42,下行,246.03,89.18000000000006,89180.00000000006,,,,False
2025-11-22 09:29:14.685825,1054.96,89.25999999999999,9572355.0,2.0,30,-76.34,16.06,下行,246.1,89.25999999999999,89259.99999999999,,,,False
2025-11-22 09:29:15.705683,1055.03,89.32999999999993,9572355.0,2.0,30,-74.45,21.77,下行,245.99,89.32999999999993,89329.99999999993,,,,False
2025-11-22 09:29:16.738479,1055.09,89.38999999999987,9572355.0,2.0,30,-69.86,23.5,下行,245.77,89.38999999999987,89389.99999999987,,,,False
2025-11-22 09:29:17.755971,1055.17,89.47000000000003,9572355.0,2.0,30,-68.84,23.72,下行,245.86,89.47000000000003,89470.00000000003,,,,False
2025-11-22 09:29:18.782587,1055.24,89.53999999999996,9572355.0,2.0,30,-66.97,24.94,下行,245.87,89.53999999999996,89539.99999999997,,,,False
2025-11-22 09:29:19.818167,1055.31,89.6099999999999,9572355.0,2.0,30,-65.43,24.27,下行,245.93,89.6099999999999,89609.9999999999,,,,False
2025-11-22 09:29:20.842253,1055.38,89.68000000000006,9572355.0,2.0,30,-80.56,11.11,下行,245.98,89.68000000000006,89680.00000000006,,,,False
2025-11-22 09:29:21.868221,1055.45,89.75,9572355.0,2.0,30,-79.86,14.73,下行,245.85,89.75,89750.0,,,,False
2025-11-22 09:29:22.889348,1055.51,89.80999999999995,9572355.0,2.0,30,-80.01,20.15,下行,245.84,89.80999999999995,89809.99999999994,,,,False
2025-11-22 09:29:24.924206,1055.66,89.96000000000004,9572355.0,2.0,30,-82.51,18.85,下行,245.77,89.96000000000004,89960.00000000003,,,,False
2025-11-22 09:29:26.958279,1055.79,90.08999999999992,9572355.0,2.0,30,-82.33,15.98,下行,245.61,90.08999999999992,90089.99999999991,,,,False
2025-11-22 09:29:27.988426,1055.87,90.16999999999985,9572355.0,2.0,30,-80.81,13.68,下行,245.47,90.16999999999985,90169.99999999984,,,,False
2025-11-22 09:29:29.018707,1055.93,90.23000000000002,9572355.0,2.0,30,-76.42,17.76,下行,245.47,90.23000000000002,90230.00000000001,,,,False
2025-11-22 09:29:30.060279,1056.01,90.30999999999995,9572355.0,2.0,30,-75.23,18.51,下行,245.1,90.30999999999995,90309.99999999994,,,,False
2025-11-22 09:29:31.078668,1056.08,90.37999999999988,9572355.0,2.0,30,-75.78,14.99,下行,244.9,90.37999999999988,90379.99999999988,,,,False
2025-11-22 09:29:32.094341,1056.14,90.44000000000005,9572355.0,2.0,30,-77.59,18.68,下行,244.65,90.44000000000005,90440.00000000006,,,,False
2025-11-22 09:29:33.117836,1056.22,90.51999999999998,9572355.0,2.0,30,-78.48,16.84,下行,244.34,90.51999999999998,90519.99999999999,,,,False
2025-11-22 09:29:34.144983,1056.28,90.57999999999993,9572355.0,2.0,30,-82.58,13.11,下行,244.17,90.57999999999993,90579.99999999993,,,,False
2025-11-22 09:29:35.207620,1056.36,90.65999999999985,9572355.0,2.0,30,-80.21,18.02,下行,244.01,90.65999999999985,90659.99999999985,,,,False
2025-11-22 09:29:36.210182,1056.43,90.73000000000002,9572355.0,2.0,30,-83.41,14.09,下行,243.99,90.73000000000002,90730.00000000001,,,,False
2025-11-22 09:29:37.236325,1056.49,90.78999999999996,9572355.0,2.0,30,-84.87,11.6,下行,244.33,90.78999999999996,90789.99999999997,,,,False
2025-11-22 09:29:38.259592,1056.57,90.86999999999989,9572355.0,2.0,30,-86.26,10.3,下行,244.5,90.86999999999989,90869.99999999988,,,,False
2025-11-22 09:29:39.302657,1056.63,90.93000000000006,9572355.0,2.0,30,-86.85,7.49,下行,244.61,90.93000000000006,90930.00000000006,,,,False
2025-11-22 09:29:40.340629,1056.71,91.00999999999999,9572355.0,2.0,30,-88.71,6.63,下行,244.72,91.00999999999999,91009.99999999999,,,,False
2025-11-22 09:29:41.373317,1056.77,91.06999999999994,9572355.0,2.0,30,-92.0,5.0,下行,244.5,91.06999999999994,91069.99999999994,,,,False
2025-11-22 09:29:42.378914,1056.84,91.13999999999987,9572355.0,2.0,30,-89.1,9.42,下行,244.74,91.13999999999987,91139.99999999987,,,,False
2025-11-22 09:29:44.420222,1056.98,91.27999999999997,9572355.0,2.0,30,-91.12,6.57,下行,244.84,91.27999999999997,91279.99999999997,,,,False
2025-11-22 09:29:45.456563,1057.05,91.34999999999991,9572355.0,2.0,30,-92.41,3.23,下行,244.9,91.34999999999991,91349.99999999991,,,,False
2025-11-22 09:29:46.479484,1057.12,91.41999999999985,9572355.0,2.0,30,-93.59,1.56,下行,245.27,91.41999999999985,91419.99999999984,,,,False
2025-11-22 09:29:47.517815,1057.19,91.49000000000001,9572355.0,2.0,30,-95.38,-1.14,下行,245.43,91.49000000000001,91490.00000000001,,,,False
2025-11-22 09:29:48.544067,1057.26,91.55999999999995,9572355.0,2.0,30,-94.31,0.36,下行,245.48,91.55999999999995,91559.99999999994,,,,False
2025-11-22 09:29:49.577816,1057.34,91.63999999999987,9572355.0,3.0,30,-95.53,-3.02,下行,245.63,91.63999999999987,91639.99999999987,,,,False
2025-11-22 09:29:50.767190,1057.41,91.71000000000004,9572355.0,3.0,31,-88.57,3.7,下行,245.38,91.71000000000004,91710.00000000003,,,,True
2025-11-22 09:29:51.807182,1057.49,91.78999999999996,9572355.0,3.0,31,-88.29,5.72,下行,245.24,91.78999999999996,91789.99999999997,,,,False
2025-11-22 09:29:52.823220,1057.55,91.84999999999991,9572355.0,3.0,31,-86.56,8.7,下行,245.43,91.84999999999991,91849.99999999991,,,,False
2025-11-22 09:29:53.850110,1057.62,91.91999999999985,9572355.0,3.0,31,-82.62,10.07,下行,245.51,91.91999999999985,91919.99999999984,,,,False
2025-11-22 09:29:54.883919,1057.7,92.0,9572355.0,3.0,31,-80.85,12.58,下行,245.48,92.0,92000.0,,,,False
2025-11-22 09:29:55.907109,1057.76,92.05999999999995,9572355.0,3.0,31,-80.61,13.15,下行,245.49,92.05999999999995,92059.99999999994,,,,False
2025-11-22 09:29:56.943249,1057.84,92.13999999999987,9572355.0,3.0,31,-79.96,14.09,下行,245.55,92.13999999999987,92139.99999999987,,,,False
2025-11-22 09:29:57.959652,1057.91,92.21000000000004,9572355.0,3.0,31,-78.63,17.42,下行,245.49,92.21000000000004,92210.00000000003,,,,False
2025-11-22 09:29:59.000244,1057.97,92.26999999999998,9572355.0,3.0,31,-79.28,17.29,下行,245.38,92.26999999999998,92269.99999999999,,,,False
2025-11-22 09:30:00.022576,1058.05,92.34999999999991,9572355.0,3.0,31,-75.82,23.02,下行,245.47,92.34999999999991,92349.99999999991,,,,False
2025-11-22 09:30:02.058771,1058.18,92.48000000000002,9572355.0,3.0,31,-69.65,28.47,下行,245.49,92.48000000000002,92480.00000000001,,,,False
2025-11-22 09:30:03.086837,1058.25,92.54999999999995,9572355.0,3.0,31,-64.41,28.7,下行,245.45,92.54999999999995,92549.99999999996,,,,False
2025-11-22 09:30:04.123697,1058.33,92.62999999999988,9572355.0,3.0,31,-61.01,30.36,下行,245.48,92.62999999999988,92629.99999999988,,,,False
2025-11-22 09:30:05.142516,1058.4,92.70000000000005,9572355.0,3.0,31,-62.23,30.15,下行,245.48,92.70000000000005,92700.00000000004,,,,False
2025-11-22 09:30:06.187765,1058.46,92.75999999999999,9572355.0,3.0,31,-79.27,15.36,下行,245.44,92.75999999999999,92759.99999999999,,,,False
2025-11-22 09:30:08.212888,1058.6,92.89999999999986,9572355.0,3.0,31,-78.97,22.67,下行,245.04,92.89999999999986,92899.99999999987,,,,False
2025-11-22 09:30:09.228136,1058.67,92.97000000000003,9572355.0,3.0,31,-77.95,18.3,下行,244.84,92.97000000000003,92970.00000000003,,,,False
2025-11-22 09:30:10.248671,1058.74,93.03999999999996,9572355.0,3.0,31,-86.86,9.88,下行,244.49,93.03999999999996,93039.99999999997,,,,False
2025-11-22 09:30:11.295321,1058.81,93.1099999999999,9572355.0,3.0,31,-80.12,13.29,下行,244.68,93.1099999999999,93109.9999999999,,,,False
2025-11-22 09:30:12.343421,1058.88,93.18000000000006,9572355.0,3.0,31,-71.12,19.15,下行,244.71,93.18000000000006,93180.00000000006,,,,False
2025-11-22 09:30:13.356245,1058.96,93.25999999999999,9572355.0,3.0,31,-67.36,21.18,下行,244.99,93.25999999999999,93259.99999999999,,,,False
2025-11-22 09:30:14.381425,1059.02,93.31999999999994,9572355.0,3.0,31,-70.08,20.75,下行,245.04,93.31999999999994,93319.99999999994,,,,False
2025-11-22 09:30:15.399510,1059.09,93.38999999999987,9572355.0,3.0,31,-70.87,20.55,下行,245.07,93.38999999999987,93389.99999999987,,,,False
2025-11-22 09:30:16.435141,1059.17,93.47000000000003,9572355.0,3.0,31,-72.9,19.94,下行,244.96,93.47000000000003,93470.00000000003,,,,False
2025-11-22 09:30:17.455928,1059.23,93.52999999999997,9572355.0,3.0,31,-72.41,18.95,下行,244.95,93.52999999999997,93529.99999999997,,,,False
2025-11-22 09:30:18.478933,1059.3,93.59999999999991,9572355.0,3.0,31,-75.56,20.62,下行,244.98,93.59999999999991,93599.99999999991,,,,False
2025-11-22 09:30:19.503188,1059.38,93.68000000000006,9572355.0,3.0,31,-76.1,19.57,下行,245.07,93.68000000000006,93680.00000000006,,,,False
2025-11-22 09:30:20.525606,1059.44,93.74000000000001,9572355.0,3.0,31,-76.91,20.98,下行,245.12,93.74000000000001,93740.00000000001,,,,False
2025-11-22 09:30:21.577290,1059.51,93.80999999999995,9572355.0,3.0,31,-77.3,20.5,下行,245.1,93.80999999999995,93809.99999999994,,,,False
2025-11-22 09:30:22.615799,1059.58,93.87999999999988,9572355.0,3.0,31,-79.36,14.77,下行,245.24,93.87999999999988,93879.99999999988,,,,False
2025-11-22 09:30:23.638083,1059.65,93.95000000000005,9572355.0,3.0,31,-83.22,10.82,下行,245.1,93.95000000000005,93950.00000000004,,,,False
2025-11-22 09:30:24.652990,1059.72,94.01999999999998,9572355.0,3.0,31,-82.31,10.44,下行,245.14,94.01999999999998,94019.99999999999,,,,False
2025-11-22 09:30:25.680342,1059.79,94.08999999999992,9572355.0,3.0,31,-82.23,5.81,下行,245.14,94.08999999999992,94089.99999999991,,,,False
2025-11-22 09:30:26.707781,1059.86,94.15999999999985,9572355.0,3.0,31,-81.79,12.0,下行,245.06,94.15999999999985,94159.99999999985,,,,False
2025-11-22 09:30:27.729090,1059.93,94.23000000000002,9572355.0,3.0,31,-84.19,9.76,下行,245.15,94.23000000000002,94230.00000000001,,,,False
2025-11-22 09:30:29.762579,1060.07,94.36999999999989,9572355.0,3.0,31,-84.05,11.17,下行,245.33,94.36999999999989,94369.99999999988,,,,False
2025-11-22 09:30:30.788095,1060.14,94.44000000000005,9572355.0,3.0,31,-85.71,9.69,下行,245.16,94.44000000000005,94440.00000000006,,,,False
2025-11-22 09:30:31.832951,1060.21,94.50999999999999,9572355.0,3.0,31,-87.53,8.14,下行,245.24,94.50999999999999,94509.99999999999,,,,False
2025-11-22 09:30:32.877063,1060.28,94.57999999999993,9572355.0,3.0,31,-86.96,7.25,下行,245.35,94.57999999999993,94579.99999999993,,,,False
2025-11-22 09:30:33.910699,1060.36,94.65999999999985,9572355.0,3.0,31,-87.92,5.58,下行,245.27,94.65999999999985,94659.99999999985,,,,False
2025-11-22 09:30:34.924621,1060.42,94.72000000000003,9572355.0,3.0,31,-87.12,5.92,下行,245.37,94.72000000000003,94720.00000000003,,,,False
2025-11-22 09:30:35.956837,1060.49,94.78999999999996,9572355.0,3.0,31,-87.91,5.48,下行,245.68,94.78999999999996,94789.99999999997,,,,False
2025-11-22 09:30:36.985077,1060.56,94.8599999999999,9572355.0,3.0,31,-87.16,2.3,下行,245.95,94.8599999999999,94859.9999999999,,,,False
2025-11-22 09:30:38.001679,1060.63,94.93000000000006,9572356.0,1.0,32,-77.88,8.06,下行,245.95,94.93000000000006,94930.00000000006,,,,True
2025-11-22 09:30:39.345075,1060.72,95.01999999999998,9572356.0,1.0,32,-80.9,6.58,下行,246.14,95.01999999999998,95019.99999999999,,,,False
2025-11-22 09:30:40.372320,1060.8,95.09999999999991,9572356.0,1.0,32,-79.21,8.12,下行,246.24,95.09999999999991,95099.99999999991,,,,False
2025-11-22 09:30:41.402728,1060.86,95.15999999999985,9572356.0,1.0,32,-82.96,5.2,下行,246.29,95.15999999999985,95159.99999999985,,,,False
2025-11-22 09:30:42.426746,1060.94,95.24000000000001,9572356.0,1.0,32,-80.88,8.8,下行,246.16,95.24000000000001,95240.00000000001,,,,False
2025-11-22 09:30:45.451667,1061.14,95.44000000000005,9572356.0,1.0,32,-76.21,12.91,下行,245.98,95.44000000000005,95440.00000000006,,,,False
2025-11-22 09:30:46.471409,1061.21,95.50999999999999,9572356.0,1.0,32,-76.52,14.0,下行,246.11,95.50999999999999,95509.99999999999,,,,False
2025-11-22 09:30:47.498104,1061.28,95.57999999999993,9572356.0,1.0,32,-77.88,16.55,下行,246.03,95.57999999999993,95579.99999999993,,,,False
2025-11-22 09:30:48.529852,1061.35,95.64999999999986,9572356.0,1.0,32,-68.9,23.45,下行,246.05,95.64999999999986,95649.99999999987,,,,False
2025-11-22 09:30:49.561164,1061.42,95.72000000000003,9572356.0,1.0,32,-71.44,21.48,下行,245.96,95.72000000000003,95720.00000000003,,,,False
2025-11-22 09:30:50.590292,1061.49,95.78999999999996,9572356.0,1.0,32,-81.16,9.46,下行,245.82,95.78999999999996,95789.99999999997,,,,False
2025-11-22 09:30:51.625536,1061.56,95.8599999999999,9572356.0,1.0,32,-78.86,18.08,下行,245.92,95.8599999999999,95859.9999999999,,,,False
2025-11-22 09:30:52.653015,1061.64,95.94000000000005,9572356.0,1.0,32,-78.29,22.75,下行,246.0,95.94000000000005,95940.00000000006,,,,False
2025-11-22 09:30:53.677579,1061.7,96.0,9572356.0,1.0,32,-73.49,18.65,下行,245.99,96.0,96000.0,,,,False
2025-11-22 09:30:54.692383,1061.77,96.06999999999994,9572356.0,1.0,32,-78.6,12.27,下行,245.66,96.06999999999994,96069.99999999994,,,,False
2025-11-22 09:30:55.718132,1061.84,96.13999999999987,9572356.0,1.0,32,-85.9,6.2,下行,245.83,96.13999999999987,96139.99999999987,,,,False
2025-11-22 09:30:56.742951,1061.92,96.22000000000003,9572356.0,1.0,32,-74.32,11.84,下行,245.73,96.22000000000003,96220.00000000003,,,,False
2025-11-22 09:30:57.781693,1061.98,96.27999999999997,9572356.0,1.0,32,-73.54,14.75,下行,245.76,96.27999999999997,96279.99999999997,,,,False
2025-11-22 09:30:58.822049,1062.06,96.3599999999999,9572356.0,1.0,32,-72.15,14.81,下行,245.87,96.3599999999999,96359.9999999999,,,,False
2025-11-22 09:30:59.839822,1062.13,96.43000000000006,9572356.0,1.0,32,-73.69,16.71,下行,245.62,96.43000000000006,96430.00000000006,,,,False
2025-11-22 09:31:00.862072,1062.19,96.49000000000001,9572356.0,1.0,32,-76.71,11.01,下行,245.68,96.49000000000001,96490.00000000001,,,,False
2025-11-22 09:31:01.899748,1062.27,96.56999999999994,9572356.0,1.0,32,-76.91,10.37,下行,245.69,96.56999999999994,96569.99999999994,,,,False
2025-11-22 09:31:02.930527,1062.34,96.63999999999987,9572356.0,1.0,32,-78.08,11.28,下行,246.02,96.63999999999987,96639.99999999987,,,,False
2025-11-22 09:31:04.956199,1062.47,96.76999999999998,9572356.0,1.0,32,-81.4,9.32,下行,245.85,96.76999999999998,96769.99999999999,,,,False
2025-11-22 09:31:05.981488,1062.55,96.84999999999991,9572356.0,1.0,32,-84.1,9.62,下行,246.0,96.84999999999991,96849.99999999991,,,,False
2025-11-22 09:31:07.018310,1062.61,96.90999999999985,9572356.0,1.0,32,-81.5,9.73,下行,245.91,96.90999999999985,96909.99999999985,,,,False
2025-11-22 09:31:08.042161,1062.68,96.98000000000002,9572356.0,1.0,32,-86.49,3.62,下行,245.86,96.98000000000002,96980.00000000001,,,,False
2025-11-22 09:31:09.068018,1062.76,97.05999999999995,9572356.0,1.0,32,-83.67,3.13,下行,245.84,97.05999999999995,97059.99999999994,,,,False
2025-11-22 09:31:10.111941,1062.82,97.11999999999989,9572356.0,1.0,32,-88.13,1.63,下行,245.7,97.11999999999989,97119.99999999988,,,,False
2025-11-22 09:31:11.146852,1062.9,97.20000000000005,9572356.0,2.0,33,-84.65,7.42,下行,245.73,97.20000000000005,97200.00000000004,,,,True
2025-11-22 09:31:12.350575,1062.98,97.27999999999997,9572356.0,2.0,33,-84.7,6.69,下行,245.76,97.27999999999997,97279.99999999997,,,,False
2025-11-22 09:31:13.365005,1063.05,97.34999999999991,9572356.0,2.0,33,-84.77,4.99,下行,245.75,97.34999999999991,97349.99999999991,,,,False
2025-11-22 09:31:14.414194,1063.12,97.41999999999985,9572356.0,2.0,33,-81.92,8.0,下行,245.84,97.41999999999985,97419.99999999984,,,,False
2025-11-22 09:31:16.459290,1063.26,97.55999999999995,9572356.0,2.0,33,-81.68,5.91,下行,245.71,97.55999999999995,97559.99999999994,,,,False
2025-11-22 09:31:17.493691,1063.33,97.62999999999988,9572356.0,2.0,33,-79.03,10.68,下行,245.69,97.62999999999988,97629.99999999988,,,,False
2025-11-22 09:31:18.525205,1063.4,97.70000000000005,9572356.0,2.0,33,-77.0,13.19,下行,245.88,97.70000000000005,97700.00000000004,,,,False
2025-11-22 09:31:19.556183,1063.47,97.76999999999998,9572356.0,2.0,33,-77.83,11.86,下行,245.8,97.76999999999998,97769.99999999999,,,,False
2025-11-22 09:31:20.576954,1063.54,97.83999999999992,9572356.0,2.0,33,-78.07,14.82,下行,245.78,97.83999999999992,97839.99999999991,,,,False
2025-11-22 09:31:22.623811,1063.68,97.98000000000002,9572356.0,2.0,33,-74.13,20.53,下行,245.58,97.98000000000002,97980.00000000001,,,,False
2025-11-22 09:31:23.655788,1063.75,98.04999999999995,9572356.0,2.0,33,-74.17,18.07,下行,245.69,98.04999999999995,98049.99999999996,,,,False
2025-11-22 09:31:24.677357,1063.82,98.11999999999989,9572356.0,2.0,33,-73.3,23.27,下行,245.58,98.11999999999989,98119.99999999988,,,,False
2025-11-22 09:31:25.702482,1063.89,98.19000000000005,9572356.0,2.0,33,-73.34,20.55,下行,245.36,98.19000000000005,98190.00000000006,,,,False
2025-11-22 09:31:26.735601,1063.96,98.25999999999999,9572356.0,2.0,33,-70.39,21.21,下行,245.22,98.25999999999999,98259.99999999999,,,,False
2025-11-22 09:31:27.760958,1064.03,98.32999999999993,9572356.0,2.0,33,-69.6,23.65,下行,244.88,98.32999999999993,98329.99999999993,,,,False
2025-11-22 09:31:28.824135,1064.1,98.39999999999986,9572356.0,2.0,33,-67.32,26.2,下行,244.69,98.39999999999986,98399.99999999987,,,,False
2025-11-22 09:31:29.826495,1064.17,98.47000000000003,9572356.0,2.0,33,-67.41,25.73,下行,244.54,98.47000000000003,98470.00000000003,,,,False
2025-11-22 09:31:30.853901,1064.24,98.53999999999996,9572356.0,2.0,33,-67.18,26.74,下行,244.68,98.53999999999996,98539.99999999997,,,,False
2025-11-22 09:31:31.893486,1064.31,98.6099999999999,9572356.0,2.0,33,-65.34,20.92,下行,244.69,98.6099999999999,98609.9999999999,,,,False
2025-11-22 09:31:32.943140,1064.38,98.68000000000006,9572356.0,2.0,33,-65.5,26.03,下行,244.76,98.68000000000006,98680.00000000006,,,,False
2025-11-22 09:31:33.974875,1064.46,98.75999999999999,9572356.0,2.0,33,-64.51,27.44,下行,244.9,98.75999999999999,98759.99999999999,,,,False
2025-11-22 09:31:34.999262,1064.52,98.81999999999994,9572356.0,2.0,33,-67.88,24.78,下行,244.94,98.81999999999994,98819.99999999994,,,,False
2025-11-22 09:31:36.032305,1064.59,98.88999999999987,9572356.0,2.0,33,-85.15,7.96,下行,244.98,98.88999999999987,98889.99999999987,,,,False
2025-11-22 09:31:37.055218,1064.67,98.97000000000003,9572356.0,2.0,33,-77.08,13.8,下行,244.92,98.97000000000003,98970.00000000003,,,,False
2025-11-22 09:31:38.079765,1064.73,99.02999999999997,9572356.0,2.0,33,-77.98,22.93,下行,244.82,99.02999999999997,99029.99999999997,,,,False
2025-11-22 09:31:39.111176,1064.8,99.09999999999991,9572356.0,2.0,33,-82.91,11.74,下行,244.86,99.09999999999991,99099.99999999991,,,,False
2025-11-22 09:31:40.141514,1064.87,99.16999999999985,9572356.0,2.0,33,-82.17,11.09,下行,245.07,99.16999999999985,99169.99999999984,,,,False
2025-11-22 09:31:41.155065,1064.94,99.24000000000001,9572356.0,2.0,33,-87.36,6.78,下行,244.79,99.24000000000001,99240.00000000001,,,,False
2025-11-22 09:31:42.210997,1065.02,99.31999999999994,9572356.0,2.0,33,-82.98,9.56,下行,245.08,99.31999999999994,99319.99999999994,,,,False
2025-11-22 09:31:43.234341,1065.08,99.37999999999988,9572356.0,2.0,33,-78.07,12.37,下行,245.09,99.37999999999988,99379.99999999988,,,,False
2025-11-22 09:31:44.258159,1065.15,99.45000000000005,9572356.0,2.0,33,-78.46,13.19,下行,244.92,99.45000000000005,99450.00000000004,,,,False
2025-11-22 09:31:46.279056,1065.29,99.58999999999992,9572356.0,2.0,33,-79.4,13.13,下行,245.08,99.58999999999992,99589.99999999991,,,,False
2025-11-22 09:31:47.318078,1065.36,99.65999999999985,9572356.0,2.0,33,-81.51,10.95,下行,245.04,99.65999999999985,99659.99999999985,,,,False
2025-11-22 09:31:48.353320,1065.43,99.73000000000002,9572356.0,2.0,33,-84.16,9.07,下行,245.03,99.73000000000002,99730.00000000001,,,,False
2025-11-22 09:31:49.370801,1065.5,99.79999999999995,9572356.0,2.0,33,-88.2,11.92,下行,245.2,99.79999999999995,99799.99999999996,,,,False
2025-11-22 09:31:50.431105,1065.57,99.86999999999989,9572356.0,2.0,33,-88.2,4.05,下行,245.06,99.86999999999989,99869.99999999988,,,,False
2025-11-22 09:31:51.478739,1065.65,99.95000000000005,9572356.0,2.0,33,-90.0,6.58,下行,245.09,99.95000000000005,99950.00000000004,,,,False
2025-11-22 09:31:52.535153,1065.71,100.01,9572356.0,2.0,33,-93.86,7.05,下行,245.19,100.01,100010.0,,,,False
2025-11-22 09:31:53.539116,1065.78,100.0799999999999,9572356.0,2.0,33,-94.33,4.65,下行,245.22,100.0799999999999,100079.9999999999,,,,False
2025-11-22 09:31:54.566317,1065.86,100.1599999999999,9572356.0,2.0,33,-94.62,1.01,下行,245.18,100.1599999999999,100159.9999999999,,,,False
2025-11-22 09:31:57.605175,1066.06,100.3599999999999,9572356.0,3.0,34,-89.38,6.99,下行,245.23,100.3599999999999,100359.9999999999,,,,True
2025-11-22 09:31:58.872785,1066.15,100.45,9572356.0,3.0,34,-87.84,6.63,下行,245.44,100.45,100450.0,,,,False
2025-11-22 09:31:59.903072,1066.22,100.52,9572356.0,3.0,34,-86.03,8.38,下行,245.65,100.52,100520.0,,,,False
2025-11-22 09:32:00.947246,1066.29,100.5899999999999,9572356.0,3.0,34,-93.35,6.3,下行,245.97,100.5899999999999,100589.9999999999,,,,False
2025-11-22 09:32:01.990197,1066.36,100.6599999999999,9572356.0,3.0,34,-90.02,10.04,下行,245.63,100.6599999999999,100659.9999999999,,,,False
2025-11-22 09:32:03.012504,1066.43,100.73,9572356.0,3.0,34,-88.09,10.65,下行,246.19,100.73,100730.0,,,,False
2025-11-22 09:32:04.054170,1066.5,100.8,9572356.0,3.0,34,-86.43,16.22,下行,246.32,100.8,100800.0,,,,False
2025-11-22 09:32:05.083341,1066.57,100.8699999999999,9572356.0,3.0,34,-87.19,11.81,下行,246.5,100.8699999999999,100869.9999999999,,,,False
2025-11-22 09:32:06.100110,1066.64,100.9400000000001,9572356.0,3.0,34,-85.78,12.44,下行,246.5,100.9400000000001,100940.0000000001,,,,False
2025-11-22 09:32:07.150998,1066.71,101.01,9572356.0,3.0,34,-83.66,16.59,下行,246.53,101.01,101010.0,,,,False
2025-11-22 09:32:08.178080,1066.78,101.0799999999999,9572356.0,3.0,34,-79.79,21.04,下行,246.45,101.0799999999999,101079.9999999999,,,,False
2025-11-22 09:32:09.196128,1066.86,101.1599999999999,9572356.0,3.0,34,-78.81,21.75,下行,246.46,101.1599999999999,101159.9999999999,,,,False
2025-11-22 09:32:10.225863,1066.92,101.22,9572356.0,3.0,34,-76.56,25.03,下行,246.23,101.22,101220.0,,,,False
2025-11-22 09:32:11.257417,1066.99,101.29,9572356.0,3.0,34,-75.19,23.92,下行,246.17,101.29,101290.0,,,,False
2025-11-22 09:32:12.281468,1067.07,101.3699999999999,9572356.0,3.0,34,-71.36,27.72,下行,246.23,101.3699999999999,101369.9999999999,,,,False
2025-11-22 09:32:13.307140,1067.13,101.4300000000001,9572356.0,3.0,34,-70.39,25.86,下行,246.02,101.4300000000001,101430.0000000001,,,,False
2025-11-22 09:32:14.346727,1067.21,101.51,9572356.0,3.0,34,-69.48,28.52,下行,246.04,101.51,101510.0,,,,False
2025-11-22 09:32:15.377560,1067.28,101.5799999999999,9572356.0,3.0,34,-63.73,30.82,下行,246.11,101.5799999999999,101579.9999999999,,,,False
2025-11-22 09:32:16.441560,1067.35,101.6499999999999,9572356.0,3.0,34,-60.48,32.83,下行,246.17,101.6499999999999,101649.99999999991,,,,False
2025-11-22 09:32:17.474766,1067.42,101.72,9572356.0,3.0,34,-58.12,29.88,下行,246.03,101.72,101720.0,,,,False
2025-11-22 09:32:18.505433,1067.49,101.79,9572356.0,3.0,34,-57.5,33.08,下行,245.95,101.79,101790.0,,,,False
2025-11-22 09:32:19.523746,1067.56,101.8599999999999,9572356.0,3.0,34,-74.64,21.61,下行,245.98,101.8599999999999,101859.9999999999,,,,False
2025-11-22 09:32:20.568300,1067.63,101.9300000000001,9572356.0,3.0,34,-77.24,24.01,下行,245.91,101.9300000000001,101930.0000000001,,,,False
2025-11-22 09:32:21.586507,1067.7,102.0,9572356.0,3.0,34,-78.09,26.48,下行,246.11,102.0,102000.0,,,,False
2025-11-22 09:32:22.623720,1067.77,102.0699999999999,9572356.0,3.0,34,-79.62,22.08,下行,246.01,102.0699999999999,102069.9999999999,,,,False
2025-11-22 09:32:23.655064,1067.84,102.1399999999999,9572356.0,3.0,34,-83.06,18.32,下行,245.78,102.1399999999999,102139.9999999999,,,,False
2025-11-22 09:32:24.680199,1067.91,102.21,9572356.0,3.0,34,-73.61,22.54,下行,245.9,102.21,102210.0,,,,False
2025-11-22 09:32:25.712049,1067.98,102.28,9572356.0,3.0,34,-70.56,23.81,下行,245.63,102.28,102280.0,,,,False
2025-11-22 09:32:27.752181,1068.12,102.4199999999998,9572356.0,3.0,34,-73.75,23.67,下行,245.07,102.4199999999998,102419.9999999998,,,,False
2025-11-22 09:32:28.782800,1068.19,102.49,9572356.0,3.0,34,-76.43,20.46,下行,244.82,102.49,102490.0,,,,False
2025-11-22 09:32:29.804138,1068.26,102.5599999999999,9572356.0,3.0,34,-80.85,20.5,下行,244.38,102.5599999999999,102559.9999999999,,,,False
2025-11-22 09:32:30.831372,1068.33,102.6299999999999,9572356.0,3.0,34,-83.89,18.82,下行,244.24,102.6299999999999,102629.9999999999,,,,False
2025-11-22 09:32:31.874181,1068.4,102.7,9572356.0,3.0,34,-85.84,15.36,下行,244.26,102.7,102700.0,,,,False
2025-11-22 09:32:32.896443,1068.47,102.77,9572356.0,3.0,34,-91.5,12.98,下行,244.3,102.77,102770.0,,,,False
2025-11-22 09:32:35.917842,1068.68,102.98,9572356.0,3.0,34,-91.82,15.53,下行,244.94,102.98,102980.0,,,,False
2025-11-22 09:32:36.956583,1068.74,103.04,9572356.0,3.0,34,-95.11,12.65,下行,244.88,103.04,103040.0,,,,False
2025-11-22 09:32:38.021325,1068.82,103.1199999999999,9572356.0,3.0,34,-96.29,9.67,下行,244.81,103.1199999999999,103119.9999999999,,,,False
2025-11-22 09:32:39.037676,1068.89,103.1900000000001,9572356.0,3.0,34,-96.16,10.09,下行,244.8,103.1900000000001,103190.0000000001,,,,False
2025-11-22 09:32:40.081357,1068.96,103.26,9572356.0,3.0,34,-97.99,10.55,下行,244.88,103.26,103260.0,,,,False
2025-11-22 09:32:41.101260,1069.03,103.3299999999999,9572356.0,3.0,34,-97.71,9.38,下行,244.79,103.3299999999999,103329.9999999999,,,,False
2025-11-22 09:32:42.137373,1069.1,103.3999999999999,9576449.0,1.0,34,-99.34,7.25,下行,244.89,103.3999999999999,103399.99999999991,,,,False
2025-11-22 09:32:43.353110,1069.19,103.49,9576449.0,1.0,35,-90.75,7.04,下行,244.86,103.49,103490.0,,,,True
2025-11-22 09:32:44.619574,1069.27,103.5699999999999,9576449.0,1.0,35,-92.53,4.3,下行,244.9,103.5699999999999,103569.9999999999,,,,False
2025-11-22 09:32:49.640890,1069.61,103.9099999999999,9576449.0,1.0,35,-91.27,5.63,下行,245.16,103.9099999999999,103909.9999999999,,,,False
2025-11-22 09:32:50.695660,1069.68,103.98,9576449.0,1.0,35,-89.23,7.37,下行,245.16,103.98,103980.0,,,,False
2025-11-22 09:32:51.714473,1069.75,104.05,9576449.0,1.0,35,-87.64,8.75,下行,245.32,104.05,104050.0,,,,False
2025-11-22 09:32:52.743796,1069.82,104.1199999999999,9576449.0,1.0,35,-85.95,8.95,下行,245.21,104.1199999999999,104119.9999999999,,,,False
2025-11-22 09:32:53.774347,1069.89,104.1900000000001,9576449.0,1.0,35,-80.61,15.46,下行,245.4,104.1900000000001,104190.0000000001,,,,False
2025-11-22 09:32:54.832601,1069.96,104.26,9576449.0,1.0,35,-79.48,16.96,下行,245.38,104.26,104260.0,,,,False
2025-11-22 09:32:55.869953,1070.03,104.3299999999999,9576449.0,1.0,35,-77.15,20.56,下行,245.5,104.3299999999999,104329.9999999999,,,,False
2025-11-22 09:32:56.904427,1070.11,104.4099999999999,9576449.0,1.0,35,-76.82,20.0,下行,245.72,104.4099999999999,104409.9999999999,,,,False
2025-11-22 09:32:57.940503,1070.17,104.47,9576449.0,1.0,35,-74.11,22.55,下行,245.43,104.47,104470.0,,,,False
2025-11-22 09:32:58.985390,1070.25,104.55,9576449.0,1.0,35,-71.71,22.84,下行,245.4,104.55,104550.0,,,,False
2025-11-22 09:33:00.018019,1070.32,104.6199999999999,9576449.0,1.0,35,-68.75,24.29,下行,245.48,104.6199999999999,104619.9999999999,,,,False
2025-11-22 09:33:01.057881,1070.38,104.6800000000001,9576449.0,1.0,35,-71.72,20.63,下行,245.24,104.6800000000001,104680.0000000001,,,,False
2025-11-22 09:33:02.078342,1070.46,104.76,9576449.0,1.0,35,-67.62,21.9,下行,245.22,104.76,104760.0,,,,False
2025-11-22 09:33:03.109541,1070.53,104.8299999999999,9576449.0,1.0,35,-55.62,26.04,下行,245.15,104.8299999999999,104829.9999999999,,,,False
2025-11-22 09:33:04.158129,1070.6,104.8999999999999,9576449.0,1.0,35,-50.15,27.36,下行,245.38,104.8999999999999,104899.99999999991,,,,False
2025-11-22 09:33:05.187896,1070.67,104.97,9576449.0,1.0,35,-45.71,29.16,下行,245.48,104.97,104970.0,,,,False
2025-11-22 09:33:06.230334,1070.74,105.04,9576449.0,1.0,35,-53.27,23.89,下行,245.52,105.04,105040.0,,,,False
2025-11-22 09:33:07.256890,1070.81,105.1099999999999,9576449.0,1.0,35,-69.56,15.77,下行,245.52,105.1099999999999,105109.9999999999,,,,False
2025-11-22 09:33:08.285140,1070.88,105.1800000000001,9576449.0,1.0,35,-59.9,17.26,下行,245.55,105.1800000000001,105180.0000000001,,,,False
2025-11-22 09:33:09.348211,1070.95,105.25,9576449.0,1.0,35,-51.8,18.5,下行,245.54,105.25,105250.0,,,,False
2025-11-22 09:33:11.378286,1071.09,105.3899999999999,9576449.0,1.0,35,-48.37,24.93,下行,245.49,105.3899999999999,105389.9999999999,,,,False
2025-11-22 09:33:12.401055,1071.16,105.46,9576449.0,1.0,35,-51.43,21.11,下行,245.8,105.46,105460.0,,,,False
2025-11-22 09:33:13.429822,1071.23,105.53,9576449.0,1.0,35,-56.77,25.47,下行,245.67,105.53,105530.0,,,,False
2025-11-22 09:33:14.478191,1071.31,105.6099999999999,9576449.0,1.0,35,-63.35,19.79,下行,245.65,105.6099999999999,105609.9999999999,,,,False
2025-11-22 09:33:15.513584,1071.37,105.6699999999998,9576449.0,1.0,35,-63.35,19.79,下行,245.57,105.6699999999998,105669.9999999998,,,,False
2025-11-22 09:33:16.528443,1071.44,105.74,9576449.0,1.0,35,-67.81,23.52,下行,245.61,105.74,105740.0,,,,False
2025-11-22 09:33:17.567207,1071.52,105.8199999999999,9576449.0,1.0,35,-68.06,15.41,下行,245.53,105.8199999999999,105819.9999999999,,,,False
2025-11-22 09:33:18.589974,1071.58,105.8799999999999,9576449.0,1.0,35,-71.2,20.53,下行,245.48,105.8799999999999,105879.9999999999,,,,False
2025-11-22 09:33:19.636816,1071.66,105.96,9576449.0,1.0,35,-72.88,14.19,下行,245.79,105.96,105960.0,,,,False
2025-11-22 09:33:20.662970,1071.73,106.03,9576449.0,1.0,35,-74.41,18.56,下行,245.61,106.03,106030.0,,,,False
2025-11-22 09:33:21.688098,1071.79,106.0899999999999,9576449.0,1.0,35,-77.01,14.76,下行,245.66,106.0899999999999,106089.9999999999,,,,False
2025-11-22 09:33:22.715854,1071.87,106.1699999999998,9576449.0,1.0,35,-76.14,13.6,下行,245.68,106.1699999999998,106169.9999999998,,,,False
2025-11-22 09:33:23.755474,1071.94,106.24,9576449.0,1.0,35,-77.33,11.12,下行,245.6,106.24,106240.0,,,,False
2025-11-22 09:33:24.795950,1072.01,106.3099999999999,9576449.0,1.0,35,-80.36,10.3,下行,245.47,106.3099999999999,106309.9999999999,,,,False
2025-11-22 09:33:25.834979,1072.08,106.3799999999999,9576449.0,1.0,35,-80.46,10.58,下行,245.4,106.3799999999999,106379.9999999999,,,,False
2025-11-22 09:33:26.855701,1072.15,106.45,9576449.0,1.0,35,-77.38,13.18,下行,245.71,106.45,106450.0,,,,False
2025-11-22 09:33:27.896557,1072.22,106.52,9576449.0,1.0,35,-85.9,5.33,下行,245.63,106.52,106520.0,,,,False
2025-11-22 09:33:28.933144,1072.29,106.5899999999999,9576449.0,1.0,35,-84.04,7.71,下行,245.43,106.5899999999999,106589.9999999999,,,,False
2025-11-22 09:33:29.978566,1072.36,106.6599999999999,9576449.0,1.0,35,-85.48,5.53,下行,245.55,106.6599999999999,106659.9999999999,,,,False
2025-11-22 09:33:31.005662,1072.43,106.73,9576449.0,1.0,35,-86.06,5.51,下行,245.61,106.73,106730.0,,,,False
2025-11-22 09:33:32.030370,1072.5,106.8,9576449.0,2.0,36,-81.14,6.27,下行,245.55,106.8,106800.0,,,,True
2025-11-22 09:33:33.251429,1072.59,106.8899999999999,9576449.0,2.0,36,-80.25,8.96,下行,245.61,106.8899999999999,106889.9999999999,,,,False
2025-11-22 09:33:34.284413,1072.66,106.96,9576449.0,2.0,36,-77.59,11.22,下行,245.39,106.96,106960.0,,,,False
2025-11-22 09:33:35.312037,1072.72,107.02,9576449.0,2.0,36,-75.84,10.88,下行,245.33,107.02,107020.0,,,,False
2025-11-22 09:33:36.339337,1072.8,107.0999999999999,9576449.0,2.0,36,-73.42,13.67,下行,245.34,107.0999999999999,107099.9999999999,,,,False
2025-11-22 09:33:37.357108,1072.86,107.1599999999999,9576449.0,2.0,36,-71.3,20.55,下行,245.38,107.1599999999999,107159.9999999999,,,,False
2025-11-22 09:33:38.400037,1072.94,107.24,9576449.0,2.0,36,-69.76,18.56,下行,245.34,107.24,107240.0,,,,False
2025-11-22 09:33:39.434682,1073.01,107.3099999999999,9576449.0,2.0,36,-66.66,25.85,下行,245.39,107.3099999999999,107309.9999999999,,,,False
2025-11-22 09:33:40.461663,1073.07,107.3699999999999,9576449.0,2.0,36,-66.54,22.76,下行,245.56,107.3699999999999,107369.9999999999,,,,False
2025-11-22 09:33:41.484064,1073.15,107.45,9576449.0,2.0,36,-61.65,27.49,下行,245.28,107.45,107450.0,,,,False
2025-11-22 09:33:42.514830,1073.22,107.52,9576449.0,2.0,36,-58.26,28.4,下行,245.51,107.52,107520.0,,,,False
2025-11-22 09:33:45.558383,1073.43,107.73,9576449.0,2.0,36,-50.22,31.52,下行,245.5,107.73,107730.0,,,,False
2025-11-22 09:33:46.583788,1073.49,107.79,9576449.0,2.0,36,-42.45,34.21,下行,245.48,107.79,107790.0,,,,False
2025-11-22 09:33:47.611172,1073.56,107.8599999999999,9576449.0,2.0,36,-44.44,29.81,下行,245.49,107.8599999999999,107859.9999999999,,,,False
2025-11-22 09:33:48.674813,1073.64,107.9400000000001,9576449.0,2.0,36,-56.63,27.17,下行,245.55,107.9400000000001,107940.0000000001,,,,False
2025-11-22 09:33:49.692630,1073.7,108.0,9576449.0,2.0,36,-67.38,23.03,下行,245.34,108.0,108000.0,,,,False
2025-11-22 09:33:50.718318,1073.78,108.0799999999999,9576449.0,2.0,36,-63.89,22.72,下行,245.33,108.0799999999999,108079.9999999999,,,,False
2025-11-22 09:33:51.750473,1073.84,108.1399999999999,9576449.0,2.0,36,-64.53,17.84,下行,245.57,108.1399999999999,108139.9999999999,,,,False
2025-11-22 09:33:53.780906,1073.99,108.29,9576449.0,2.0,36,-56.82,18.15,下行,245.47,108.29,108290.0,,,,False
2025-11-22 09:33:54.821750,1074.05,108.3499999999999,9576449.0,2.0,36,-54.32,20.93,下行,245.45,108.3499999999999,108349.9999999999,,,,False
2025-11-22 09:33:55.852163,1074.12,108.4199999999998,9576449.0,2.0,36,-56.66,23.04,下行,245.5,108.4199999999998,108419.9999999998,,,,False
2025-11-22 09:33:56.881766,1074.2,108.5,9576449.0,2.0,36,-59.8,23.54,下行,245.42,108.5,108500.0,,,,False
2025-11-22 09:33:57.904769,1074.26,108.5599999999999,9576449.0,2.0,36,-62.95,19.27,下行,245.5,108.5599999999999,108559.9999999999,,,,False
2025-11-22 09:33:58.941565,1074.34,108.6399999999999,9576449.0,2.0,36,-66.39,19.93,下行,245.61,108.6399999999999,108639.9999999999,,,,False
2025-11-22 09:33:59.979892,1074.41,108.71,9576449.0,2.0,36,-68.84,21.44,下行,245.52,108.71,108710.0,,,,False
2025-11-22 09:34:01.004934,1074.47,108.77,9576449.0,2.0,36,-70.92,13.24,下行,245.6,108.77,108770.0,,,,False
2025-11-22 09:34:02.045062,1074.55,108.8499999999999,9576449.0,2.0,36,-73.6,12.47,下行,245.63,108.8499999999999,108849.9999999999,,,,False
2025-11-22 09:34:03.067820,1074.62,108.9199999999998,9576449.0,2.0,36,-76.12,14.1,下行,245.41,108.9199999999998,108919.9999999998,,,,False
2025-11-22 09:34:04.121912,1074.69,108.99,9576449.0,2.0,36,-73.09,19.31,下行,245.54,108.99,108990.0,,,,False
2025-11-22 09:34:05.143888,1074.76,109.0599999999999,9576449.0,2.0,36,-76.14,9.31,下行,245.47,109.0599999999999,109059.9999999999,,,,False
2025-11-22 09:34:06.181957,1074.83,109.1299999999999,9576449.0,2.0,36,-78.79,10.31,下行,245.28,109.1299999999999,109129.9999999999,,,,False
2025-11-22 09:34:07.206557,1074.9,109.2,9576449.0,2.0,36,-78.71,9.47,下行,244.69,109.2,109200.0,,,,False
2025-11-22 09:34:08.229422,1074.97,109.27,9576449.0,2.0,36,-80.85,7.41,下行,244.47,109.27,109270.0,,,,False
2025-11-22 09:34:09.283204,1075.04,109.3399999999999,9576449.0,2.0,36,-82.45,5.71,下行,244.2,109.3399999999999,109339.9999999999,,,,False
2025-11-22 09:34:10.306004,1075.11,109.4099999999999,9576449.0,2.0,36,-79.76,6.71,下行,243.95,109.4099999999999,109409.9999999999,,,,False
2025-11-22 09:34:12.349961,1075.25,109.55,9576449.0,2.0,36,-80.47,4.41,下行,243.73,109.55,109550.0,,,,False
2025-11-22 09:34:13.387066,1075.32,109.6199999999999,9576449.0,3.0,37,-78.84,8.85,下行,243.7,109.6199999999999,109619.9999999999,,,,True
2025-11-22 09:34:14.629432,1075.4,109.7,9576449.0,3.0,37,-78.57,7.31,下行,243.71,109.7,109700.0,,,,False
2025-11-22 09:34:15.666710,1075.47,109.77,9576449.0,3.0,37,-77.22,7.11,下行,243.62,109.77,109770.0,,,,False
2025-11-22 09:34:16.690496,1075.54,109.8399999999999,9576449.0,3.0,37,-78.55,9.96,下行,243.46,109.8399999999999,109839.9999999999,,,,False
2025-11-22 09:34:17.743023,1075.61,109.9099999999999,9576449.0,3.0,37,-78.66,7.69,下行,243.41,109.9099999999999,109909.9999999999,,,,False
2025-11-22 09:34:18.765040,1075.69,109.99,9576449.0,3.0,37,-78.48,8.78,下行,243.15,109.99,109990.0,,,,False
2025-11-22 09:34:19.794061,1075.75,110.05,9576449.0,3.0,37,-78.41,10.27,下行,243.27,110.05,110050.0,,,,False
2025-11-22 09:34:20.827564,1075.82,110.1199999999999,9576449.0,3.0,37,-75.97,11.58,下行,243.05,110.1199999999999,110119.9999999999,,,,False
2025-11-22 09:34:22.855685,1075.96,110.26,9576449.0,3.0,37,-72.23,17.63,下行,243.06,110.26,110260.0,,,,False
2025-11-22 09:34:23.924544,1076.03,110.3299999999999,9576449.0,3.0,37,-72.26,16.11,下行,242.81,110.3299999999999,110329.9999999999,,,,False
2025-11-22 09:34:24.962726,1076.1,110.3999999999999,9576449.0,3.0,37,-69.9,14.9,下行,242.7,110.3999999999999,110399.99999999991,,,,False
2025-11-22 09:34:26.001047,1076.17,110.47,9576449.0,3.0,37,-68.61,14.63,下行,243.08,110.47,110470.0,,,,False
2025-11-22 09:34:27.023444,1076.24,110.54,9576449.0,3.0,37,-67.36,18.25,下行,243.66,110.54,110540.0,,,,False
2025-11-22 09:34:28.062347,1076.31,110.6099999999999,9576449.0,3.0,37,-62.21,25.53,下行,244.33,110.6099999999999,110609.9999999999,,,,False
2025-11-22 09:34:29.101664,1076.38,110.6800000000001,9576449.0,3.0,37,-60.04,27.13,下行,244.73,110.6800000000001,110680.0000000001,,,,False
2025-11-22 09:34:30.125158,1076.45,110.75,9576449.0,3.0,37,-55.32,28.64,下行,244.68,110.75,110750.0,,,,False
2025-11-22 09:34:31.149329,1076.52,110.8199999999999,9576449.0,3.0,37,-52.05,30.16,下行,244.78,110.8199999999999,110819.9999999999,,,,False
2025-11-22 09:34:32.203395,1076.59,110.8899999999999,9576449.0,3.0,37,-46.81,31.92,下行,244.61,110.8899999999999,110889.9999999999,,,,False
2025-11-22 09:34:33.221161,1076.66,110.96,9576449.0,3.0,37,-42.26,30.93,下行,244.68,110.96,110960.0,,,,False
2025-11-22 09:34:34.264709,1076.73,111.03,9576449.0,3.0,37,-51.45,31.64,下行,245.25,111.03,111030.0,,,,False
2025-11-22 09:34:35.294365,1076.8,111.0999999999999,9576449.0,3.0,37,-65.29,21.26,下行,246.38,111.0999999999999,111099.9999999999,,,,False
2025-11-22 09:34:36.321036,1076.87,111.1699999999998,9576449.0,3.0,37,-64.82,17.68,下行,247.31,111.1699999999998,111169.9999999998,,,,False
2025-11-22 09:34:37.350605,1076.94,111.24,9576449.0,3.0,37,-64.37,16.0,下行,248.41,111.24,111240.0,,,,False
2025-11-22 09:34:38.374960,1077.02,111.3199999999999,9576449.0,3.0,37,-57.17,18.92,下行,249.07,111.3199999999999,111319.9999999999,,,,False
2025-11-22 09:34:39.428954,1077.09,111.3899999999999,9576449.0,3.0,37,-51.93,22.28,下行,249.94,111.3899999999999,111389.9999999999,,,,False
2025-11-22 09:34:40.451983,1077.15,111.45,9576449.0,3.0,37,-54.49,26.67,下行,250.36,111.45,111450.0,,,,False
2025-11-22 09:34:41.474560,1077.23,111.53,9576449.0,3.0,37,-57.0,22.33,下行,250.72,111.53,111530.0,,,,False
2025-11-22 09:34:42.511823,1077.3,111.5999999999999,9576449.0,3.0,37,-61.02,24.2,下行,251.19,111.5999999999999,111599.9999999999,,,,False
2025-11-22 09:34:43.564150,1077.38,111.6800000000001,9576449.0,3.0,37,-65.76,20.94,下行,251.84,111.6800000000001,111680.0000000001,,,,False
2025-11-22 09:34:44.586274,1077.45,111.75,9576449.0,3.0,37,-66.89,19.98,下行,252.15,111.75,111750.0,,,,False
2025-11-22 09:34:45.641086,1077.52,111.8199999999999,9576449.0,3.0,37,-68.93,18.77,下行,252.61,111.8199999999999,111819.9999999999,,,,False
2025-11-22 09:34:47.639313,1077.66,111.96,9576449.0,3.0,37,-72.79,15.29,下行,253.16,111.96,111960.0,,,,False
2025-11-22 09:34:48.661109,1077.73,112.03,9576449.0,3.0,37,-73.7,18.97,下行,253.62,112.03,112030.0,,,,False
2025-11-22 09:34:49.699061,1077.8,112.0999999999999,9576449.0,3.0,37,-74.69,14.47,下行,253.92,112.0999999999999,112099.9999999999,,,,False
2025-11-22 09:34:50.737894,1077.88,112.1800000000001,9576449.0,3.0,37,-79.67,8.09,下行,254.25,112.1800000000001,112180.0000000001,,,,False
2025-11-22 09:34:51.759393,1077.95,112.25,9576449.0,3.0,37,-81.85,5.24,下行,254.84,112.25,112250.0,,,,False
2025-11-22 09:34:52.798849,1078.03,112.3299999999999,9576449.0,3.0,37,-82.34,3.06,下行,255.22,112.3299999999999,112329.9999999999,,,,False
2025-11-22 09:34:53.820728,1078.1,112.3999999999999,9576449.0,3.0,37,-83.17,7.5,下行,255.36,112.3999999999999,112399.99999999991,,,,False
2025-11-22 09:34:54.860253,1078.17,112.47,9576449.0,3.0,37,-82.38,8.15,下行,255.75,112.47,112470.0,,,,False
2025-11-22 09:34:55.880885,1078.25,112.55,9576451.0,1.0,38,-82.91,-1.55,下行,256.28,112.55,112550.0,,,,True
2025-11-22 09:34:57.107604,1078.33,112.6299999999999,9576451.0,1.0,38,-82.92,4.2,下行,256.82,112.6299999999999,112629.9999999999,,,,False
2025-11-22 09:34:58.130401,1078.4,112.7,9576451.0,1.0,38,-82.21,6.4,下行,257.3,112.7,112700.0,,,,False
2025-11-22 09:34:59.152910,1078.47,112.77,9576451.0,1.0,38,-80.36,8.25,下行,257.23,112.77,112770.0,,,,False
2025-11-22 09:35:00.189629,1078.55,112.8499999999999,9576451.0,1.0,38,-82.47,7.75,下行,257.84,112.8499999999999,112849.9999999999,,,,False
2025-11-22 09:35:02.201434,1078.7,113.0,9576451.0,1.0,38,-82.06,8.72,下行,258.51,113.0,113000.0,,,,False
2025-11-22 09:35:03.254121,1078.77,113.0699999999999,9576451.0,1.0,38,-79.8,9.94,下行,258.87,113.0699999999999,113069.9999999999,,,,False
2025-11-22 09:35:04.278264,1078.85,113.1499999999999,9576451.0,1.0,38,-78.53,11.01,下行,259.17,113.1499999999999,113149.99999999991,,,,False
2025-11-22 09:35:05.315955,1078.92,113.22,9576451.0,1.0,38,-77.93,10.41,下行,259.58,113.22,113220.0,,,,False
2025-11-22 09:35:06.338136,1079.0,113.3,9576451.0,1.0,38,-78.1,10.84,下行,259.92,113.3,113300.0,,,,False
2025-11-22 09:35:07.361638,1079.07,113.3699999999999,9576451.0,1.0,38,-79.36,8.76,下行,260.34,113.3699999999999,113369.9999999999,,,,False
2025-11-22 09:35:08.416638,1079.14,113.4400000000001,9576451.0,1.0,38,-74.9,13.26,下行,261.03,113.4400000000001,113440.0000000001,,,,False
2025-11-22 09:35:09.442519,1079.22,113.52,9576451.0,1.0,38,-71.95,13.41,下行,261.54,113.52,113520.0,,,,False
2025-11-22 09:35:10.479936,1079.29,113.5899999999999,9576451.0,1.0,38,-75.74,10.07,下行,262.36,113.5899999999999,113589.9999999999,,,,False
2025-11-22 09:35:11.517638,1079.37,113.6699999999998,9576451.0,1.0,38,-71.88,13.37,下行,263.17,113.6699999999998,113669.9999999998,,,,False
2025-11-22 09:35:12.635259,1079.45,113.75,9576451.0,1.0,38,-72.29,13.96,下行,263.99,113.75,113750.0,,,,False
2025-11-22 09:35:13.595498,1079.52,113.8199999999999,9576451.0,1.0,38,-70.18,15.35,下行,264.94,113.8199999999999,113819.9999999999,,,,False
2025-11-22 09:35:14.631642,1079.6,113.8999999999999,9576451.0,1.0,38,-65.48,21.67,下行,265.99,113.8999999999999,113899.99999999991,,,,False
2025-11-22 09:35:15.652534,1079.67,113.97,9576451.0,1.0,38,-62.28,24.61,下行,266.93,113.97,113970.0,,,,False
2025-11-22 09:35:16.673670,1079.75,114.05,9576451.0,1.0,38,-59.92,24.84,下行,267.95,114.05,114050.0,,,,False
2025-11-22 09:35:17.728207,1079.83,114.1299999999999,9576451.0,1.0,38,-56.72,27.16,下行,269.07,114.1299999999999,114129.9999999999,,,,False
2025-11-22 09:35:18.764118,1079.9,114.2,9576451.0,1.0,38,-51.21,30.46,下行,269.94,114.2,114200.0,,,,False
2025-11-22 09:35:19.785352,1079.98,114.28,9576451.0,1.0,38,-45.16,31.2,下行,270.95,114.28,114280.0,,,,False
2025-11-22 09:35:21.812999,1080.13,114.4300000000001,9576451.0,1.0,38,-41.79,31.61,下行,272.79,114.4300000000001,114430.0000000001,,,,False
2025-11-22 09:35:22.853261,1080.22,114.52,9576451.0,1.0,38,-55.43,26.44,下行,273.73,114.52,114520.0,,,,False
2025-11-22 09:35:23.904528,1080.29,114.5899999999999,9576451.0,1.0,38,-67.98,19.4,下行,274.77,114.5899999999999,114589.9999999999,,,,False
2025-11-22 09:35:24.928054,1080.37,114.6699999999998,9576451.0,1.0,38,-63.02,17.52,下行,275.64,114.6699999999998,114669.9999999998,,,,False
2025-11-22 09:35:26.958157,1080.53,114.8299999999999,9576451.0,1.0,38,-50.62,20.66,下行,277.2,114.8299999999999,114829.9999999999,,,,False
2025-11-22 09:35:27.995972,1080.61,114.9099999999999,9576451.0,1.0,38,-54.78,20.77,下行,278.26,114.9099999999999,114909.9999999999,,,,False
2025-11-22 09:35:29.026393,1080.69,114.99,9576451.0,1.0,38,-58.46,21.28,下行,279.3,114.99,114990.0,,,,False
2025-11-22 09:35:30.057952,1080.77,115.0699999999999,9576451.0,1.0,38,-63.01,18.4,下行,280.09,115.0699999999999,115069.9999999999,,,,False
2025-11-22 09:35:31.080847,1080.85,115.1499999999999,9576451.0,1.0,38,-65.46,20.43,下行,281.11,115.1499999999999,115149.99999999991,,,,False
2025-11-22 09:35:32.106023,1080.93,115.23,9576451.0,1.0,38,-69.5,17.09,下行,281.95,115.23,115230.0,,,,False
2025-11-22 09:35:33.161640,1081.01,115.3099999999999,9576451.0,1.0,38,-72.97,20.82,下行,282.87,115.3099999999999,115309.9999999999,,,,False
2025-11-22 09:35:34.184908,1081.09,115.3899999999999,9576451.0,1.0,38,-70.88,15.58,下行,283.82,115.3899999999999,115389.9999999999,,,,False
2025-11-22 09:35:35.212614,1081.17,115.47,9576451.0,1.0,38,-76.2,11.11,下行,284.59,115.47,115470.0,,,,False
2025-11-22 09:35:36.246254,1081.25,115.55,9576451.0,1.0,38,-77.56,8.53,下行,285.5,115.55,115550.0,,,,False
2025-11-22 09:35:37.268304,1081.33,115.6299999999999,9576451.0,2.0,38,-80.76,1.85,下行,286.39,115.6299999999999,115629.9999999999,,,,False
2025-11-22 09:35:38.543424,1081.44,115.74,9576451.0,2.0,39,-81.74,0.74,下行,287.37,115.74,115740.0,,,,True
2025-11-22 09:35:39.596944,1081.53,115.8299999999999,9576451.0,2.0,39,-79.3,4.31,下行,288.27,115.8299999999999,115829.9999999999,,,,False
2025-11-22 09:35:40.652754,1081.6,115.8999999999999,9576451.0,2.0,39,-79.73,1.97,下行,288.96,115.8999999999999,115899.99999999991,,,,False
2025-11-22 09:35:41.659872,1081.68,115.98,9576451.0,2.0,39,-76.48,4.65,下行,289.76,115.98,115980.0,,,,False
2025-11-22 09:35:42.712757,1081.77,116.0699999999999,9576451.0,2.0,39,-74.73,7.54,下行,290.52,116.0699999999999,116069.9999999999,,,,False
2025-11-22 09:35:43.773203,1081.85,116.1499999999999,9576451.0,2.0,39,-71.24,10.96,下行,290.67,116.1499999999999,116149.99999999991,,,,False
2025-11-22 09:35:44.796771,1081.94,116.24,9576451.0,2.0,39,-70.7,13.19,下行,291.32,116.24,116240.0,,,,False
2025-11-22 09:35:46.827012,1082.1,116.3999999999999,9576451.0,2.0,39,-66.47,19.77,下行,292.08,116.3999999999999,116399.99999999991,,,,False
2025-11-22 09:35:47.868136,1082.19,116.49,9576451.0,2.0,39,-65.8,22.29,下行,292.31,116.49,116490.0,,,,False
2025-11-22 09:35:48.891271,1082.27,116.5699999999999,9576451.0,2.0,39,-63.32,23.17,下行,292.67,116.5699999999999,116569.9999999999,,,,False
2025-11-22 09:35:49.944885,1082.35,116.6499999999999,9576451.0,2.0,39,-57.71,28.32,下行,292.77,116.6499999999999,116649.99999999991,,,,False
2025-11-22 09:35:50.968790,1082.44,116.74,9576451.0,2.0,39,-53.2,30.76,下行,293.16,116.74,116740.0,,,,False
2025-11-22 09:35:52.009275,1082.52,116.8199999999999,9576451.0,2.0,39,-47.02,32.7,下行,293.29,116.8199999999999,116819.9999999999,,,,False
2025-11-22 09:35:53.031666,1082.61,116.9099999999999,9576451.0,2.0,39,-42.91,34.37,下行,293.4,116.9099999999999,116909.9999999999,,,,False
2025-11-22 09:35:54.055179,1082.7,117.0,9576451.0,2.0,39,-48.04,27.17,下行,293.76,117.0,117000.0,,,,False
2025-11-22 09:35:55.125524,1082.78,117.0799999999999,9576451.0,2.0,39,-61.95,20.74,下行,293.77,117.0799999999999,117079.9999999999,,,,False
2025-11-22 09:35:56.134977,1082.87,117.1699999999998,9576451.0,2.0,39,-71.22,17.1,下行,294.05,117.1699999999998,117169.9999999998,,,,False
2025-11-22 09:35:57.159232,1082.95,117.25,9576451.0,2.0,39,-64.67,17.9,下行,294.01,117.25,117250.0,,,,False
2025-11-22 09:35:58.194935,1083.03,117.3299999999999,9576451.0,2.0,39,-62.46,15.85,下行,294.14,117.3299999999999,117329.9999999999,,,,False
2025-11-22 09:35:59.233054,1083.12,117.4199999999998,9576451.0,2.0,39,-56.15,21.59,下行,294.19,117.4199999999998,117419.9999999998,,,,False
2025-11-22 09:36:00.253964,1083.2,117.5,9576451.0,2.0,39,-57.23,21.34,下行,294.25,117.5,117500.0,,,,False
2025-11-22 09:36:01.283847,1083.28,117.5799999999999,9576451.0,2.0,39,-59.72,19.5,下行,294.15,117.5799999999999,117579.9999999999,,,,False
2025-11-22 09:36:04.313073,1083.53,117.8299999999999,9576451.0,2.0,39,-66.42,16.33,下行,294.09,117.8299999999999,117829.9999999999,,,,False
2025-11-22 09:36:05.352470,1083.61,117.9099999999999,9576451.0,2.0,39,-67.23,15.49,下行,293.92,117.9099999999999,117909.9999999999,,,,False
2025-11-22 09:36:06.389822,1083.7,118.0,9576451.0,2.0,39,-70.87,13.79,下行,293.71,118.0,118000.0,,,,False
2025-11-22 09:36:07.411314,1083.78,118.0799999999999,9576451.0,2.0,39,-74.86,17.64,下行,293.53,118.0799999999999,118079.9999999999,,,,False
2025-11-22 09:36:08.449896,1083.86,118.1599999999999,9576451.0,2.0,39,-71.69,19.65,下行,293.54,118.1599999999999,118159.9999999999,,,,False
2025-11-22 09:36:09.503514,1083.95,118.25,9576451.0,2.0,39,-75.1,14.27,下行,293.7,118.25,118250.0,,,,False
2025-11-22 09:36:10.529532,1084.04,118.3399999999999,9576451.0,2.0,39,-76.06,12.27,下行,293.43,118.3399999999999,118339.9999999999,,,,False
2025-11-22 09:36:11.553545,1084.13,118.4300000000001,9576451.0,2.0,39,-79.05,10.8,下行,293.29,118.4300000000001,118430.0000000001,,,,False
2025-11-22 09:36:12.592006,1084.21,118.51,9576451.0,2.0,39,-79.19,10.27,下行,293.28,118.51,118510.0,,,,False
2025-11-22 09:36:13.604905,1084.29,118.5899999999999,9576451.0,2.0,39,-80.09,8.94,下行,293.11,118.5899999999999,118589.9999999999,,,,False
2025-11-22 09:36:14.654161,1084.38,118.6800000000001,9576451.0,2.0,39,-80.45,7.07,下行,293.28,118.6800000000001,118680.0000000001,,,,False
2025-11-22 09:36:15.675819,1084.46,118.76,9576451.0,2.0,39,-84.25,4.73,下行,293.09,118.76,118760.0,,,,False
2025-11-22 09:36:16.710301,1084.54,118.8399999999999,9576451.0,2.0,39,-83.11,1.43,下行,293.27,118.8399999999999,118839.9999999999,,,,False
2025-11-22 09:36:17.739278,1084.63,118.9300000000001,9576451.0,2.0,39,-83.22,3.3,下行,293.39,118.9300000000001,118930.0000000001,,,,False
2025-11-22 09:36:18.786098,1084.71,119.01,9576451.0,2.0,39,-81.5,6.09,下行,293.88,119.01,119010.0,,,,False
2025-11-22 09:36:19.815571,1084.8,119.0999999999999,9576451.0,3.0,40,-82.66,-0.74,下行,294.32,119.0999999999999,119099.9999999999,,,,True
2025-11-22 09:36:21.026840,1084.9,119.2,9576451.0,3.0,40,-78.71,6.85,下行,294.7,119.2,119200.0,,,,False
2025-11-22 09:36:22.064611,1084.98,119.28,9576451.0,3.0,40,-78.46,4.29,下行,294.75,119.28,119280.0,,,,False
2025-11-22 09:36:23.087009,1085.06,119.3599999999999,9576451.0,3.0,40,-77.46,5.59,下行,294.93,119.3599999999999,119359.9999999999,,,,False
2025-11-22 09:36:24.123471,1085.15,119.45,9576451.0,3.0,40,-74.65,10.64,下行,295.19,119.45,119450.0,,,,False
2025-11-22 09:36:25.149704,1085.23,119.53,9576451.0,3.0,40,-71.86,11.43,下行,295.3,119.53,119530.0,,,,False
2025-11-22 09:36:26.187206,1085.31,119.6099999999999,9576451.0,3.0,40,-70.52,12.79,下行,294.98,119.6099999999999,119609.9999999999,,,,False
2025-11-22 09:36:28.216179,1085.48,119.78,9576451.0,3.0,40,-67.86,12.29,下行,294.95,119.78,119780.0,,,,False
2025-11-22 09:36:29.241711,1085.57,119.8699999999999,9576451.0,3.0,40,-65.33,15.55,下行,294.93,119.8699999999999,119869.9999999999,,,,False
2025-11-22 09:36:30.280058,1085.66,119.96,9576451.0,3.0,40,-63.69,21.32,下行,295.06,119.96,119960.0,,,,False
2025-11-22 09:36:31.305077,1085.74,120.04,9576451.0,3.0,40,-60.28,23.94,下行,295.01,120.04,120040.0,,,,False
2025-11-22 09:36:32.467284,1085.83,120.1299999999999,9576451.0,3.0,40,-56.45,25.58,下行,295.29,120.1299999999999,120129.9999999999,,,,False
2025-11-22 09:36:35.373570,1086.07,120.3699999999999,9576451.0,3.0,40,-43.75,31.5,下行,294.93,120.3699999999999,120369.9999999999,,,,False
2025-11-22 09:36:36.398282,1086.15,120.45,9576451.0,3.0,40,-47.59,23.67,下行,294.72,120.45,120450.0,,,,False
2025-11-22 09:36:37.441473,1086.23,120.53,9576451.0,3.0,40,-58.25,21.35,下行,294.38,120.53,120530.0,,,,False
2025-11-22 09:36:38.472923,1086.32,120.6199999999999,9576451.0,3.0,40,-69.45,13.82,下行,294.37,120.6199999999999,120619.9999999999,,,,False
2025-11-22 09:36:39.510739,1086.41,120.71,9576451.0,3.0,40,-65.05,11.05,下行,294.51,120.71,120710.0,,,,False
2025-11-22 09:36:40.550517,1086.5,120.8,9576451.0,3.0,40,-59.15,10.91,下行,294.47,120.8,120800.0,,,,False
2025-11-22 09:36:41.592035,1086.58,120.8799999999999,9576451.0,3.0,40,-51.96,20.41,下行,294.68,120.8799999999999,120879.9999999999,,,,False
2025-11-22 09:36:42.613025,1086.66,120.96,9576451.0,3.0,40,-54.5,20.97,下行,294.73,120.96,120960.0,,,,False
2025-11-22 09:36:43.635511,1086.75,121.05,9576451.0,3.0,40,-58.36,17.84,下行,294.74,121.05,121050.0,,,,False
2025-11-22 09:36:44.659732,1086.83,121.1299999999999,9576451.0,3.0,40,-62.14,16.65,下行,295.0,121.1299999999999,121129.9999999999,,,,False
2025-11-22 09:36:45.684746,1086.91,121.21,9576451.0,3.0,40,-67.01,11.68,下行,294.7,121.21,121210.0,,,,False
2025-11-22 09:36:46.736876,1087.0,121.3,9576451.0,3.0,40,-69.47,9.33,下行,294.71,121.3,121300.0,,,,False
2025-11-22 09:36:47.776363,1087.08,121.3799999999999,9576451.0,3.0,40,-73.54,4.89,下行,294.76,121.3799999999999,121379.9999999999,,,,False
2025-11-22 09:36:48.800487,1087.16,121.46,9576451.0,4.0,41,-73.11,4.2,下行,294.68,121.46,121460.0,,,,True
2025-11-22 09:36:50.032597,1087.27,121.5699999999999,9576451.0,4.0,41,-75.42,1.67,下行,294.75,121.5699999999999,121569.9999999999,,,,False
2025-11-22 09:36:51.055425,1087.35,121.6499999999999,9576451.0,4.0,41,-73.15,7.13,下行,294.67,121.6499999999999,121649.99999999991,,,,False
2025-11-22 09:36:52.079206,1087.43,121.73,9576451.0,4.0,41,-73.88,6.32,下行,294.86,121.73,121730.0,,,,False
2025-11-22 09:36:53.102497,1087.52,121.8199999999999,9576451.0,4.0,41,-73.36,9.46,下行,294.71,121.8199999999999,121819.9999999999,,,,False
2025-11-22 09:36:54.124944,1087.61,121.9099999999999,9576451.0,4.0,41,-73.53,9.58,下行,294.63,121.9099999999999,121909.9999999999,,,,False
2025-11-22 09:36:55.178710,1087.69,121.99,9576451.0,4.0,41,-73.05,13.34,下行,294.74,121.99,121990.0,,,,False
2025-11-22 09:36:56.202493,1087.78,122.0799999999999,9576451.0,4.0,41,-70.39,19.66,下行,294.91,122.0799999999999,122079.9999999999,,,,False
2025-11-22 09:36:57.226478,1087.86,122.1599999999999,9576451.0,4.0,41,-69.26,17.86,下行,294.7,122.1599999999999,122159.9999999999,,,,False
2025-11-22 09:36:58.267796,1087.94,122.24,9576451.0,4.0,41,-66.85,21.15,下行,294.93,122.24,122240.0,,,,False
2025-11-22 09:36:59.291696,1088.03,122.3299999999999,9576451.0,4.0,41,-69.54,15.88,下行,294.95,122.3299999999999,122329.9999999999,,,,False
2025-11-22 09:37:00.329344,1088.11,122.4099999999999,9576451.0,4.0,41,-72.54,13.7,下行,294.97,122.4099999999999,122409.9999999999,,,,False
2025-11-22 09:37:01.350603,1088.19,122.49,9576451.0,4.0,41,-67.68,20.16,下行,295.03,122.49,122490.0,,,,False
2025-11-22 09:37:03.407682,1088.36,122.6599999999999,9576451.0,4.0,41,-65.55,23.84,下行,295.22,122.6599999999999,122659.9999999999,,,,False
2025-11-22 09:37:04.460275,1088.45,122.75,9576451.0,4.0,41,-69.9,21.1,下行,295.02,122.75,122750.0,,,,False
2025-11-22 09:37:05.491717,1088.53,122.8299999999999,9576451.0,4.0,41,-65.77,19.93,下行,295.42,122.8299999999999,122829.9999999999,,,,False
2025-11-22 09:37:06.517863,1088.62,122.9199999999998,9576451.0,4.0,41,-65.14,24.68,下行,295.74,122.9199999999998,122919.9999999998,,,,False
2025-11-22 09:37:07.539287,1088.71,123.01,9576451.0,4.0,41,-64.96,22.78,下行,295.59,123.01,123010.0,,,,False
2025-11-22 09:37:09.564168,1088.87,123.1699999999998,9576451.0,4.0,41,-60.97,25.15,下行,295.67,123.1699999999998,123169.9999999998,,,,False
2025-11-22 09:37:10.602685,1088.96,123.26,9576451.0,4.0,41,-59.72,25.59,下行,295.52,123.26,123260.0,,,,False
2025-11-22 09:37:11.621412,1089.04,123.3399999999999,9576451.0,4.0,41,-57.25,25.56,下行,295.49,123.3399999999999,123339.9999999999,,,,False
2025-11-22 09:37:13.662896,1089.2,123.5,9576451.0,4.0,41,-54.28,27.8,下行,295.36,123.5,123500.0,,,,False
2025-11-22 09:37:14.684734,1089.29,123.5899999999999,9576451.0,4.0,41,-45.09,26.57,下行,295.46,123.5899999999999,123589.9999999999,,,,False
2025-11-22 09:37:15.721626,1089.37,123.6699999999998,9576451.0,4.0,41,-58.37,22.66,下行,295.44,123.6699999999998,123669.9999999998,,,,False
2025-11-22 09:37:16.758740,1089.46,123.76,9576451.0,4.0,41,-65.29,20.12,下行,296.01,123.76,123760.0,,,,False
2025-11-22 09:37:17.779192,1089.55,123.8499999999999,9576451.0,4.0,41,-61.25,17.4,下行,296.06,123.8499999999999,123849.9999999999,,,,False
2025-11-22 09:37:19.805367,1089.71,124.01,9576451.0,4.0,41,-52.67,23.06,下行,295.87,124.01,124010.0,,,,False
2025-11-22 09:37:20.856734,1089.8,124.0999999999999,9576451.0,4.0,41,-52.77,20.32,下行,295.98,124.0999999999999,124099.9999999999,,,,False
2025-11-22 09:37:21.892179,1089.88,124.1800000000001,9576451.0,4.0,41,-56.45,21.45,下行,295.8,124.1800000000001,124180.0000000001,,,,False
2025-11-22 09:37:22.912989,1089.97,124.27,9576451.0,4.0,41,-60.5,17.7,下行,295.77,124.27,124270.0,,,,False
2025-11-22 09:37:23.935150,1090.05,124.3499999999999,9576451.0,4.0,41,-64.08,18.96,下行,295.73,124.3499999999999,124349.9999999999,,,,False
2025-11-22 09:37:24.971966,1090.13,124.4300000000001,9576451.0,4.0,41,-67.96,15.66,下行,295.77,124.4300000000001,124430.0000000001,,,,False
2025-11-22 09:37:26.023241,1090.22,124.52,9576451.0,4.0,41,-69.43,22.3,下行,295.78,124.52,124520.0,,,,False
2025-11-22 09:37:27.044609,1090.3,124.5999999999999,9576451.0,4.0,41,-71.37,15.92,下行,295.77,124.5999999999999,124599.9999999999,,,,False
2025-11-22 09:37:28.065636,1090.39,124.6900000000001,9576451.0,4.0,41,-76.04,7.95,下行,295.9,124.6900000000001,124690.0000000001,,,,False
2025-11-22 09:37:29.102477,1090.48,124.78,9576451.0,4.0,41,-80.04,2.14,下行,295.95,124.78,124780.0,,,,False
2025-11-22 09:37:30.123260,1090.56,124.8599999999999,9576451.0,4.0,41,-78.68,7.75,下行,295.84,124.8599999999999,124859.9999999999,,,,False
2025-11-22 09:37:31.178271,1090.65,124.95,9576451.0,4.0,41,-77.28,11.05,下行,295.65,124.95,124950.0,,,,False
2025-11-22 09:37:32.215015,1090.73,125.03,9576451.0,4.0,41,-76.62,9.35,下行,295.8,125.03,125030.0,,,,False
2025-11-22 09:37:33.234540,1090.81,125.1099999999999,9576451.0,4.0,41,-78.8,6.1,下行,295.6,125.1099999999999,125109.9999999999,,,,False
2025-11-22 09:37:34.265277,1090.9,125.2,9576451.0,4.0,41,-80.98,5.0,下行,295.86,125.2,125200.0,,,,False
2025-11-22 09:37:35.306294,1090.98,125.28,9576451.0,4.0,41,-81.73,7.78,下行,295.48,125.28,125280.0,,,,False
2025-11-22 09:37:36.335932,1091.07,125.3699999999999,9576451.0,4.0,41,-82.96,6.46,下行,295.46,125.3699999999999,125369.9999999999,,,,False
2025-11-22 09:37:37.384708,1091.15,125.45,9576451.0,5.0,41,-84.25,1.21,下行,295.29,125.45,125450.0,,,,False
2025-11-22 09:37:38.586019,1091.25,125.55,9576451.0,5.0,42,-82.72,2.57,下行,295.35,125.55,125550.0,,,,True
2025-11-22 09:37:39.718822,1091.34,125.6399999999999,9576451.0,5.0,42,-80.52,2.81,下行,295.18,125.6399999999999,125639.9999999999,,,,False
2025-11-22 09:37:40.739751,1091.43,125.73,9576451.0,5.0,42,-80.86,7.38,下行,295.31,125.73,125730.0,,,,False
2025-11-22 09:37:41.773725,1091.51,125.8099999999999,9576451.0,5.0,42,-77.75,8.75,下行,295.5,125.8099999999999,125809.9999999999,,,,False
2025-11-22 09:37:42.812029,1091.6,125.8999999999999,9576451.0,5.0,42,-76.11,13.08,下行,295.31,125.8999999999999,125899.99999999991,,,,False
2025-11-22 09:37:43.855648,1091.68,125.98,9576451.0,5.0,42,-73.33,12.97,下行,295.42,125.98,125980.0,,,,False
2025-11-22 09:37:44.902763,1091.77,126.0699999999999,9576451.0,5.0,42,-71.73,16.38,下行,295.39,126.0699999999999,126069.9999999999,,,,False
2025-11-22 09:37:45.938323,1091.86,126.1599999999999,9576451.0,5.0,42,-69.59,16.75,下行,295.48,126.1599999999999,126159.9999999999,,,,False
2025-11-22 09:37:48.979212,1092.11,126.4099999999999,9576451.0,5.0,42,-64.37,23.41,下行,295.48,126.4099999999999,126409.9999999999,,,,False
2025-11-22 09:37:50.021155,1092.19,126.49,9576451.0,5.0,42,-60.67,25.37,下行,295.38,126.49,126490.0,,,,False
2025-11-22 09:37:51.048498,1092.28,126.5799999999999,9576451.0,5.0,42,-52.82,29.72,下行,295.43,126.5799999999999,126579.9999999999,,,,False
2025-11-22 09:37:52.085635,1092.36,126.6599999999999,9576451.0,5.0,42,-47.86,29.12,下行,295.53,126.6599999999999,126659.9999999999,,,,False
2025-11-22 09:37:53.108643,1092.44,126.74,9576451.0,5.0,42,-43.02,33.01,下行,295.54,126.74,126740.0,,,,False
2025-11-22 09:37:54.154593,1092.53,126.8299999999999,9576451.0,5.0,42,-49.0,32.12,下行,295.31,126.8299999999999,126829.9999999999,,,,False
2025-11-22 09:37:55.193867,1092.61,126.9099999999999,9576451.0,5.0,42,-69.25,19.01,下行,295.52,126.9099999999999,126909.9999999999,,,,False
2025-11-22 09:37:56.216110,1092.7,127.0,9576451.0,5.0,42,-66.6,15.89,下行,295.76,127.0,127000.0,,,,False
2025-11-22 09:37:57.240540,1092.78,127.0799999999999,9576451.0,5.0,42,-54.76,18.67,下行,295.86,127.0799999999999,127079.9999999999,,,,False
2025-11-22 09:37:58.268112,1092.87,127.1699999999998,9576451.0,5.0,42,-50.24,23.55,下行,296.01,127.1699999999998,127169.9999999998,,,,False
2025-11-22 09:37:59.311663,1092.96,127.26,9576451.0,5.0,42,-53.19,26.58,下行,295.87,127.26,127260.0,,,,False
2025-11-22 09:38:00.342871,1093.04,127.3399999999999,9576451.0,5.0,42,-59.59,19.08,下行,296.15,127.3399999999999,127339.9999999999,,,,False
2025-11-22 09:38:01.375014,1093.13,127.4300000000001,9576451.0,5.0,42,-62.04,22.49,下行,295.87,127.4300000000001,127430.0000000001,,,,False
2025-11-22 09:38:02.391736,1093.21,127.51,9576451.0,5.0,42,-66.56,16.07,下行,295.87,127.51,127510.0,,,,False
2025-11-22 09:38:03.418344,1093.29,127.5899999999999,9576451.0,5.0,42,-67.29,19.84,下行,295.92,127.5899999999999,127589.9999999999,,,,False
2025-11-22 09:38:04.461244,1093.38,127.6800000000001,9576451.0,5.0,42,-69.42,17.02,下行,295.92,127.6800000000001,127680.0000000001,,,,False
2025-11-22 09:38:05.489280,1093.46,127.76,9576451.0,5.0,42,-73.14,11.33,下行,295.67,127.76,127760.0,,,,False
2025-11-22 09:38:06.521218,1093.54,127.8399999999999,9576451.0,5.0,42,-75.67,12.91,下行,295.85,127.8399999999999,127839.9999999999,,,,False
2025-11-22 09:38:07.543562,1093.64,127.9400000000001,9576451.0,5.0,42,-76.26,15.4,下行,295.74,127.9400000000001,127940.0000000001,,,,False
2025-11-22 09:38:08.572232,1093.72,128.02,9576451.0,5.0,42,-73.32,19.55,下行,295.7,128.02,128020.00000000001,,,,False
2025-11-22 09:38:10.630101,1093.89,128.1900000000001,9576451.0,5.0,42,-77.0,11.13,下行,295.73,128.1900000000001,128190.00000000012,,,,False
2025-11-22 09:38:11.654083,1093.97,128.27,9576451.0,5.0,42,-80.26,6.2,下行,295.65,128.27,128270.00000000001,,,,False
2025-11-22 09:38:12.679791,1094.05,128.3499999999999,9576451.0,5.0,42,-81.73,5.34,下行,295.53,128.3499999999999,128349.99999999991,,,,False
2025-11-22 09:38:13.704999,1094.14,128.4400000000001,9576451.0,5.0,42,-81.49,5.65,下行,295.59,128.4400000000001,128440.00000000012,,,,False
2025-11-22 09:38:14.768116,1094.22,128.52,9576451.0,6.0,43,-83.85,0.83,下行,295.57,128.52,128520.00000000001,,,,True
2025-11-22 09:38:15.986174,1094.32,128.6199999999999,9576451.0,6.0,43,-84.82,-1.15,下行,295.48,128.6199999999999,128619.99999999988,,,,False
2025-11-22 09:38:17.012176,1094.41,128.71,9576451.0,6.0,43,-83.38,-0.03,下行,295.48,128.71,128710.00000000001,,,,False
2025-11-22 09:38:18.043817,1094.49,128.79,9576451.0,6.0,43,-82.22,3.42,下行,295.59,128.79,128789.99999999999,,,,False
2025-11-22 09:38:19.065789,1094.57,128.8699999999999,9576451.0,6.0,43,-82.58,3.8,下行,295.42,128.8699999999999,128869.99999999988,,,,False
2025-11-22 09:38:20.096238,1094.67,128.97,9576451.0,6.0,43,-76.93,8.77,下行,295.26,128.97,128970.0,,,,False
2025-11-22 09:38:21.149197,1094.75,129.05,9576451.0,6.0,43,-76.45,9.02,下行,295.03,129.05,129050.00000000001,,,,False
2025-11-22 09:38:22.190101,1094.84,129.1399999999999,9576451.0,6.0,43,-74.43,11.45,下行,294.81,129.1399999999999,129139.9999999999,,,,False
2025-11-22 09:38:24.216545,1095.0,129.3,9576451.0,6.0,43,-71.09,15.75,下行,294.57,129.3,129300.00000000001,,,,False
2025-11-22 09:38:25.250880,1095.08,129.3799999999999,9576451.0,6.0,43,-67.66,14.87,下行,294.64,129.3799999999999,129379.99999999991,,,,False
2025-11-22 09:38:26.287966,1095.17,129.47,9576451.0,6.0,43,-64.28,23.99,下行,294.42,129.47,129470.0,,,,False
2025-11-22 09:38:27.317630,1095.25,129.55,9576451.0,6.0,43,-60.5,26.03,下行,294.98,129.55,129550.00000000001,,,,False
2025-11-22 09:38:28.336756,1095.34,129.6399999999999,9576451.0,6.0,43,-54.58,27.17,下行,294.98,129.6399999999999,129639.9999999999,,,,False
2025-11-22 09:38:29.370413,1095.42,129.72,9576451.0,6.0,43,-49.68,33.01,下行,294.98,129.72,129720.0,,,,False
2025-11-22 09:38:30.435869,1095.51,129.8099999999999,9576451.0,6.0,43,-45.63,29.22,下行,294.89,129.8099999999999,129809.99999999988,,,,False
2025-11-22 09:38:31.461443,1095.59,129.8899999999999,9576451.0,6.0,43,-48.21,30.25,下行,295.0,129.8899999999999,129889.9999999999,,,,False
2025-11-22 09:38:32.489044,1095.67,129.97,9576451.0,6.0,43,-60.73,22.95,下行,295.0,129.97,129970.0,,,,False
2025-11-22 09:38:33.517372,1095.76,130.0599999999999,9576451.0,6.0,43,-68.79,13.51,下行,294.96,130.0599999999999,130059.99999999988,,,,False
2025-11-22 09:38:34.549642,1095.84,130.1399999999999,9576451.0,6.0,43,-62.53,17.61,下行,295.12,130.1399999999999,130139.9999999999,,,,False
2025-11-22 09:38:35.584558,1095.93,130.23,9576451.0,6.0,43,-63.49,14.7,下行,294.92,130.23,130229.99999999999,,,,False
2025-11-22 09:38:37.625149,1096.09,130.3899999999999,9576451.0,6.0,43,-54.7,18.92,下行,295.01,130.3899999999999,130389.9999999999,,,,False
2025-11-22 09:38:38.637182,1096.18,130.48,9576451.0,6.0,43,-55.26,20.75,下行,295.16,130.48,130479.99999999999,,,,False
2025-11-22 09:38:39.674472,1096.26,130.5599999999999,9576451.0,6.0,43,-56.95,18.37,下行,295.09,130.5599999999999,130559.99999999988,,,,False
2025-11-22 09:38:40.695462,1096.35,130.6499999999999,9576451.0,6.0,43,-61.01,19.02,下行,295.11,130.6499999999999,130649.9999999999,,,,False
2025-11-22 09:38:41.739359,1096.44,130.74,9576451.0,6.0,43,-61.7,18.71,下行,294.97,130.74,130740.00000000001,,,,False
2025-11-22 09:38:42.779013,1096.52,130.8199999999999,9576451.0,6.0,43,-64.27,19.55,下行,295.14,130.8199999999999,130819.99999999991,,,,False
2025-11-22 09:38:43.802908,1096.61,130.9099999999999,9576451.0,6.0,43,-67.03,13.28,下行,295.06,130.9099999999999,130909.99999999991,,,,False
2025-11-22 09:38:44.820622,1096.69,130.99,9576451.0,6.0,43,-68.59,13.0,下行,295.09,130.99,130990.00000000001,,,,False
2025-11-22 09:38:45.850001,1096.77,131.0699999999999,9576451.0,6.0,43,-68.74,14.3,下行,295.17,131.0699999999999,131069.99999999991,,,,False
2025-11-22 09:38:46.894493,1096.86,131.1599999999999,9576451.0,6.0,43,-72.17,8.86,下行,295.18,131.1599999999999,131159.9999999999,,,,False
2025-11-22 09:38:47.922649,1096.94,131.24,9576451.0,6.0,43,-75.02,8.13,下行,295.32,131.24,131240.0,,,,False
2025-11-22 09:38:48.958150,1097.03,131.3299999999999,9576451.0,6.0,43,-73.72,8.69,下行,295.27,131.3299999999999,131329.9999999999,,,,False
2025-11-22 09:38:49.975639,1097.11,131.4099999999999,9576451.0,6.0,43,-75.84,6.27,下行,295.12,131.4099999999999,131409.9999999999,,,,False
2025-11-22 09:38:51.014989,1097.19,131.49,9576451.0,6.0,43,-74.99,7.33,下行,295.41,131.49,131490.0,,,,False
2025-11-22 09:38:52.042755,1097.28,131.5799999999999,9576453.0,1.0,44,-76.04,1.43,下行,295.3,131.5799999999999,131579.9999999999,,,,True
2025-11-22 09:38:53.270113,1097.38,131.6800000000001,9576453.0,1.0,44,-73.16,7.06,下行,295.49,131.6800000000001,131680.0000000001,,,,False
2025-11-22 09:38:54.293364,1097.46,131.76,9576453.0,1.0,44,-72.0,6.33,下行,295.23,131.76,131760.0,,,,False
2025-11-22 09:38:55.333312,1097.55,131.8499999999999,9576453.0,1.0,44,-70.94,11.05,下行,295.26,131.8499999999999,131849.9999999999,,,,False
2025-11-22 09:38:56.375309,1097.63,131.9300000000001,9576453.0,1.0,44,-71.06,10.1,下行,295.06,131.9300000000001,131930.0000000001,,,,False
2025-11-22 09:38:57.408378,1097.72,132.02,9576453.0,1.0,44,-69.99,12.44,下行,294.9,132.02,132020.0,,,,False
2025-11-22 09:39:00.462118,1097.97,132.27,9576453.0,1.0,44,-65.81,14.42,下行,294.8,132.27,132270.0,,,,False
2025-11-22 09:39:01.506617,1098.06,132.3599999999999,9576453.0,1.0,44,-62.48,21.28,下行,294.98,132.3599999999999,132359.9999999999,,,,False
2025-11-22 09:39:02.548868,1098.14,132.4400000000001,9576453.0,1.0,44,-62.84,21.19,下行,294.98,132.4400000000001,132440.00000000012,,,,False
2025-11-22 09:39:03.593558,1098.23,132.53,9576453.0,1.0,44,-61.68,24.27,下行,295.02,132.53,132530.0,,,,False
2025-11-22 09:39:04.625108,1098.31,132.6099999999999,9576453.0,1.0,44,-59.6,23.59,下行,294.99,132.6099999999999,132609.9999999999,,,,False
2025-11-22 09:39:05.665711,1098.4,132.7,9576453.0,1.0,44,-57.58,24.33,下行,294.91,132.7,132700.0,,,,False
2025-11-22 09:39:06.679470,1098.48,132.78,9576453.0,1.0,44,-52.54,28.46,下行,295.0,132.78,132780.0,,,,False
2025-11-22 09:39:07.728280,1098.57,132.8699999999999,9576453.0,1.0,44,-48.21,29.26,下行,294.94,132.8699999999999,132869.99999999988,,,,False
2025-11-22 09:39:08.754118,1098.65,132.95,9576453.0,1.0,44,-45.87,32.19,下行,295.08,132.95,132950.0,,,,False
2025-11-22 09:39:09.780754,1098.73,133.03,9576453.0,1.0,44,-54.02,25.95,下行,295.07,133.03,133030.0,,,,False
2025-11-22 09:39:10.808803,1098.81,133.1099999999999,9576453.0,1.0,44,-60.34,19.64,下行,295.03,133.1099999999999,133109.9999999999,,,,False
2025-11-22 09:39:11.835305,1098.9,133.2,9576453.0,1.0,44,-67.92,19.66,下行,295.13,133.2,133200.0,,,,False
2025-11-22 09:39:12.890596,1098.99,133.29,9576453.0,1.0,44,-68.2,13.58,下行,294.86,133.29,133290.0,,,,False
2025-11-22 09:39:13.924662,1099.07,133.3699999999999,9576453.0,1.0,44,-62.62,18.71,下行,295.21,133.3699999999999,133369.99999999988,,,,False
2025-11-22 09:39:14.943888,1099.15,133.45,9576453.0,1.0,44,-54.38,20.47,下行,295.22,133.45,133450.0,,,,False
2025-11-22 09:39:15.967509,1099.24,133.54,9576453.0,1.0,44,-54.13,22.13,下行,294.97,133.54,133540.0,,,,False
2025-11-22 09:39:16.994565,1099.32,133.6199999999999,9576453.0,1.0,44,-57.03,21.94,下行,295.26,133.6199999999999,133619.99999999988,,,,False
2025-11-22 09:39:18.057667,1099.41,133.71,9576453.0,1.0,44,-60.07,22.14,下行,295.24,133.71,133710.0,,,,False
2025-11-22 09:39:20.077232,1099.58,133.8799999999999,9576453.0,1.0,44,-61.78,22.99,下行,295.59,133.8799999999999,133879.9999999999,,,,False
2025-11-22 09:39:21.096723,1099.66,133.96,9576453.0,1.0,44,-67.21,15.35,下行,295.75,133.96,133960.0,,,,False
2025-11-22 09:39:22.129780,1099.75,134.05,9576453.0,1.0,44,-68.65,15.21,下行,296.19,134.05,134050.0,,,,False
2025-11-22 09:39:23.169697,1099.83,134.1299999999999,9576453.0,1.0,44,-72.35,13.62,下行,296.43,134.1299999999999,134129.9999999999,,,,False
2025-11-22 09:39:25.202796,1100.0,134.3,9576453.0,1.0,44,-73.12,13.05,下行,296.26,134.3,134300.0,,,,False
2025-11-22 09:39:27.233313,1100.17,134.47,9576453.0,1.0,44,-76.98,9.06,下行,295.96,134.47,134470.0,,,,False
2025-11-22 09:39:29.269992,1100.34,134.6399999999999,9576453.0,1.0,44,-79.81,6.99,下行,295.85,134.6399999999999,134639.9999999999,,,,False
2025-11-22 09:39:30.298645,1100.42,134.72,9576453.0,1.0,44,-82.47,5.97,下行,295.78,134.72,134720.0,,,,False
2025-11-22 09:39:31.363010,1100.51,134.8099999999999,9576453.0,2.0,45,-80.82,2.87,下行,295.83,134.8099999999999,134809.99999999988,,,,True
2025-11-22 09:39:32.612767,1100.61,134.9099999999999,9576453.0,2.0,45,-80.06,0.43,下行,295.82,134.9099999999999,134909.9999999999,,,,False
2025-11-22 09:39:33.668367,1100.7,135.0,9576453.0,2.0,45,-76.3,6.7,下行,295.72,135.0,135000.0,,,,False
2025-11-22 09:39:34.689711,1100.78,135.0799999999999,9576453.0,2.0,45,-75.63,5.61,下行,295.88,135.0799999999999,135079.9999999999,,,,False
2025-11-22 09:39:35.743239,1100.86,135.1599999999999,9576453.0,2.0,45,-75.09,4.97,下行,295.74,135.1599999999999,135159.9999999999,,,,False
2025-11-22 09:39:37.771921,1101.03,135.3299999999999,9576453.0,2.0,45,-70.22,11.34,下行,295.69,135.3299999999999,135329.9999999999,,,,False
2025-11-22 09:39:38.787840,1101.12,135.4199999999998,9576453.0,2.0,45,-70.54,13.13,下行,295.7,135.4199999999998,135419.9999999998,,,,False
2025-11-22 09:39:39.820369,1101.2,135.5,9576453.0,2.0,45,-67.09,14.74,下行,295.63,135.5,135500.0,,,,False
2025-11-22 09:39:40.842414,1101.29,135.5899999999999,9576453.0,2.0,45,-65.29,18.61,下行,295.55,135.5899999999999,135589.99999999988,,,,False
2025-11-22 09:39:41.893177,1101.37,135.6699999999998,9576453.0,2.0,45,-62.81,21.56,下行,295.66,135.6699999999998,135669.9999999998,,,,False
2025-11-22 09:39:42.921945,1101.46,135.76,9576453.0,2.0,45,-59.58,23.22,下行,295.59,135.76,135760.0,,,,False
2025-11-22 09:39:43.937734,1101.54,135.8399999999999,9576453.0,2.0,45,-56.6,25.85,下行,295.63,135.8399999999999,135839.99999999988,,,,False
2025-11-22 09:39:44.978334,1101.63,135.9300000000001,9576453.0,2.0,45,-49.14,30.09,下行,295.63,135.9300000000001,135930.0000000001,,,,False
2025-11-22 09:39:45.996158,1101.71,136.01,9576453.0,2.0,45,-43.8,32.09,下行,295.61,136.01,136010.0,,,,False
2025-11-22 09:39:47.049893,1101.79,136.0899999999999,9576453.0,2.0,45,-41.94,28.23,下行,295.49,136.0899999999999,136089.99999999988,,,,False
2025-11-22 09:39:48.080909,1101.88,136.1800000000001,9576453.0,2.0,45,-53.25,21.94,下行,295.29,136.1800000000001,136180.0000000001,,,,False
2025-11-22 09:39:49.098696,1101.96,136.26,9576453.0,2.0,45,-63.15,14.08,下行,295.22,136.26,136260.0,,,,False
2025-11-22 09:39:50.120176,1102.04,136.3399999999999,9576453.0,2.0,45,-64.25,13.82,下行,295.02,136.3399999999999,136339.99999999988,,,,False
2025-11-22 09:39:51.146393,1102.13,136.4300000000001,9576453.0,2.0,45,-61.11,14.75,下行,295.02,136.4300000000001,136430.0000000001,,,,False
2025-11-22 09:39:52.202953,1102.22,136.52,9576453.0,2.0,45,-52.9,19.33,下行,294.92,136.52,136520.0,,,,False
2025-11-22 09:39:53.223421,1102.3,136.5999999999999,9576453.0,2.0,45,-57.38,17.95,下行,295.07,136.5999999999999,136599.9999999999,,,,False
2025-11-22 09:39:54.243797,1102.38,136.6800000000001,9576453.0,2.0,45,-60.22,18.34,下行,295.38,136.6800000000001,136680.0000000001,,,,False
2025-11-22 09:39:55.288191,1102.47,136.77,9576453.0,2.0,45,-67.24,13.08,下行,295.42,136.77,136770.0,,,,False
2025-11-22 09:39:56.338343,1102.55,136.8499999999999,9576453.0,2.0,45,-69.49,11.03,下行,295.33,136.8499999999999,136849.9999999999,,,,False
2025-11-22 09:39:58.371106,1102.72,137.02,9576453.0,2.0,45,-72.27,8.42,下行,295.31,137.02,137020.0,,,,False
2025-11-22 09:39:59.401357,1102.81,137.1099999999999,9576453.0,2.0,45,-72.29,8.54,下行,295.35,137.1099999999999,137109.9999999999,,,,False
2025-11-22 09:40:00.422398,1102.89,137.1900000000001,9576453.0,2.0,45,-78.11,10.08,下行,295.42,137.1900000000001,137190.00000000012,,,,False
2025-11-22 09:40:01.460100,1102.98,137.28,9576453.0,2.0,45,-77.98,6.62,下行,295.44,137.28,137280.0,,,,False
2025-11-22 09:40:02.507516,1103.06,137.3599999999999,9576453.0,3.0,46,-83.42,-3.77,下行,295.4,137.3599999999999,137359.9999999999,,,,True
2025-11-22 09:40:05.681407,1103.32,137.6199999999999,9576453.0,3.0,46,-78.3,5.13,下行,295.08,137.6199999999999,137619.99999999988,,,,False
2025-11-22 09:40:07.134080,1103.44,137.74,9576453.0,3.0,46,-78.99,3.81,下行,294.77,137.74,137740.0,,,,False
2025-11-22 09:40:08.154028,1103.53,137.8299999999999,9576453.0,3.0,46,-75.46,8.84,下行,294.49,137.8299999999999,137829.9999999999,,,,False
2025-11-22 09:40:09.197506,1103.61,137.9099999999999,9576453.0,3.0,46,-74.02,7.57,下行,294.42,137.9099999999999,137909.9999999999,,,,False
2025-11-22 09:40:10.239732,1103.7,138.0,9576453.0,3.0,46,-74.87,8.11,下行,294.22,138.0,138000.0,,,,False
2025-11-22 09:40:11.255455,1103.78,138.0799999999999,9576453.0,3.0,46,-74.32,9.99,下行,294.26,138.0799999999999,138079.9999999999,,,,False
2025-11-22 09:40:12.282869,1103.86,138.1599999999999,9576453.0,3.0,46,-69.64,13.39,下行,294.39,138.1599999999999,138159.9999999999,,,,False
2025-11-22 09:40:14.333010,1104.03,138.3299999999999,9576453.0,3.0,46,-69.09,16.83,下行,294.33,138.3299999999999,138329.9999999999,,,,False
2025-11-22 09:40:15.349238,1104.11,138.4099999999999,9576453.0,3.0,46,-69.58,17.49,下行,294.26,138.4099999999999,138409.9999999999,,,,False
2025-11-22 09:40:16.392943,1104.2,138.5,9576453.0,3.0,46,-68.64,19.04,下行,294.42,138.5,138500.0,,,,False
2025-11-22 09:40:17.411808,1104.28,138.5799999999999,9576453.0,3.0,46,-64.78,23.16,下行,294.41,138.5799999999999,138579.9999999999,,,,False
2025-11-22 09:40:18.454185,1104.37,138.6699999999998,9576453.0,3.0,46,-62.07,25.03,下行,294.19,138.6699999999998,138669.9999999998,,,,False
2025-11-22 09:40:19.492121,1104.45,138.75,9576453.0,3.0,46,-59.32,27.59,下行,293.58,138.75,138750.0,,,,False
2025-11-22 09:40:20.528055,1104.53,138.8299999999999,9576453.0,3.0,46,-57.92,26.3,下行,292.82,138.8299999999999,138829.9999999999,,,,False
2025-11-22 09:40:21.575483,1104.62,138.9199999999998,9576453.0,3.0,46,-53.17,29.31,下行,292.15,138.9199999999998,138919.9999999998,,,,False
2025-11-22 09:40:22.613956,1104.7,139.0,9576453.0,3.0,46,-47.7,32.57,下行,291.72,139.0,139000.0,,,,False
2025-11-22 09:40:23.630716,1104.79,139.0899999999999,9576453.0,3.0,46,-44.24,33.04,下行,291.51,139.0899999999999,139089.99999999988,,,,False
2025-11-22 09:40:24.660694,1104.87,139.1699999999998,9576453.0,3.0,46,-46.45,31.01,下行,291.33,139.1699999999998,139169.9999999998,,,,False
2025-11-22 09:40:25.684953,1104.95,139.25,9576453.0,3.0,46,-58.53,19.28,下行,291.0,139.25,139250.0,,,,False
2025-11-22 09:40:26.733418,1105.04,139.3399999999999,9576453.0,3.0,46,-70.24,15.11,下行,290.66,139.3399999999999,139339.99999999988,,,,False
2025-11-22 09:40:27.766522,1105.13,139.4300000000001,9576453.0,3.0,46,-67.55,14.85,下行,290.38,139.4300000000001,139430.0000000001,,,,False
2025-11-22 09:40:28.798052,1105.2,139.5,9576453.0,3.0,46,-66.96,12.71,下行,290.29,139.5,139500.0,,,,False
2025-11-22 09:40:29.822842,1105.28,139.5799999999999,9576453.0,3.0,46,-55.33,19.87,下行,290.31,139.5799999999999,139579.9999999999,,,,False
2025-11-22 09:40:30.870146,1105.37,139.6699999999998,9576453.0,3.0,46,-55.4,17.95,下行,289.78,139.6699999999998,139669.9999999998,,,,False
2025-11-22 09:40:31.888789,1105.45,139.75,9576453.0,3.0,46,-58.92,19.52,下行,289.59,139.75,139750.0,,,,False
2025-11-22 09:40:32.925885,1105.54,139.8399999999999,9576453.0,3.0,46,-59.91,16.48,下行,289.56,139.8399999999999,139839.99999999988,,,,False
2025-11-22 09:40:33.944331,1105.62,139.9199999999998,9576453.0,3.0,46,-66.16,13.66,下行,289.02,139.9199999999998,139919.9999999998,,,,False
2025-11-22 09:40:34.971803,1105.7,140.0,9576453.0,3.0,46,-65.04,17.1,下行,288.91,140.0,140000.0,,,,False
2025-11-22 09:40:36.029322,1105.79,140.0899999999999,9576453.0,3.0,46,-69.53,11.27,下行,288.58,140.0899999999999,140089.99999999988,,,,False
2025-11-22 09:40:37.058471,1105.87,140.1699999999998,9576453.0,3.0,46,-68.19,18.09,下行,288.4,140.1699999999998,140169.9999999998,,,,False
2025-11-22 09:40:38.087250,1105.95,140.25,9576453.0,3.0,46,-69.5,20.36,下行,288.82,140.25,140250.0,,,,False
2025-11-22 09:40:39.113144,1106.03,140.3299999999999,9576453.0,3.0,46,-68.71,23.59,下行,289.15,140.3299999999999,140329.9999999999,,,,False
2025-11-22 09:40:42.135011,1106.27,140.5699999999999,9576453.0,3.0,46,-70.85,18.1,下行,290.71,140.5699999999999,140569.9999999999,,,,False
2025-11-22 09:40:43.177898,1106.36,140.6599999999999,9576453.0,3.0,46,-74.81,12.15,下行,291.33,140.6599999999999,140659.9999999999,,,,False
2025-11-22 09:40:44.210453,1106.44,140.74,9576453.0,3.0,46,-78.35,7.31,下行,291.58,140.74,140740.0,,,,False
2025-11-22 09:40:45.249242,1106.53,140.8299999999999,9576453.0,3.0,47,-83.05,1.0,下行,292.1,140.8299999999999,140829.9999999999,46.0,-79.09142857142857,3.9585714285714317,True
2025-11-22 09:40:46.698061,1106.65,140.95,9576453.0,3.0,46,-80.08,2.66,下行,292.54,140.95,140950.0,47.0,-79.50285714285714,0.5771428571428601,True
2025-11-22 09:40:48.728136,1106.81,141.1099999999999,9576453.0,4.0,47,-75.41,8.87,下行,292.99,141.1099999999999,141109.9999999999,,,,True
2025-11-22 09:40:49.973791,1106.91,141.21,9576453.0,4.0,47,-75.78,7.25,下行,293.08,141.21,141210.0,,,,False
2025-11-22 09:40:51.002935,1107.0,141.3,9576453.0,4.0,47,-71.72,10.23,下行,293.4,141.3,141300.0,,,,False
2025-11-22 09:40:52.028910,1107.08,141.3799999999999,9576453.0,4.0,47,-71.67,10.51,下行,293.48,141.3799999999999,141379.9999999999,,,,False
2025-11-22 09:40:53.047699,1107.16,141.46,9576453.0,4.0,47,-69.45,12.18,下行,294.21,141.46,141460.0,,,,False
2025-11-22 09:40:55.086768,1107.33,141.6299999999999,9576453.0,4.0,47,-64.62,22.59,下行,294.79,141.6299999999999,141629.9999999999,,,,False
2025-11-22 09:40:56.111949,1107.41,141.71,9576453.0,4.0,47,-63.03,21.24,下行,294.7,141.71,141710.0,,,,False
2025-11-22 09:40:57.139625,1107.5,141.8,9576453.0,4.0,47,-61.5,20.23,下行,294.67,141.8,141800.0,,,,False
2025-11-22 09:40:58.166071,1107.59,141.8899999999999,9576453.0,4.0,47,-56.77,28.41,下行,294.53,141.8899999999999,141889.9999999999,,,,False
2025-11-22 09:40:59.190419,1107.67,141.97,9576453.0,4.0,47,-55.2,26.31,下行,294.67,141.97,141970.0,,,,False
2025-11-22 09:41:00.234385,1107.75,142.05,9576453.0,4.0,47,-49.37,29.58,下行,294.58,142.05,142050.0,,,,False
2025-11-22 09:41:01.258092,1107.84,142.1399999999999,9576453.0,4.0,47,-44.65,33.89,下行,294.44,142.1399999999999,142139.9999999999,,,,False
2025-11-22 09:41:02.281651,1107.92,142.22,9576453.0,4.0,47,-43.93,33.19,下行,294.53,142.22,142220.0,,,,False
2025-11-22 09:41:03.317310,1108.0,142.3,9576453.0,4.0,47,-57.36,24.85,下行,294.63,142.3,142300.0,,,,False
2025-11-22 09:41:04.341326,1108.09,142.3899999999999,9576453.0,4.0,47,-66.03,17.28,下行,294.57,142.3899999999999,142389.9999999999,,,,False
2025-11-22 09:41:05.393024,1108.17,142.47,9576453.0,4.0,47,-69.48,16.16,下行,294.84,142.47,142470.0,,,,False
2025-11-22 09:41:06.423641,1108.26,142.5599999999999,9576453.0,4.0,47,-65.7,13.04,下行,294.69,142.5599999999999,142559.99999999988,,,,False
2025-11-22 09:41:07.441955,1108.34,142.6399999999999,9576453.0,4.0,47,-60.23,16.82,下行,294.83,142.6399999999999,142639.9999999999,,,,False
2025-11-22 09:41:08.475051,1108.42,142.72,9576453.0,4.0,47,-56.38,18.97,下行,294.8,142.72,142720.0,,,,False
2025-11-22 09:41:09.530061,1108.51,142.8099999999999,9576453.0,4.0,47,-57.29,20.69,下行,294.77,142.8099999999999,142809.99999999988,,,,False
2025-11-22 09:41:10.578408,1108.6,142.8999999999999,9576453.0,4.0,47,-60.59,19.97,下行,294.56,142.8999999999999,142899.99999999988,,,,False
2025-11-22 09:41:11.604891,1108.68,142.98,9576453.0,4.0,47,-62.44,16.7,下行,294.63,142.98,142980.0,,,,False
2025-11-22 09:41:12.638051,1108.76,143.0599999999999,9576453.0,4.0,47,-65.92,14.69,下行,294.76,143.0599999999999,143059.99999999988,,,,False
2025-11-22 09:41:13.658911,1108.85,143.1499999999999,9576453.0,4.0,47,-66.0,15.71,下行,294.75,143.1499999999999,143149.99999999988,,,,False
2025-11-22 09:41:14.713782,1108.94,143.24,9576453.0,4.0,47,-67.38,17.2,下行,294.63,143.24,143240.0,,,,False
2025-11-22 09:41:15.744142,1109.02,143.3199999999999,9576453.0,4.0,47,-68.66,11.43,下行,294.48,143.3199999999999,143319.9999999999,,,,False
2025-11-22 09:41:16.761096,1109.1,143.3999999999999,9576453.0,4.0,47,-72.89,10.43,下行,294.32,143.3999999999999,143399.99999999988,,,,False
2025-11-22 09:41:18.794589,1109.27,143.5699999999999,9576453.0,4.0,47,-73.2,18.86,下行,294.53,143.5699999999999,143569.9999999999,,,,False
2025-11-22 09:41:19.815242,1109.36,143.6599999999999,9576453.0,4.0,47,-73.15,14.69,下行,294.82,143.6599999999999,143659.9999999999,,,,False
2025-11-22 09:41:20.872195,1109.44,143.74,9576453.0,4.0,47,-75.26,9.1,下行,294.64,143.74,143740.0,,,,False
2025-11-22 09:41:21.895610,1109.53,143.8299999999999,9576453.0,4.0,47,-78.04,6.75,下行,294.74,143.8299999999999,143829.9999999999,,,,False
2025-11-22 09:41:22.917819,1109.61,143.9099999999999,9576453.0,4.0,47,-77.16,9.66,下行,294.59,143.9099999999999,143909.9999999999,,,,False
2025-11-22 09:41:23.949509,1109.7,144.0,9576453.0,4.0,47,-77.44,7.75,下行,294.56,144.0,144000.0,,,,False
2025-11-22 09:41:24.972999,1109.78,144.0799999999999,9576453.0,4.0,47,-77.99,5.75,下行,294.77,144.0799999999999,144079.9999999999,,,,False
2025-11-22 09:41:26.013789,1109.86,144.1599999999999,9576453.0,5.0,48,-81.22,0.79,下行,294.76,144.1599999999999,144159.9999999999,,,,True
2025-11-22 09:41:27.243660,1109.96,144.26,9576453.0,5.0,48,-79.93,3.41,下行,294.76,144.26,144260.0,,,,False
2025-11-22 09:41:28.293242,1110.05,144.3499999999999,9576453.0,5.0,48,-73.88,8.64,下行,294.81,144.3499999999999,144349.9999999999,,,,False
2025-11-22 09:41:29.314175,1110.13,144.4300000000001,9576453.0,5.0,48,-73.66,10.79,下行,294.88,144.4300000000001,144430.0000000001,,,,False
2025-11-22 09:41:30.336777,1110.21,144.51,9576453.0,5.0,48,-71.6,9.96,下行,294.68,144.51,144510.0,,,,False
2025-11-22 09:41:31.365462,1110.3,144.5999999999999,9576453.0,5.0,48,-71.09,9.21,下行,294.8,144.5999999999999,144599.9999999999,,,,False
2025-11-22 09:41:32.418071,1110.38,144.6800000000001,9576453.0,5.0,48,-66.5,17.11,下行,295.01,144.6800000000001,144680.0000000001,,,,False
2025-11-22 09:41:33.444771,1110.47,144.77,9576453.0,5.0,48,-64.0,20.42,下行,295.03,144.77,144770.0,,,,False
2025-11-22 09:41:34.468462,1110.55,144.8499999999999,9576453.0,5.0,48,-60.32,23.74,下行,294.8,144.8499999999999,144849.9999999999,,,,False
2025-11-22 09:41:35.492526,1110.64,144.9400000000001,9576453.0,5.0,48,-55.99,26.8,下行,294.94,144.9400000000001,144940.00000000012,,,,False
2025-11-22 09:41:36.531837,1110.73,145.03,9576453.0,5.0,48,-48.88,29.91,下行,295.11,145.03,145030.0,,,,False
2025-11-22 09:41:37.561087,1110.81,145.1099999999999,9576453.0,5.0,48,-44.34,32.79,下行,294.97,145.1099999999999,145109.9999999999,,,,False
2025-11-22 09:41:38.591417,1110.89,145.1900000000001,9576453.0,5.0,48,-46.47,29.17,下行,294.94,145.1900000000001,145190.00000000012,,,,False
2025-11-22 09:41:39.611266,1110.98,145.28,9576453.0,5.0,48,-61.62,18.09,下行,294.79,145.28,145280.0,,,,False
2025-11-22 09:41:40.644746,1111.06,145.3599999999999,9576453.0,5.0,48,-68.55,17.08,下行,295.19,145.3599999999999,145359.9999999999,,,,False
2025-11-22 09:41:41.700466,1111.15,145.45,9576453.0,5.0,48,-64.23,15.74,下行,294.96,145.45,145450.0,,,,False
2025-11-22 09:41:42.721224,1111.23,145.53,9576453.0,5.0,48,-59.0,19.94,下行,295.17,145.53,145530.0,,,,False
2025-11-22 09:41:44.757188,1111.4,145.7,9576453.0,5.0,48,-54.98,17.66,下行,295.25,145.7,145700.0,,,,False
2025-11-22 09:41:45.790071,1111.48,145.78,9576453.0,5.0,48,-58.95,15.86,下行,294.82,145.78,145780.0,,,,False
2025-11-22 09:41:46.806573,1111.56,145.8599999999999,9576453.0,5.0,48,-61.75,19.16,下行,295.16,145.8599999999999,145859.9999999999,,,,False
2025-11-22 09:41:47.854569,1111.65,145.95,9576453.0,5.0,48,-65.46,15.51,下行,295.36,145.95,145950.0,,,,False
2025-11-22 09:41:49.880182,1111.82,146.1199999999999,9576453.0,5.0,48,-71.03,13.09,下行,295.28,146.1199999999999,146119.99999999988,,,,False
2025-11-22 09:41:50.894699,1111.9,146.2,9576453.0,5.0,48,-75.51,11.7,下行,295.02,146.2,146200.0,,,,False
2025-11-22 09:41:51.939057,1111.99,146.29,9576453.0,5.0,48,-73.61,11.71,下行,295.2,146.29,146290.0,,,,False
2025-11-22 09:41:52.978796,1112.07,146.3699999999999,9576453.0,5.0,48,-77.8,7.91,下行,295.12,146.3699999999999,146369.99999999988,,,,False
2025-11-22 09:41:53.996683,1112.15,146.45,9576453.0,5.0,48,-78.77,4.81,下行,295.35,146.45,146450.0,,,,False
2025-11-22 09:41:55.027224,1112.24,146.54,9576453.0,5.0,48,-80.89,3.19,下行,295.18,146.54,146540.0,,,,False
2025-11-22 09:41:57.050197,1112.4,146.7,9576453.0,6.0,49,-80.9,0.26,下行,295.2,146.7,146700.0,,,,True
2025-11-22 09:41:58.287010,1112.5,146.8,9576453.0,6.0,49,-78.5,5.76,下行,295.32,146.8,146800.0,,,,False
2025-11-22 09:41:59.327129,1112.59,146.8899999999999,9576453.0,6.0,49,-78.39,6.0,下行,295.19,146.8899999999999,146889.9999999999,,,,False
2025-11-22 09:42:00.346109,1112.67,146.97,9576453.0,6.0,49,-76.89,8.46,下行,295.26,146.97,146970.0,,,,False
2025-11-22 09:42:01.373200,1112.76,147.0599999999999,9576453.0,6.0,49,-75.83,8.25,下行,295.24,147.0599999999999,147059.99999999988,,,,False
2025-11-22 09:42:02.437272,1112.85,147.1499999999999,9576453.0,6.0,49,-74.11,10.07,下行,295.48,147.1499999999999,147149.99999999988,,,,False
2025-11-22 09:42:03.454551,1112.93,147.23,9576453.0,6.0,49,-75.07,13.12,下行,295.35,147.23,147230.0,,,,False
2025-11-22 09:42:04.477635,1113.02,147.3199999999999,9576453.0,6.0,49,-71.19,19.08,下行,295.46,147.3199999999999,147319.9999999999,,,,False
2025-11-22 09:42:05.524277,1113.1,147.3999999999999,9576453.0,6.0,49,-71.42,18.99,下行,295.22,147.3999999999999,147399.99999999988,,,,False
2025-11-22 09:42:06.546131,1113.18,147.48,9576453.0,6.0,49,-69.71,23.25,下行,295.45,147.48,147480.0,,,,False
2025-11-22 09:42:07.594072,1113.27,147.5699999999999,9576453.0,6.0,49,-67.79,23.25,下行,294.98,147.5699999999999,147569.9999999999,,,,False
2025-11-22 09:42:08.619859,1113.35,147.6499999999999,9576453.0,6.0,49,-64.66,24.76,下行,294.98,147.6499999999999,147649.99999999988,,,,False
2025-11-22 09:42:09.634162,1113.44,147.74,9576453.0,6.0,49,-63.64,23.74,下行,295.07,147.74,147740.0,,,,False
2025-11-22 09:42:10.663982,1113.52,147.8199999999999,9576453.0,6.0,49,-62.68,22.49,下行,295.08,147.8199999999999,147819.9999999999,,,,False
2025-11-22 09:42:11.707611,1113.61,147.9099999999999,9576453.0,6.0,49,-59.8,28.89,下行,295.26,147.9099999999999,147909.9999999999,,,,False
2025-11-22 09:42:12.750034,1113.69,147.99,9576453.0,6.0,49,-58.4,27.56,下行,295.17,147.99,147990.0,,,,False
2025-11-22 09:42:13.766059,1113.77,148.0699999999999,9576453.0,6.0,49,-53.7,26.94,下行,295.16,148.0699999999999,148069.9999999999,,,,False
2025-11-22 09:42:14.814096,1113.86,148.1599999999999,9576453.0,6.0,49,-50.11,29.22,下行,295.04,148.1599999999999,148159.9999999999,,,,False
2025-11-22 09:42:15.845619,1113.94,148.24,9576453.0,6.0,49,-45.95,31.83,下行,295.27,148.24,148240.0,,,,False
2025-11-22 09:42:16.914566,1114.04,148.3399999999999,9576453.0,6.0,49,-48.44,27.22,下行,295.17,148.3399999999999,148339.99999999988,,,,False
2025-11-22 09:42:17.948935,1114.12,148.4199999999998,9576453.0,6.0,49,-59.22,24.58,下行,295.37,148.4199999999998,148419.9999999998,,,,False
2025-11-22 09:42:18.971848,1114.21,148.51,9576453.0,6.0,49,-66.3,25.89,下行,295.35,148.51,148510.0,,,,False
2025-11-22 09:42:20.002818,1114.29,148.5899999999999,9576453.0,6.0,49,-67.26,17.19,下行,295.24,148.5899999999999,148589.99999999988,,,,False
2025-11-22 09:42:21.031120,1114.37,148.6699999999998,9576453.0,6.0,49,-64.08,15.46,下行,295.06,148.6699999999998,148669.9999999998,,,,False
2025-11-22 09:42:22.096528,1114.46,148.76,9576453.0,6.0,49,-56.61,18.6,下行,295.26,148.76,148760.0,,,,False
2025-11-22 09:42:23.109452,1114.54,148.8399999999999,9576453.0,6.0,49,-56.98,18.79,下行,295.26,148.8399999999999,148839.99999999988,,,,False
2025-11-22 09:42:24.131510,1114.63,148.9300000000001,9576453.0,6.0,49,-58.84,18.41,下行,295.35,148.9300000000001,148930.0000000001,,,,False
2025-11-22 09:42:25.159333,1114.71,149.01,9576453.0,6.0,49,-62.1,21.12,下行,295.2,149.01,149010.0,,,,False
2025-11-22 09:42:28.188633,1114.96,149.26,9576453.0,6.0,49,-67.97,17.26,下行,295.13,149.26,149260.0,,,,False
2025-11-22 09:42:29.243756,1115.05,149.3499999999999,9576453.0,6.0,49,-71.05,14.1,下行,294.86,149.3499999999999,149349.9999999999,,,,False
2025-11-22 09:42:30.262634,1115.13,149.4300000000001,9576453.0,6.0,49,-73.34,12.57,下行,294.64,149.4300000000001,149430.0000000001,,,,False
2025-11-22 09:42:31.295171,1115.21,149.51,9576453.0,6.0,49,-74.94,14.54,下行,294.81,149.51,149510.0,,,,False
2025-11-22 09:42:32.339547,1115.3,149.5999999999999,9576453.0,6.0,49,-74.42,14.11,下行,294.81,149.5999999999999,149599.9999999999,,,,False
2025-11-22 09:42:33.363312,1115.38,149.6800000000001,9576453.0,6.0,49,-78.49,9.4,下行,294.91,149.6800000000001,149680.0000000001,,,,False
2025-11-22 09:42:34.401201,1115.47,149.77,9576453.0,6.0,49,-77.56,11.64,下行,295.03,149.77,149770.0,,,,False
2025-11-22 09:42:35.410915,1115.55,149.8499999999999,9576453.0,6.0,49,-79.99,9.42,下行,295.03,149.8499999999999,149849.9999999999,,,,False
2025-11-22 09:42:36.464443,1115.63,149.9300000000001,9576453.0,6.0,49,-82.82,5.94,下行,295.12,149.9300000000001,149930.0000000001,,,,False
2025-11-22 09:42:37.505830,1115.72,150.02,9576453.0,6.0,49,-82.69,6.46,下行,295.09,150.02,150020.0,,,,False
2025-11-22 09:42:38.539514,1115.8,150.0999999999999,9576453.0,6.0,49,-83.87,6.56,下行,295.05,150.0999999999999,150099.9999999999,,,,False
2025-11-22 09:42:39.594093,1115.9,150.2,9576453.0,6.0,49,-83.49,8.57,下行,295.13,150.2,150200.0,,,,False
2025-11-22 09:42:40.586057,1115.98,150.28,9576455.0,1.0,50,-78.02,6.75,下行,294.85,150.28,150280.0,,,,True
2025-11-22 09:42:41.795791,1116.08,150.3799999999999,9576455.0,1.0,50,-77.36,7.71,下行,295.28,150.3799999999999,150379.9999999999,,,,False
2025-11-22 09:42:42.854196,1116.16,150.46,9576455.0,1.0,50,-76.23,7.94,下行,295.29,150.46,150460.0,,,,False
2025-11-22 09:42:43.875422,1116.25,150.55,9576455.0,1.0,50,-73.16,11.53,下行,295.57,150.55,150550.0,,,,False
2025-11-22 09:42:44.898272,1116.33,150.6299999999999,9576455.0,1.0,50,-71.49,14.29,下行,295.6,150.6299999999999,150629.9999999999,,,,False
2025-11-22 09:42:45.935241,1116.41,150.71,9576455.0,1.0,50,-68.44,21.74,下行,295.63,150.71,150710.0,,,,False
2025-11-22 09:42:46.974897,1116.5,150.8,9576455.0,1.0,50,-69.24,19.65,下行,295.45,150.8,150800.0,,,,False
2025-11-22 09:42:48.012439,1116.58,150.8799999999999,9576455.0,1.0,50,-66.53,22.82,下行,295.4,150.8799999999999,150879.9999999999,,,,False
2025-11-22 09:42:50.040079,1116.75,151.05,9576455.0,1.0,50,-62.51,23.99,下行,295.39,151.05,151050.0,,,,False
2025-11-22 09:42:51.078104,1116.84,151.1399999999999,9576455.0,1.0,50,-56.55,30.54,下行,295.45,151.1399999999999,151139.9999999999,,,,False
2025-11-22 09:42:52.085998,1116.92,151.22,9576455.0,1.0,50,-50.31,30.48,下行,295.59,151.22,151220.0,,,,False
2025-11-22 09:42:53.138852,1117.01,151.3099999999999,9576455.0,1.0,50,-47.39,29.76,下行,295.4,151.3099999999999,151309.99999999988,,,,False
2025-11-22 09:42:54.160755,1117.09,151.3899999999999,9576455.0,1.0,50,-55.58,27.79,下行,295.53,151.3899999999999,151389.9999999999,,,,False
2025-11-22 09:42:55.198364,1117.17,151.47,9576455.0,1.0,50,-67.85,22.53,下行,295.59,151.47,151470.0,,,,False
2025-11-22 09:42:56.221114,1117.26,151.5599999999999,9576455.0,1.0,50,-69.26,18.12,下行,295.51,151.5599999999999,151559.99999999988,,,,False
2025-11-22 09:42:57.245056,1117.34,151.6399999999999,9576455.0,1.0,50,-62.58,12.95,下行,295.51,151.6399999999999,151639.9999999999,,,,False
2025-11-22 09:42:58.283822,1117.42,151.72,9576455.0,1.0,50,-55.96,20.07,下行,295.61,151.72,151720.0,,,,False
2025-11-22 09:42:59.324344,1117.51,151.8099999999999,9576455.0,1.0,50,-59.91,19.72,下行,295.34,151.8099999999999,151809.99999999988,,,,False
2025-11-22 09:43:00.346352,1117.6,151.8999999999999,9576455.0,1.0,50,-64.94,19.18,下行,295.63,151.8999999999999,151899.99999999988,,,,False
2025-11-22 09:43:01.369375,1117.68,151.98,9576455.0,1.0,50,-68.22,16.45,下行,295.5,151.98,151980.0,,,,False
2025-11-22 09:43:02.392913,1117.77,152.0699999999999,9576455.0,1.0,50,-72.85,14.03,下行,295.45,152.0699999999999,152069.9999999999,,,,False
2025-11-22 09:43:05.444212,1118.01,152.3099999999999,9576455.0,1.0,50,-78.61,9.02,下行,295.62,152.3099999999999,152309.99999999988,,,,False
2025-11-22 09:43:06.467571,1118.1,152.3999999999999,9576455.0,1.0,50,-79.6,6.55,下行,296.07,152.3999999999999,152399.99999999988,,,,False
2025-11-22 09:43:07.503773,1118.18,152.48,9576455.0,2.0,51,-81.9,0.93,下行,295.73,152.48,152480.0,,,,True
2025-11-22 09:43:08.731630,1118.28,152.5799999999999,9576455.0,2.0,51,-83.23,2.1,下行,296.01,152.5799999999999,152579.9999999999,,,,False
2025-11-22 09:43:09.769813,1118.37,152.6699999999998,9576455.0,2.0,51,-87.28,0.12,下行,295.73,152.6699999999998,152669.9999999998,,,,False
2025-11-22 09:43:10.807839,1118.46,152.76,9576455.0,2.0,51,-86.25,1.72,下行,295.79,152.76,152760.0,,,,False
2025-11-22 09:43:11.831770,1118.54,152.8399999999999,9576455.0,2.0,51,-83.3,6.2,下行,296.59,152.8399999999999,152839.99999999988,,,,False
2025-11-22 09:43:12.856520,1118.63,152.9300000000001,9576455.0,2.0,51,-80.16,8.59,下行,295.85,152.9300000000001,152930.0000000001,,,,False
2025-11-22 09:43:13.909134,1118.71,153.01,9576455.0,2.0,51,-81.68,6.93,下行,295.83,153.01,153010.0,,,,False
2025-11-22 09:43:14.933246,1118.8,153.0999999999999,9576455.0,2.0,51,-81.45,8.56,下行,295.72,153.0999999999999,153099.9999999999,,,,False
2025-11-22 09:43:15.954554,1118.88,153.1800000000001,9576455.0,2.0,51,-80.1,9.75,下行,296.0,153.1800000000001,153180.0000000001,,,,False
2025-11-22 09:43:16.992679,1118.96,153.26,9576455.0,2.0,51,-80.36,9.05,下行,295.86,153.26,153260.0,,,,False
2025-11-22 09:43:18.047210,1119.05,153.3499999999999,9576455.0,2.0,51,-78.82,9.74,下行,295.87,153.3499999999999,153349.9999999999,,,,False
2025-11-22 09:43:19.068066,1119.13,153.4300000000001,9576455.0,2.0,51,-74.41,12.56,下行,295.88,153.4300000000001,153430.0000000001,,,,False
2025-11-22 09:43:20.090659,1119.22,153.52,9576455.0,2.0,51,-75.8,11.94,下行,295.84,153.52,153520.0,,,,False
2025-11-22 09:43:21.128521,1119.31,153.6099999999999,9576455.0,2.0,51,-76.41,11.91,下行,295.91,153.6099999999999,153609.9999999999,,,,False
2025-11-22 09:43:22.151133,1119.39,153.6900000000001,9576455.0,2.0,51,-75.2,12.08,下行,295.61,153.6900000000001,153690.00000000012,,,,False
2025-11-22 09:43:23.203739,1119.48,153.78,9576455.0,2.0,51,-72.81,14.94,下行,295.71,153.78,153780.0,,,,False
2025-11-22 09:43:24.227628,1119.56,153.8599999999999,9576455.0,2.0,51,-72.79,14.46,下行,295.68,153.8599999999999,153859.9999999999,,,,False
2025-11-22 09:43:25.248901,1119.64,153.9400000000001,9576455.0,2.0,51,-68.75,19.85,下行,295.64,153.9400000000001,153940.00000000012,,,,False
2025-11-22 09:43:26.286875,1119.73,154.03,9576455.0,2.0,51,-67.05,20.85,下行,295.83,154.03,154030.0,,,,False
2025-11-22 09:43:27.326140,1119.81,154.1099999999999,9576455.0,2.0,51,-65.05,24.62,下行,295.72,154.1099999999999,154109.9999999999,,,,False
2025-11-22 09:43:28.380613,1119.9,154.2,9576455.0,2.0,51,-60.94,25.76,下行,295.85,154.2,154200.0,,,,False
2025-11-22 09:43:29.404706,1119.98,154.28,9576455.0,2.0,51,-56.34,27.04,下行,295.7,154.28,154280.0,,,,False
2025-11-22 09:43:30.427390,1120.07,154.3699999999999,9576455.0,2.0,51,-53.66,27.35,下行,295.59,154.3699999999999,154369.99999999988,,,,False
2025-11-22 09:43:32.455255,1120.24,154.54,9576455.0,2.0,51,-61.99,21.76,下行,295.79,154.54,154540.0,,,,False
2025-11-22 09:43:33.491021,1120.32,154.6199999999999,9576455.0,2.0,51,-66.74,22.08,下行,295.73,154.6199999999999,154619.99999999988,,,,False
2025-11-22 09:43:34.531739,1120.41,154.71,9576455.0,2.0,51,-70.52,20.13,下行,295.7,154.71,154710.0,,,,False
2025-11-22 09:43:35.554559,1120.49,154.79,9576455.0,2.0,51,-71.34,15.97,下行,295.66,154.79,154790.0,,,,False
2025-11-22 09:43:36.592855,1120.57,154.8699999999999,9576455.0,2.0,51,-65.48,16.72,下行,295.44,154.8699999999999,154869.99999999988,,,,False
2025-11-22 09:43:37.616932,1120.66,154.96,9576455.0,2.0,51,-67.8,14.63,下行,295.18,154.96,154960.0,,,,False
2025-11-22 09:43:38.653184,1120.74,155.04,9576455.0,2.0,51,-70.35,14.16,下行,294.91,155.04,155040.0,,,,False
2025-11-22 09:43:40.681114,1120.91,155.21,9576455.0,2.0,51,-78.37,12.29,下行,295.26,155.21,155210.0,,,,False
2025-11-22 09:43:41.703855,1121.0,155.3,9576455.0,2.0,51,-76.98,10.36,下行,295.06,155.3,155300.0,,,,False
2025-11-22 09:43:42.726280,1121.08,155.3799999999999,9576455.0,2.0,51,-77.34,8.7,下行,295.37,155.3799999999999,155379.9999999999,,,,False
2025-11-22 09:43:43.780725,1121.17,155.47,9576455.0,2.0,51,-79.19,10.69,下行,295.35,155.47,155470.0,,,,False
2025-11-22 09:43:44.803745,1121.25,155.55,9576455.0,2.0,51,-80.2,11.3,下行,295.36,155.55,155550.0,,,,False
2025-11-22 09:43:45.842823,1121.33,155.6299999999999,9576455.0,2.0,51,-82.64,8.1,下行,295.36,155.6299999999999,155629.9999999999,,,,False
2025-11-22 09:43:46.866365,1121.42,155.72,9576455.0,2.0,51,-85.2,4.68,下行,295.31,155.72,155720.0,,,,False
2025-11-22 09:43:47.904493,1121.5,155.8,9576455.0,2.0,51,-86.31,6.89,下行,295.31,155.8,155800.0,,,,False
2025-11-22 09:43:48.935397,1121.58,155.8799999999999,9576455.0,2.0,51,-87.65,4.33,下行,295.54,155.8799999999999,155879.9999999999,,,,False
2025-11-22 09:43:49.977292,1121.67,155.97,9637889.0,1.0,52,-82.07,4.12,下行,295.52,155.97,155970.0,,,,True
2025-11-22 09:43:51.399969,1121.79,156.0899999999999,9637889.0,1.0,52,-81.05,6.63,下行,295.38,156.0899999999999,156089.99999999988,,,,False
2025-11-22 09:43:52.439723,1121.87,156.1699999999998,9637889.0,1.0,52,-79.38,8.45,下行,295.52,156.1699999999998,156169.9999999998,,,,False
2025-11-22 09:43:53.449399,1121.95,156.25,9637889.0,1.0,52,-76.9,8.62,下行,295.45,156.25,156250.0,,,,False
2025-11-22 09:43:54.488314,1122.05,156.3499999999999,9637889.0,1.0,52,-75.58,13.55,下行,295.53,156.3499999999999,156349.9999999999,,,,False
2025-11-22 09:43:55.528396,1122.13,156.4300000000001,9637889.0,1.0,52,-73.67,17.71,下行,295.37,156.4300000000001,156430.0000000001,,,,False
2025-11-22 09:43:56.568545,1122.22,156.52,9637889.0,1.0,52,-71.08,18.87,下行,295.44,156.52,156520.0,,,,False
2025-11-22 09:43:57.591760,1122.3,156.5999999999999,9637889.0,1.0,52,-69.41,18.33,下行,295.55,156.5999999999999,156599.9999999999,,,,False
2025-11-22 09:43:58.613039,1122.38,156.6800000000001,9637889.0,1.0,52,-68.01,20.94,下行,295.69,156.6800000000001,156680.0000000001,,,,False
2025-11-22 09:43:59.653019,1122.47,156.77,9637889.0,1.0,52,-66.46,23.34,下行,295.51,156.77,156770.0,,,,False
2025-11-22 09:44:00.687913,1122.55,156.8499999999999,9637889.0,1.0,52,-66.06,24.19,下行,295.51,156.8499999999999,156849.9999999999,,,,False
2025-11-22 09:44:02.729467,1122.72,157.02,9637889.0,1.0,52,-60.44,27.74,下行,295.62,157.02,157020.0,,,,False
2025-11-22 09:44:03.767153,1122.8,157.0999999999999,9637889.0,1.0,52,-55.89,27.09,下行,295.58,157.0999999999999,157099.9999999999,,,,False
2025-11-22 09:44:04.772504,1122.89,157.1900000000001,9637889.0,1.0,52,-49.98,30.26,下行,295.87,157.1900000000001,157190.00000000012,,,,False
2025-11-22 09:44:05.808302,1122.98,157.28,9637889.0,1.0,52,-48.12,30.37,下行,295.81,157.28,157280.0,,,,False
2025-11-22 09:44:06.830270,1123.06,157.3599999999999,9637889.0,1.0,52,-55.63,22.88,下行,295.57,157.3599999999999,157359.9999999999,,,,False
2025-11-22 09:44:07.868153,1123.14,157.4400000000001,9637889.0,1.0,52,-63.56,22.45,下行,295.67,157.4400000000001,157440.00000000012,,,,False
2025-11-22 09:44:08.891030,1123.23,157.53,9637889.0,1.0,52,-70.57,17.55,下行,295.59,157.53,157530.0,,,,False
2025-11-22 09:44:09.928157,1123.31,157.6099999999999,9637889.0,1.0,52,-75.21,13.16,下行,295.54,157.6099999999999,157609.9999999999,,,,False
2025-11-22 09:44:10.966967,1123.39,157.6900000000001,9637889.0,1.0,52,-76.39,11.19,下行,295.41,157.6900000000001,157690.00000000012,,,,False
2025-11-22 09:44:11.978648,1123.48,157.78,9637889.0,1.0,52,-69.29,15.6,下行,295.53,157.78,157780.0,,,,False
2025-11-22 09:44:12.994457,1123.56,157.8599999999999,9637889.0,1.0,52,-63.77,19.99,下行,295.5,157.8599999999999,157859.9999999999,,,,False
2025-11-22 09:44:14.031491,1123.64,157.9400000000001,9637889.0,1.0,52,-66.07,20.22,下行,295.68,157.9400000000001,157940.00000000012,,,,False
2025-11-22 09:44:15.084997,1123.74,158.04,9637889.0,1.0,52,-69.39,17.7,下行,295.58,158.04,158040.0,,,,False
2025-11-22 09:44:18.091586,1123.98,158.28,9637889.0,1.0,52,-70.11,18.48,下行,295.67,158.28,158280.0,,,,False
2025-11-22 09:44:19.121907,1124.06,158.3599999999999,9637889.0,1.0,52,-76.29,13.51,下行,295.68,158.3599999999999,158359.9999999999,,,,False
2025-11-22 09:44:20.157966,1124.15,158.45,9637889.0,1.0,52,-79.59,11.96,下行,295.75,158.45,158450.0,,,,False
2025-11-22 09:44:21.179919,1124.23,158.53,9637889.0,1.0,52,-81.25,7.77,下行,295.43,158.53,158530.0,,,,False
2025-11-22 09:44:22.233275,1124.32,158.6199999999999,9637889.0,1.0,52,-82.65,11.74,下行,295.07,158.6199999999999,158619.99999999988,,,,False
2025-11-22 09:44:23.238723,1124.4,158.7,9637889.0,1.0,52,-81.17,11.31,下行,294.81,158.7,158700.0,,,,False
2025-11-22 09:44:24.259466,1124.49,158.79,9637889.0,1.0,52,-83.65,10.53,下行,294.54,158.79,158790.0,,,,False
2025-11-22 09:44:25.296045,1124.58,158.8799999999999,9637889.0,1.0,52,-85.56,4.81,下行,294.15,158.8799999999999,158879.9999999999,,,,False
2025-11-22 09:44:26.317687,1124.66,158.96,9637889.0,1.0,52,-87.89,7.75,下行,294.14,158.96,158960.0,,,,False
2025-11-22 09:44:27.338175,1124.74,159.04,9637889.0,1.0,52,-88.57,3.62,下行,294.06,159.04,159040.0,,,,False
2025-11-22 09:44:28.375155,1124.83,159.1299999999999,9637889.0,1.0,52,-86.37,6.24,下行,294.13,159.1299999999999,159129.9999999999,,,,False
2025-11-22 09:44:29.395753,1124.91,159.21,9637889.0,2.0,53,-86.87,6.6,下行,293.86,159.21,159210.0,,,,True
2025-11-22 09:44:30.620580,1125.01,159.3099999999999,9637889.0,2.0,53,-82.95,8.29,下行,293.72,159.3099999999999,159309.99999999988,,,,False
2025-11-22 09:44:31.703880,1125.1,159.3999999999999,9637889.0,2.0,53,-82.1,10.77,下行,293.63,159.3999999999999,159399.99999999988,,,,False
2025-11-22 09:44:32.726438,1125.18,159.48,9637889.0,2.0,53,-83.42,9.89,下行,293.66,159.48,159480.0,,,,False
2025-11-22 09:44:33.763044,1125.27,159.5699999999999,9637889.0,2.0,53,-81.31,11.58,下行,293.72,159.5699999999999,159569.9999999999,,,,False
2025-11-22 09:44:34.784051,1125.35,159.6499999999999,9637889.0,2.0,53,-79.24,12.99,下行,293.78,159.6499999999999,159649.99999999988,,,,False
2025-11-22 09:44:35.805621,1125.43,159.73,9637889.0,2.0,53,-78.09,13.25,下行,294.17,159.73,159730.0,,,,False
2025-11-22 09:44:36.842572,1125.52,159.8199999999999,9637889.0,2.0,53,-75.96,14.03,下行,294.23,159.8199999999999,159819.9999999999,,,,False
2025-11-22 09:44:37.866547,1125.6,159.8999999999999,9637889.0,2.0,53,-74.56,14.79,下行,294.81,159.8999999999999,159899.99999999988,,,,False
2025-11-22 09:44:38.889162,1125.68,159.98,9637889.0,2.0,53,-70.8,21.79,下行,295.08,159.98,159980.0,,,,False
2025-11-22 09:44:39.911589,1125.76,160.0599999999999,9637889.0,2.0,53,-68.27,22.84,下行,295.15,160.0599999999999,160059.99999999988,,,,False
2025-11-22 09:44:40.937544,1125.85,160.1499999999999,9637889.0,2.0,53,-66.57,23.34,下行,295.43,160.1499999999999,160149.99999999988,,,,False
2025-11-22 09:44:42.975854,1126.01,160.3099999999999,9637889.0,2.0,53,-64.45,23.79,下行,295.71,160.3099999999999,160309.99999999988,,,,False
2025-11-22 09:44:44.029314,1126.1,160.3999999999999,9637889.0,2.0,53,-59.2,26.7,下行,295.68,160.3999999999999,160399.99999999988,,,,False
2025-11-22 09:44:45.035781,1126.19,160.49,9637889.0,2.0,53,-53.89,30.24,下行,295.9,160.49,160490.0,,,,False
2025-11-22 09:44:46.059157,1126.27,160.5699999999999,9637889.0,2.0,53,-48.0,31.38,下行,295.8,160.5699999999999,160569.9999999999,,,,False
2025-11-22 09:44:47.081352,1126.36,160.6599999999999,9637889.0,2.0,53,-48.21,29.32,下行,295.71,160.6599999999999,160659.9999999999,,,,False
2025-11-22 09:44:51.123042,1126.68,160.98,9637889.0,2.0,53,-67.64,18.19,下行,295.61,160.98,160980.0,,,,False
2025-11-22 09:44:52.128874,1126.77,161.0699999999999,9637889.0,2.0,53,-60.34,17.24,下行,295.42,161.0699999999999,161069.9999999999,,,,False
2025-11-22 09:44:53.166192,1126.86,161.1599999999999,9637889.0,2.0,53,-65.36,19.57,下行,295.26,161.1599999999999,161159.9999999999,,,,False
2025-11-22 09:44:54.189942,1126.94,161.24,9637889.0,2.0,53,-68.1,18.99,下行,294.94,161.24,161240.0,,,,False
2025-11-22 09:44:55.211560,1127.02,161.3199999999999,9637889.0,2.0,53,-71.21,14.47,下行,294.79,161.3199999999999,161319.9999999999,,,,False
2025-11-22 09:44:56.249644,1127.11,161.4099999999999,9637889.0,2.0,53,-73.93,18.1,下行,294.52,161.4099999999999,161409.9999999999,,,,False
2025-11-22 09:44:57.274107,1127.19,161.49,9637889.0,2.0,53,-75.03,14.37,下行,294.53,161.49,161490.0,,,,False
2025-11-22 09:44:58.292480,1127.27,161.5699999999999,9637889.0,2.0,53,-78.17,17.64,下行,294.65,161.5699999999999,161569.9999999999,,,,False
2025-11-22 09:44:59.313931,1127.36,161.6599999999999,9637889.0,2.0,53,-81.14,10.99,下行,294.79,161.6599999999999,161659.9999999999,,,,False
2025-11-22 09:45:00.350901,1127.44,161.74,9637889.0,2.0,53,-79.77,11.03,下行,294.95,161.74,161740.0,,,,False
2025-11-22 09:45:01.376296,1127.52,161.8199999999999,9637889.0,2.0,53,-85.28,4.69,下行,294.95,161.8199999999999,161819.9999999999,,,,False
2025-11-22 09:45:02.409376,1127.61,161.9099999999999,9637889.0,2.0,53,-85.84,8.58,下行,294.96,161.9099999999999,161909.9999999999,,,,False
2025-11-22 09:45:03.430781,1127.69,161.99,9637889.0,2.0,53,-87.36,1.85,下行,294.98,161.99,161990.0,,,,False
2025-11-22 09:45:04.467191,1127.78,162.0799999999999,9637889.0,3.0,54,-87.09,2.92,下行,294.82,162.0799999999999,162079.9999999999,,,,True
2025-11-22 09:45:05.676331,1127.88,162.1800000000001,9637889.0,3.0,54,-83.76,4.76,下行,295.06,162.1800000000001,162180.0000000001,,,,False
2025-11-22 09:45:06.696972,1127.96,162.26,9637889.0,3.0,54,-82.02,6.14,下行,295.0,162.26,162260.0,,,,False
2025-11-22 09:45:07.736580,1128.04,162.3399999999999,9637889.0,3.0,54,-81.49,6.5,下行,294.96,162.3399999999999,162339.99999999988,,,,False
2025-11-22 09:45:08.756439,1128.13,162.4300000000001,9637889.0,3.0,54,-80.28,7.53,下行,294.95,162.4300000000001,162430.0000000001,,,,False
2025-11-22 09:45:09.795428,1128.22,162.52,9637889.0,3.0,54,-78.89,9.47,下行,295.1,162.52,162520.0,,,,False
2025-11-22 09:45:10.815779,1128.3,162.5999999999999,9637889.0,3.0,54,-76.03,14.0,下行,294.97,162.5999999999999,162599.9999999999,,,,False
2025-11-22 09:45:11.853044,1128.39,162.6900000000001,9637889.0,3.0,54,-75.34,13.87,下行,295.18,162.6900000000001,162690.00000000012,,,,False
2025-11-22 09:45:12.873618,1128.47,162.77,9637889.0,3.0,54,-76.16,14.2,下行,295.04,162.77,162770.0,,,,False
2025-11-22 09:45:14.905083,1128.63,162.9300000000001,9637889.0,3.0,54,-74.56,15.24,下行,295.0,162.9300000000001,162930.0000000001,,,,False
2025-11-22 09:45:15.925278,1128.72,163.02,9637889.0,3.0,54,-72.39,17.3,下行,294.65,163.02,163020.0,,,,False
2025-11-22 09:45:16.961945,1128.8,163.0999999999999,9637889.0,3.0,54,-72.29,18.64,下行,294.72,163.0999999999999,163099.9999999999,,,,False
2025-11-22 09:45:17.983460,1128.88,163.1800000000001,9637889.0,3.0,54,-69.34,23.41,下行,294.54,163.1800000000001,163180.0000000001,,,,False
2025-11-22 09:45:19.013403,1128.97,163.27,9637889.0,3.0,54,-64.6,22.86,下行,294.8,163.27,163270.0,,,,False
2025-11-22 09:45:20.041414,1129.05,163.3499999999999,9637889.0,3.0,54,-59.54,26.05,下行,294.63,163.3499999999999,163349.9999999999,,,,False
2025-11-22 09:45:21.062682,1129.14,163.4400000000001,9637889.0,3.0,54,-54.95,27.37,下行,294.84,163.4400000000001,163440.00000000012,,,,False
2025-11-22 09:45:22.085264,1129.23,163.53,9637889.0,3.0,54,-49.34,30.87,下行,294.76,163.53,163530.0,,,,False
2025-11-22 09:45:23.121808,1129.31,163.6099999999999,9637889.0,3.0,54,-53.29,27.46,下行,294.88,163.6099999999999,163609.9999999999,,,,False
2025-11-22 09:45:25.164926,1129.48,163.78,9637889.0,3.0,54,-58.75,25.63,下行,294.8,163.78,163780.0,,,,False
2025-11-22 09:45:26.186843,1129.56,163.8599999999999,9637889.0,3.0,54,-67.08,13.85,下行,295.0,163.8599999999999,163859.9999999999,,,,False
2025-11-22 09:45:28.212615,1129.72,164.02,9637889.0,3.0,54,-59.22,15.98,下行,295.07,164.02,164020.0,,,,False
2025-11-22 09:45:29.248901,1129.81,164.1099999999999,9637889.0,3.0,54,-60.29,21.93,下行,294.87,164.1099999999999,164109.9999999999,,,,False
2025-11-22 09:45:30.270190,1129.89,164.1900000000001,9637889.0,3.0,54,-62.46,20.98,下行,295.14,164.1900000000001,164190.00000000012,,,,False
2025-11-22 09:45:31.306945,1129.98,164.28,9637889.0,3.0,54,-66.2,17.33,下行,295.1,164.28,164280.0,,,,False
2025-11-22 09:45:32.328875,1130.06,164.3599999999999,9637889.0,3.0,54,-70.66,16.03,下行,295.12,164.3599999999999,164359.9999999999,,,,False
2025-11-22 09:45:33.366224,1130.14,164.4400000000001,9637889.0,3.0,54,-72.11,16.47,下行,295.2,164.4400000000001,164440.00000000012,,,,False
2025-11-22 09:45:34.388195,1130.23,164.53,9637889.0,3.0,54,-77.74,12.51,下行,295.16,164.53,164530.0,,,,False
2025-11-22 09:45:35.408450,1130.32,164.6199999999999,9637889.0,3.0,54,-77.9,10.35,下行,295.24,164.6199999999999,164619.99999999988,,,,False
2025-11-22 09:45:36.446052,1130.4,164.7,9637889.0,3.0,54,-78.59,8.09,下行,295.23,164.7,164700.0,,,,False
2025-11-22 09:45:37.468202,1130.49,164.79,9637889.0,3.0,54,-79.96,6.18,下行,295.55,164.79,164790.0,,,,False
2025-11-22 09:45:38.490191,1130.57,164.8699999999999,9637889.0,3.0,54,-82.96,5.31,下行,295.75,164.8699999999999,164869.99999999988,,,,False
2025-11-22 09:45:39.513196,1130.65,164.95,9637889.0,3.0,54,-82.82,5.37,下行,296.02,164.95,164950.0,,,,False
2025-11-22 09:45:40.549852,1130.74,165.04,9637891.0,1.0,55,-79.06,4.2,下行,296.02,165.04,165040.0,,,,True
2025-11-22 09:45:41.759987,1130.84,165.1399999999999,9637891.0,1.0,55,-77.85,4.87,下行,296.04,165.1399999999999,165139.9999999999,,,,False
2025-11-22 09:45:42.780010,1130.92,165.22,9637891.0,1.0,55,-76.28,7.71,下行,295.96,165.22,165220.0,,,,False
2025-11-22 09:45:43.816653,1131.0,165.3,9637891.0,1.0,55,-76.36,8.69,下行,295.79,165.3,165300.0,,,,False
2025-11-22 09:45:44.838462,1131.09,165.3899999999999,9637891.0,1.0,55,-77.36,8.82,下行,295.88,165.3899999999999,165389.9999999999,,,,False
2025-11-22 09:45:45.876384,1131.17,165.47,9637891.0,1.0,55,-76.81,8.92,下行,295.76,165.47,165470.0,,,,False
2025-11-22 09:45:46.897601,1131.26,165.5599999999999,9637891.0,1.0,55,-74.4,12.18,下行,295.69,165.5599999999999,165559.99999999988,,,,False
2025-11-22 09:45:47.919137,1131.35,165.6499999999999,9637891.0,1.0,55,-71.36,14.86,下行,295.73,165.6499999999999,165649.99999999988,,,,False
2025-11-22 09:45:48.956961,1131.43,165.73,9637891.0,1.0,55,-69.02,19.03,下行,295.61,165.73,165730.0,,,,False
2025-11-22 09:45:49.982298,1131.51,165.8099999999999,9637891.0,1.0,55,-69.6,17.47,下行,295.78,165.8099999999999,165809.99999999988,,,,False
2025-11-22 09:45:52.004863,1131.68,165.98,9637891.0,1.0,55,-69.86,18.73,下行,295.76,165.98,165980.0,,,,False
2025-11-22 09:45:53.043548,1131.76,166.0599999999999,9637891.0,1.0,55,-65.47,21.24,下行,295.55,166.0599999999999,166059.99999999988,,,,False
2025-11-22 09:45:54.065859,1131.84,166.1399999999999,9637891.0,1.0,55,-60.49,25.29,下行,295.66,166.1399999999999,166139.9999999999,,,,False
2025-11-22 09:45:59.119861,1132.26,166.5599999999999,9637891.0,1.0,55,-50.61,25.75,下行,295.62,166.5599999999999,166559.99999999988,,,,False
2025-11-22 09:46:00.141679,1132.35,166.6499999999999,9637891.0,1.0,55,-62.77,23.46,下行,295.64,166.6499999999999,166649.99999999988,,,,False
2025-11-22 09:46:01.165125,1132.43,166.73,9637891.0,1.0,55,-62.76,24.12,下行,295.37,166.73,166730.0,,,,False
2025-11-22 09:46:02.185924,1132.51,166.8099999999999,9637891.0,1.0,55,-67.29,20.2,下行,295.26,166.8099999999999,166809.99999999988,,,,False
2025-11-22 09:46:03.223965,1132.6,166.8999999999999,9637891.0,1.0,55,-62.04,21.23,下行,295.06,166.8999999999999,166899.99999999988,,,,False
2025-11-22 09:46:04.246660,1132.68,166.98,9637891.0,1.0,55,-55.24,23.26,下行,295.17,166.98,166980.0,,,,False
2025-11-22 09:46:05.284473,1132.77,167.0699999999999,9637891.0,1.0,55,-56.03,21.56,下行,295.04,167.0699999999999,167069.9999999999,,,,False
2025-11-22 09:46:06.306221,1132.86,167.1599999999999,9637891.0,1.0,55,-58.12,24.27,下行,295.21,167.1599999999999,167159.9999999999,,,,False
2025-11-22 09:46:08.320129,1133.02,167.3199999999999,9637891.0,1.0,55,-60.23,24.39,下行,295.31,167.3199999999999,167319.9999999999,,,,False
2025-11-22 09:46:09.357572,1133.1,167.3999999999999,9637891.0,1.0,55,-63.05,22.78,下行,295.39,167.3999999999999,167399.99999999988,,,,False
2025-11-22 09:46:10.379316,1133.19,167.49,9637891.0,1.0,55,-63.17,23.52,下行,295.32,167.49,167490.0,,,,False
2025-11-22 09:46:11.401655,1133.27,167.5699999999999,9637891.0,1.0,55,-71.32,15.59,下行,295.32,167.5699999999999,167569.9999999999,,,,False
2025-11-22 09:46:12.440886,1133.35,167.6499999999999,9637891.0,1.0,55,-68.75,17.93,下行,295.34,167.6499999999999,167649.99999999988,,,,False
2025-11-22 09:46:13.478532,1133.44,167.74,9637891.0,1.0,55,-69.91,19.37,下行,295.36,167.74,167740.0,,,,False
2025-11-22 09:46:14.485158,1133.52,167.8199999999999,9637891.0,1.0,55,-70.55,16.18,下行,295.28,167.8199999999999,167819.9999999999,,,,False
2025-11-22 09:46:15.525934,1133.6,167.8999999999999,9637891.0,1.0,55,-74.18,11.19,下行,295.15,167.8999999999999,167899.99999999988,,,,False
2025-11-22 09:46:16.543352,1133.7,168.0,9637891.0,1.0,55,-76.94,10.98,下行,295.3,168.0,168000.0,,,,False
2025-11-22 09:46:17.580944,1133.78,168.0799999999999,9637891.0,1.0,55,-75.26,13.28,下行,295.07,168.0799999999999,168079.9999999999,,,,False
2025-11-22 09:46:18.601599,1133.86,168.1599999999999,9637891.0,1.0,55,-75.88,11.02,下行,295.1,168.1599999999999,168159.9999999999,,,,False
2025-11-22 09:46:19.639635,1133.95,168.25,9637891.0,1.0,55,-77.76,7.97,下行,294.8,168.25,168250.0,,,,False
2025-11-22 09:46:20.661897,1134.03,168.3299999999999,9637891.0,1.0,55,-81.78,4.78,下行,294.51,168.3299999999999,168329.9999999999,,,,False
2025-11-22 09:46:21.698891,1134.11,168.4099999999999,9637891.0,1.0,55,-82.96,3.46,下行,294.37,168.4099999999999,168409.9999999999,,,,False
2025-11-22 09:46:22.738611,1134.2,168.5,9637891.0,1.0,55,-84.4,4.03,下行,294.27,168.5,168500.0,,,,False
2025-11-22 09:46:23.758642,1134.28,168.5799999999999,9637891.0,2.0,56,-81.87,3.32,下行,294.14,168.5799999999999,168579.9999999999,,,,True
2025-11-22 09:46:24.968943,1134.38,168.6800000000001,9637891.0,2.0,56,-78.33,6.89,下行,293.85,168.6800000000001,168680.0000000001,,,,False
2025-11-22 09:46:26.005975,1134.47,168.77,9637891.0,2.0,56,-76.06,9.1,下行,293.6,168.77,168770.0,,,,False
2025-11-22 09:46:27.028290,1134.55,168.8499999999999,9637891.0,2.0,56,-76.37,9.41,下行,293.38,168.8499999999999,168849.9999999999,,,,False
2025-11-22 09:46:28.064518,1134.63,168.9300000000001,9637891.0,2.0,56,-77.05,6.69,下行,293.18,168.9300000000001,168930.0000000001,,,,False
2025-11-22 09:46:29.086305,1134.72,169.02,9637891.0,2.0,56,-77.61,8.02,下行,293.08,169.02,169020.0,,,,False
2025-11-22 09:46:30.109429,1134.8,169.0999999999999,9637891.0,2.0,56,-70.91,10.81,下行,292.87,169.0999999999999,169099.9999999999,,,,False
2025-11-22 09:46:31.155768,1134.88,169.1800000000001,9637891.0,2.0,56,-71.07,9.73,下行,292.73,169.1800000000001,169180.0000000001,,,,False
2025-11-22 09:46:33.173437,1135.05,169.3499999999999,9637891.0,2.0,56,-70.33,9.86,下行,292.39,169.3499999999999,169349.9999999999,,,,False
2025-11-22 09:46:34.195502,1135.13,169.4300000000001,9637891.0,2.0,56,-63.88,13.64,下行,292.04,169.4300000000001,169430.0000000001,,,,False
2025-11-22 09:46:35.233929,1135.21,169.51,9637891.0,2.0,56,-63.68,12.14,下行,291.98,169.51,169510.0,,,,False
2025-11-22 09:46:36.257525,1135.3,169.5999999999999,9637891.0,2.0,56,-60.0,19.46,下行,291.79,169.5999999999999,169599.9999999999,,,,False
2025-11-22 09:46:37.281281,1135.38,169.6800000000001,9637891.0,2.0,56,-54.84,28.23,下行,291.55,169.6800000000001,169680.0000000001,,,,False
2025-11-22 09:46:39.311241,1135.54,169.8399999999999,9637891.0,2.0,56,-64.29,20.49,下行,292.61,169.8399999999999,169839.99999999988,,,,False
2025-11-22 09:46:40.348162,1135.63,169.9300000000001,9637891.0,2.0,56,-64.1,19.88,下行,292.94,169.9300000000001,169930.0000000001,,,,False
2025-11-22 09:46:41.369106,1135.71,170.01,9637891.0,2.0,56,-68.9,11.19,下行,293.1,170.01,170010.0,,,,False
2025-11-22 09:46:42.390297,1135.79,170.0899999999999,9637891.0,2.0,56,-59.14,19.17,下行,293.01,170.0899999999999,170089.99999999988,,,,False
2025-11-22 09:46:43.412774,1135.88,170.1800000000001,9637891.0,2.0,56,-55.66,25.77,下行,293.32,170.1800000000001,170180.0000000001,,,,False
2025-11-22 09:46:44.435471,1135.96,170.26,9637891.0,2.0,56,-56.2,18.55,下行,293.34,170.26,170260.0,,,,False
2025-11-22 09:46:45.473454,1136.04,170.3399999999999,9637891.0,2.0,56,-58.97,18.68,下行,293.68,170.3399999999999,170339.99999999988,,,,False
2025-11-22 09:46:46.494800,1136.13,170.4300000000001,9637891.0,2.0,56,-61.97,21.75,下行,293.95,170.4300000000001,170430.0000000001,,,,False
2025-11-22 09:46:47.530767,1136.22,170.52,9637891.0,2.0,56,-63.78,18.54,下行,294.0,170.52,170520.0,,,,False
2025-11-22 09:46:48.554204,1136.3,170.5999999999999,9637891.0,2.0,56,-64.62,16.55,下行,294.11,170.5999999999999,170599.9999999999,,,,False
2025-11-22 09:46:49.577070,1136.39,170.6900000000001,9637891.0,2.0,56,-67.55,17.03,下行,294.06,170.6900000000001,170690.00000000012,,,,False
2025-11-22 09:46:50.597973,1136.47,170.77,9637891.0,2.0,56,-66.7,18.92,下行,293.98,170.77,170770.0,,,,False
2025-11-22 09:46:51.621118,1136.55,170.8499999999999,9637891.0,2.0,56,-70.94,10.73,下行,294.39,170.8499999999999,170849.9999999999,,,,False
2025-11-22 09:46:52.659435,1136.64,170.9400000000001,9637891.0,2.0,56,-73.68,5.41,下行,294.29,170.9400000000001,170940.00000000012,,,,False
2025-11-22 09:46:53.680297,1136.72,171.02,9637891.0,2.0,56,-74.44,8.59,下行,294.55,171.02,171020.0,,,,False
2025-11-22 09:46:54.703545,1136.8,171.0999999999999,9637891.0,2.0,56,-74.06,8.11,下行,294.51,171.0999999999999,171099.9999999999,,,,False
2025-11-22 09:46:55.723433,1136.88,171.1800000000001,9637891.0,2.0,56,-74.4,6.69,下行,294.49,171.1800000000001,171180.0000000001,,,,False
2025-11-22 09:46:56.760453,1136.97,171.27,9637891.0,2.0,56,-74.72,5.5,下行,294.5,171.27,171270.0,,,,False
2025-11-22 09:46:57.796845,1137.05,171.3499999999999,9637891.0,3.0,57,-72.75,5.61,下行,294.5,171.3499999999999,171349.9999999999,,,,True
2025-11-22 09:46:58.992441,1137.15,171.45,9637891.0,3.0,57,-72.63,9.21,下行,294.77,171.45,171450.0,,,,False
2025-11-22 09:47:00.077071,1137.24,171.54,9637891.0,3.0,57,-66.97,13.65,下行,294.81,171.54,171540.0,,,,False
2025-11-22 09:47:01.100094,1137.32,171.6199999999999,9637891.0,3.0,57,-65.58,14.56,下行,294.88,171.6199999999999,171619.99999999988,,,,False
2025-11-22 09:47:02.137212,1137.41,171.71,9637891.0,3.0,57,-65.11,18.23,下行,295.0,171.71,171710.0,,,,False
2025-11-22 09:47:03.158424,1137.49,171.79,9637891.0,3.0,57,-61.58,19.25,下行,294.8,171.79,171790.0,,,,False
2025-11-22 09:47:04.180572,1137.58,171.8799999999999,9637891.0,3.0,57,-60.36,23.15,下行,294.93,171.8799999999999,171879.9999999999,,,,False
2025-11-22 09:47:05.216970,1137.67,171.97,9637891.0,3.0,57,-58.47,26.36,下行,294.86,171.97,171970.0,,,,False
2025-11-22 09:47:06.239750,1137.75,172.05,9637891.0,3.0,57,-54.65,26.59,下行,294.88,172.05,172050.0,,,,False
2025-11-22 09:47:09.257244,1137.99,172.29,9637891.0,3.0,57,-48.01,24.17,下行,295.13,172.29,172290.0,,,,False
2025-11-22 09:47:10.286137,1138.08,172.3799999999999,9637891.0,3.0,57,-56.23,18.6,下行,295.16,172.3799999999999,172379.9999999999,,,,False
2025-11-22 09:47:11.316930,1138.16,172.46,9637891.0,3.0,57,-65.25,15.92,下行,295.11,172.46,172460.0,,,,False
2025-11-22 09:47:12.340615,1138.24,172.54,9637891.0,3.0,57,-61.29,19.95,下行,294.98,172.54,172540.0,,,,False
2025-11-22 09:47:13.362753,1138.33,172.6299999999999,9637891.0,3.0,57,-65.77,9.57,下行,295.11,172.6299999999999,172629.9999999999,,,,False
2025-11-22 09:47:14.385086,1138.42,172.72,9637891.0,3.0,57,-53.29,19.05,下行,295.0,172.72,172720.0,,,,False
2025-11-22 09:47:15.407788,1138.5,172.8,9637891.0,3.0,57,-53.9,19.41,下行,295.02,172.8,172800.0,,,,False
2025-11-22 09:47:16.461068,1138.59,172.8899999999999,9637891.0,3.0,57,-56.43,21.5,下行,295.06,172.8899999999999,172889.9999999999,,,,False
2025-11-22 09:47:17.467481,1138.67,172.97,9637891.0,3.0,57,-59.13,21.3,下行,295.21,172.97,172970.0,,,,False
2025-11-22 09:47:18.489465,1138.75,173.05,9637891.0,3.0,57,-65.76,12.96,下行,295.2,173.05,173050.0,,,,False
2025-11-22 09:47:19.526793,1138.84,173.1399999999999,9637891.0,3.0,57,-64.56,17.12,下行,295.14,173.1399999999999,173139.9999999999,,,,False
2025-11-22 09:47:20.548842,1138.92,173.22,9637891.0,3.0,57,-71.69,10.61,下行,295.1,173.22,173220.0,,,,False
2025-11-22 09:47:22.576525,1139.08,173.3799999999999,9637891.0,3.0,57,-69.69,11.24,下行,295.12,173.3799999999999,173379.9999999999,,,,False
2025-11-22 09:47:23.598471,1139.17,173.47,9637891.0,3.0,57,-74.5,3.65,下行,295.26,173.47,173470.0,,,,False
2025-11-22 09:47:24.636375,1139.26,173.5599999999999,9637891.0,3.0,57,-77.84,3.42,下行,295.21,173.5599999999999,173559.99999999988,,,,False
2025-11-22 09:47:25.657666,1139.34,173.6399999999999,9637891.0,3.0,57,-77.31,2.49,下行,295.36,173.6399999999999,173639.9999999999,,,,False
2025-11-22 09:47:26.680177,1139.43,173.73,9637891.0,4.0,57,-78.78,1.78,下行,295.38,173.73,173730.0,,,,False
2025-11-22 09:47:27.873775,1139.52,173.8199999999999,9637891.0,4.0,58,-78.09,2.38,下行,295.38,173.8199999999999,173819.9999999999,,,,True
2025-11-22 09:47:28.988927,1139.62,173.9199999999998,9637891.0,4.0,58,-78.4,3.07,下行,295.26,173.9199999999998,173919.9999999998,,,,False
2025-11-22 09:47:30.031354,1139.7,174.0,9637891.0,4.0,58,-77.01,2.47,下行,295.25,174.0,174000.0,,,,False
2025-11-22 09:47:31.065121,1139.78,174.0799999999999,9637891.0,4.0,58,-80.53,1.08,下行,295.35,174.0799999999999,174079.9999999999,,,,False
2025-11-22 09:47:32.088399,1139.87,174.1699999999998,9637891.0,4.0,58,-79.09,2.17,下行,295.28,174.1699999999998,174169.9999999998,,,,False
2025-11-22 09:47:33.109583,1139.95,174.25,9637891.0,4.0,58,-74.88,6.49,下行,295.34,174.25,174250.0,,,,False
2025-11-22 09:47:34.163668,1140.04,174.3399999999999,9637891.0,4.0,58,-72.76,5.85,下行,295.69,174.3399999999999,174339.99999999988,,,,False
2025-11-22 09:47:35.170283,1140.12,174.4199999999998,9637891.0,4.0,58,-74.06,4.17,下行,295.98,174.4199999999998,174419.9999999998,,,,False
2025-11-22 09:47:36.207758,1140.2,174.5,9637891.0,4.0,58,-76.46,3.77,下行,296.01,174.5,174500.0,,,,False
2025-11-22 09:47:37.229984,1140.29,174.5899999999999,9637891.0,4.0,58,-74.3,5.2,下行,296.08,174.5899999999999,174589.99999999988,,,,False
2025-11-22 09:47:38.251080,1140.38,174.6800000000001,9637891.0,4.0,58,-76.02,5.72,下行,295.96,174.6800000000001,174680.0000000001,,,,False
2025-11-22 09:47:39.293165,1140.46,174.76,9637891.0,4.0,58,-74.76,7.13,下行,295.64,174.76,174760.0,,,,False
2025-11-22 09:47:40.311875,1140.54,174.8399999999999,9637891.0,4.0,58,-70.21,9.03,下行,295.71,174.8399999999999,174839.99999999988,,,,False
2025-11-22 09:47:42.338740,1140.71,175.01,9637891.0,4.0,58,-69.42,9.13,下行,295.6,175.01,175010.0,,,,False
2025-11-22 09:47:43.391160,1140.79,175.0899999999999,9637891.0,4.0,58,-65.33,13.02,下行,295.6,175.0899999999999,175089.99999999988,,,,False
2025-11-22 09:47:44.412865,1140.88,175.1800000000001,9637891.0,4.0,58,-60.91,21.0,下行,295.68,175.1800000000001,175180.0000000001,,,,False
2025-11-22 09:47:45.432958,1140.96,175.26,9637891.0,4.0,58,-59.79,23.76,下行,295.78,175.26,175260.0,,,,False
2025-11-22 09:47:46.470054,1141.04,175.3399999999999,9637891.0,4.0,58,-50.89,29.35,下行,295.64,175.3399999999999,175339.99999999988,,,,False
2025-11-22 09:47:47.522040,1141.13,175.4300000000001,9637891.0,4.0,58,-47.93,29.75,下行,295.68,175.4300000000001,175430.0000000001,,,,False
2025-11-22 09:47:48.542778,1141.22,175.52,9637891.0,4.0,58,-46.38,28.94,下行,295.68,175.52,175520.0,,,,False
2025-11-22 09:47:49.565320,1141.31,175.6099999999999,9637891.0,4.0,58,-63.74,12.47,下行,295.63,175.6099999999999,175609.9999999999,,,,False
2025-11-22 09:47:50.602588,1141.39,175.6900000000001,9637891.0,4.0,58,-62.91,17.21,下行,295.61,175.6900000000001,175690.00000000012,,,,False
2025-11-22 09:47:51.640805,1141.47,175.77,9637891.0,4.0,58,-62.57,19.58,下行,295.75,175.77,175770.0,,,,False
2025-11-22 09:47:52.663171,1141.56,175.8599999999999,9637891.0,4.0,58,-68.46,10.83,下行,295.79,175.8599999999999,175859.9999999999,,,,False
2025-11-22 09:47:53.686523,1141.64,175.9400000000001,9637891.0,4.0,58,-56.82,15.28,下行,295.73,175.9400000000001,175940.00000000012,,,,False
2025-11-22 09:47:54.722527,1141.72,176.02,9637891.0,4.0,58,-54.15,18.31,下行,295.74,176.02,176020.0,,,,False
2025-11-22 09:47:55.747605,1141.81,176.1099999999999,9637891.0,4.0,58,-56.45,21.14,下行,295.61,176.1099999999999,176109.9999999999,,,,False
2025-11-22 09:47:56.771768,1141.89,176.1900000000001,9637891.0,4.0,58,-59.53,16.82,下行,295.61,176.1900000000001,176190.00000000012,,,,False
2025-11-22 09:47:57.790749,1141.98,176.28,9637891.0,4.0,58,-62.1,17.28,下行,295.59,176.28,176280.0,,,,False
2025-11-22 09:47:59.818488,1142.15,176.45,9637891.0,4.0,58,-67.97,15.88,下行,295.76,176.45,176450.0,,,,False
2025-11-22 09:48:00.841121,1142.23,176.53,9637891.0,4.0,58,-67.63,15.6,下行,295.58,176.53,176530.0,,,,False
2025-11-22 09:48:01.879401,1142.31,176.6099999999999,9637891.0,4.0,58,-73.39,10.32,下行,295.66,176.6099999999999,176609.9999999999,,,,False
2025-11-22 09:48:02.901163,1142.4,176.7,9637891.0,4.0,58,-71.43,9.58,下行,295.61,176.7,176700.0,,,,False
2025-11-22 09:48:03.937857,1142.48,176.78,9637891.0,4.0,58,-74.89,4.77,下行,295.8,176.78,176780.0,,,,False
2025-11-22 09:48:04.960234,1142.56,176.8599999999999,9637891.0,5.0,58,-78.56,1.33,下行,295.85,176.8599999999999,176859.9999999999,,,,False
2025-11-22 09:48:06.137265,1142.66,176.96,9637891.0,5.0,59,-77.05,4.69,下行,295.65,176.96,176960.0,,,,True
2025-11-22 09:48:07.252977,1142.75,177.05,9637891.0,5.0,59,-76.92,3.36,下行,295.71,177.05,177050.0,,,,False
2025-11-22 09:48:08.287599,1142.84,177.1399999999999,9637891.0,5.0,59,-78.88,0.3,下行,295.68,177.1399999999999,177139.9999999999,,,,False
2025-11-22 09:48:09.307790,1142.92,177.22,9637891.0,5.0,59,-80.42,1.51,下行,295.65,177.22,177220.0,,,,False
2025-11-22 09:48:10.344747,1143.0,177.3,9637891.0,5.0,59,-77.79,6.43,下行,295.61,177.3,177300.0,,,,False
2025-11-22 09:48:11.365906,1143.1,177.3999999999999,9637891.0,5.0,59,-77.93,5.88,下行,295.54,177.3999999999999,177399.99999999988,,,,False
2025-11-22 09:48:12.387829,1143.18,177.48,9637891.0,5.0,59,-75.25,8.74,下行,295.71,177.48,177480.0,,,,False
2025-11-22 09:48:13.408942,1143.26,177.5599999999999,9637891.0,5.0,59,-73.11,8.73,下行,295.56,177.5599999999999,177559.99999999988,,,,False
2025-11-22 09:48:14.444452,1143.35,177.6499999999999,9637891.0,5.0,59,-70.22,12.09,下行,295.58,177.6499999999999,177649.99999999988,,,,False
2025-11-22 09:48:15.470919,1143.43,177.73,9637891.0,5.0,59,-67.79,13.69,下行,295.77,177.73,177730.0,,,,False
2025-11-22 09:48:18.497046,1143.68,177.98,9637891.0,5.0,59,-64.36,23.22,下行,295.73,177.98,177980.0,,,,False
2025-11-22 09:48:19.518051,1143.76,178.0599999999999,9637891.0,5.0,59,-59.03,23.21,下行,295.66,178.0599999999999,178059.99999999988,,,,False
2025-11-22 09:48:20.554867,1143.84,178.1399999999999,9637891.0,5.0,59,-53.77,26.7,下行,295.54,178.1399999999999,178139.9999999999,,,,False
2025-11-22 09:48:21.576090,1143.94,178.24,9637891.0,5.0,59,-52.84,24.81,下行,295.55,178.24,178240.0,,,,False
2025-11-22 09:48:22.596502,1144.02,178.3199999999999,9637891.0,5.0,59,-52.78,24.72,下行,295.22,178.3199999999999,178319.9999999999,,,,False
2025-11-22 09:48:23.618128,1144.1,178.3999999999999,9637891.0,5.0,59,-65.89,13.74,下行,295.06,178.3999999999999,178399.99999999988,,,,False
2025-11-22 09:48:24.655634,1144.19,178.49,9637891.0,5.0,59,-66.92,13.62,下行,294.77,178.49,178490.0,,,,False
2025-11-22 09:48:25.680108,1144.27,178.5699999999999,9637891.0,5.0,59,-66.73,15.72,下行,294.63,178.5699999999999,178569.9999999999,,,,False
2025-11-22 09:48:26.698386,1144.35,178.6499999999999,9637891.0,5.0,59,-68.12,12.55,下行,294.63,178.6499999999999,178649.99999999988,,,,False
2025-11-22 09:48:28.738214,1144.52,178.8199999999999,9637891.0,5.0,59,-63.16,15.61,下行,294.85,178.8199999999999,178819.9999999999,,,,False
2025-11-22 09:48:29.752824,1144.6,178.8999999999999,9637891.0,5.0,59,-64.55,15.84,下行,294.85,178.8999999999999,178899.99999999988,,,,False
2025-11-22 09:48:30.781886,1144.68,178.98,9637891.0,5.0,59,-66.35,17.16,下行,295.07,178.98,178980.0,,,,False
2025-11-22 09:48:31.806663,1144.77,179.0699999999999,9637891.0,5.0,59,-70.82,13.92,下行,294.85,179.0699999999999,179069.9999999999,,,,False
2025-11-22 09:48:32.835919,1144.85,179.1499999999999,9637891.0,5.0,59,-72.57,12.04,下行,294.98,179.1499999999999,179149.99999999988,,,,False
2025-11-22 09:48:33.864084,1144.93,179.23,9637891.0,5.0,59,-75.26,11.74,下行,294.84,179.23,179230.0,,,,False
2025-11-22 09:48:34.894420,1145.02,179.3199999999999,9637891.0,5.0,59,-76.69,12.22,下行,294.84,179.3199999999999,179319.9999999999,,,,False
2025-11-22 09:48:35.919981,1145.1,179.3999999999999,9637891.0,5.0,59,-78.9,7.84,下行,294.8,179.3999999999999,179399.99999999988,,,,False
2025-11-22 09:48:36.944451,1145.19,179.49,9637891.0,5.0,59,-80.11,8.52,下行,295.04,179.49,179490.0,,,,False
2025-11-22 09:48:37.971660,1145.28,179.5799999999999,9637891.0,5.0,59,-84.86,2.65,下行,295.0,179.5799999999999,179579.9999999999,,,,False
2025-11-22 09:48:39.001844,1145.36,179.6599999999999,9637891.0,6.0,60,-81.01,4.6,下行,295.01,179.6599999999999,179659.9999999999,,,,True
2025-11-22 09:48:40.212342,1145.46,179.76,9637891.0,6.0,60,-83.15,2.41,下行,294.96,179.76,179760.0,,,,False
2025-11-22 09:48:41.229666,1145.55,179.8499999999999,9637891.0,6.0,60,-81.28,6.46,下行,295.09,179.8499999999999,179849.9999999999,,,,False
2025-11-22 09:48:42.263017,1145.63,179.9300000000001,9637891.0,6.0,60,-81.79,7.88,下行,295.01,179.9300000000001,179930.0000000001,,,,False
2025-11-22 09:48:43.292613,1145.71,180.01,9637891.0,6.0,60,-84.04,2.22,下行,295.22,180.01,180010.0,,,,False
2025-11-22 09:48:44.308613,1145.79,180.0899999999999,9637891.0,6.0,60,-83.46,6.05,下行,295.23,180.0899999999999,180089.99999999988,,,,False
2025-11-22 09:48:45.340977,1145.88,180.1800000000001,9637891.0,6.0,60,-81.85,12.55,下行,295.2,180.1800000000001,180180.0000000001,,,,False
2025-11-22 09:48:46.376749,1145.96,180.26,9637891.0,6.0,60,-75.44,13.54,下行,295.07,180.26,180260.0,,,,False
2025-11-22 09:48:47.401116,1146.05,180.3499999999999,9637891.0,6.0,60,-74.35,18.21,下行,295.26,180.3499999999999,180349.9999999999,,,,False
2025-11-22 09:48:48.422376,1146.13,180.4300000000001,9637891.0,6.0,60,-72.99,21.8,下行,295.12,180.4300000000001,180430.0000000001,,,,False
2025-11-22 09:48:51.453066,1146.38,180.6800000000001,9637891.0,6.0,60,-75.3,18.61,下行,294.94,180.6800000000001,180680.0000000001,,,,False
2025-11-22 09:48:52.471374,1146.47,180.77,9637891.0,6.0,60,-72.48,21.62,下行,295.05,180.77,180770.0,,,,False
2025-11-22 09:48:53.496332,1146.55,180.8499999999999,9637891.0,6.0,60,-71.17,23.32,下行,294.97,180.8499999999999,180849.9999999999,,,,False
2025-11-22 09:48:54.523609,1146.63,180.9300000000001,9637891.0,6.0,60,-70.59,24.48,下行,295.01,180.9300000000001,180930.0000000001,,,,False
2025-11-22 09:48:55.556278,1146.72,181.02,9637891.0,6.0,60,-70.54,24.35,下行,295.06,181.02,181020.0,,,,False
2025-11-22 09:48:56.583987,1146.8,181.0999999999999,9637891.0,6.0,60,-70.17,22.05,下行,294.38,181.0999999999999,181099.9999999999,,,,False
2025-11-22 09:48:57.608695,1146.88,181.1800000000001,9637891.0,6.0,60,-68.48,24.51,下行,293.52,181.1800000000001,181180.0000000001,,,,False
2025-11-22 09:48:58.646341,1146.97,181.27,9637891.0,6.0,60,-69.6,22.53,下行,292.48,181.27,181270.0,,,,False
2025-11-22 09:48:59.668139,1147.05,181.3499999999999,9637891.0,6.0,60,-65.73,25.08,下行,291.53,181.3499999999999,181349.9999999999,,,,False
2025-11-22 09:49:00.693753,1147.13,181.4300000000001,9637891.0,6.0,60,-62.05,26.61,下行,289.88,181.4300000000001,181430.0000000001,,,,False
2025-11-22 09:49:01.722897,1147.22,181.52,9637891.0,6.0,60,-60.56,26.42,下行,288.42,181.52,181520.0,,,,False
2025-11-22 09:49:03.757215,1147.38,181.6800000000001,9637891.0,6.0,60,-57.78,28.37,下行,285.13,181.6800000000001,181680.0000000001,,,,False
2025-11-22 09:49:04.792235,1147.46,181.76,9637891.0,6.0,60,-57.63,27.14,下行,283.59,181.76,181760.0,,,,False
2025-11-22 09:49:05.806484,1147.54,181.8399999999999,9637891.0,6.0,60,-54.33,32.11,下行,282.07,181.8399999999999,181839.99999999988,,,,False
2025-11-22 09:49:06.838313,1147.62,181.9199999999998,9637891.0,6.0,60,-49.42,31.81,下行,280.33,181.9199999999998,181919.9999999998,,,,False
2025-11-22 09:49:07.874280,1147.7,182.0,9637891.0,6.0,60,-46.61,27.62,下行,278.93,182.0,182000.0,,,,False
2025-11-22 09:49:08.893751,1147.78,182.0799999999999,9637891.0,6.0,60,-54.37,24.94,下行,277.53,182.0799999999999,182079.9999999999,,,,False
2025-11-22 09:49:09.918841,1147.85,182.1499999999999,9637891.0,6.0,60,-62.52,23.76,下行,276.12,182.1499999999999,182149.99999999988,,,,False
2025-11-22 09:49:10.947547,1147.94,182.24,9637891.0,6.0,60,-65.83,22.87,下行,275.14,182.24,182240.0,,,,False
2025-11-22 09:49:11.964195,1148.01,182.3099999999999,9637891.0,6.0,60,-65.09,17.1,下行,274.02,182.3099999999999,182309.99999999988,,,,False
2025-11-22 09:49:12.993235,1148.09,182.3899999999999,9637891.0,6.0,60,-61.1,16.37,下行,273.08,182.3899999999999,182389.9999999999,,,,False
2025-11-22 09:49:14.013941,1148.17,182.47,9637891.0,6.0,60,-58.05,19.79,下行,271.99,182.47,182470.0,,,,False
2025-11-22 09:49:15.042689,1148.25,182.55,9637891.0,6.0,60,-59.3,22.48,下行,270.92,182.55,182550.0,,,,False
2025-11-22 09:49:16.066719,1148.32,182.6199999999999,9637891.0,6.0,60,-63.74,20.19,下行,269.83,182.6199999999999,182619.99999999988,,,,False
2025-11-22 09:49:17.093758,1148.4,182.7,9637891.0,6.0,60,-65.15,20.9,下行,268.8,182.7,182700.0,,,,False
2025-11-22 09:49:18.118355,1148.48,182.78,9637891.0,6.0,60,-68.46,17.96,下行,267.78,182.78,182780.0,,,,False
2025-11-22 09:49:19.151563,1148.55,182.8499999999999,9637891.0,6.0,60,-70.99,14.55,下行,266.71,182.8499999999999,182849.9999999999,,,,False
2025-11-22 09:49:20.187156,1148.63,182.9300000000001,9637891.0,6.0,60,-72.83,17.78,下行,265.8,182.9300000000001,182930.0000000001,,,,False
2025-11-22 09:49:21.217687,1148.7,183.0,9637891.0,6.0,60,-74.7,15.55,下行,264.75,183.0,183000.0,,,,False
2025-11-22 09:49:22.243283,1148.79,183.0899999999999,9637891.0,6.0,60,-74.85,17.91,下行,263.51,183.0899999999999,183089.99999999988,,,,False
2025-11-22 09:49:23.271880,1148.86,183.1599999999999,9637891.0,6.0,60,-77.89,13.37,下行,262.52,183.1599999999999,183159.9999999999,,,,False
2025-11-22 09:49:24.308307,1148.93,183.23,9637891.0,6.0,60,-78.77,11.44,下行,261.21,183.23,183230.0,,,,False
2025-11-22 09:49:25.332696,1149.01,183.3099999999999,9637893.0,1.0,121,-78.13,9.58,下行,260.02,183.3099999999999,183309.99999999988,,,,True
2025-11-22 09:49:28.503529,1149.24,183.54,9637893.0,1.0,121,-78.84,10.16,下行,255.95,183.54,183540.0,,,,False
2025-11-22 09:49:29.538602,1149.31,183.6099999999999,9637893.0,1.0,121,-75.84,10.48,下行,254.66,183.6099999999999,183609.9999999999,,,,False
2025-11-22 09:49:30.565800,1149.38,183.6800000000001,9637893.0,1.0,121,-71.96,16.41,下行,253.41,183.6800000000001,183680.0000000001,,,,False
2025-11-22 09:49:31.589672,1149.45,183.75,9637893.0,1.0,121,-70.54,21.47,下行,252.2,183.75,183750.0,,,,False
2025-11-22 09:49:32.626906,1149.52,183.8199999999999,9637893.0,1.0,121,-67.81,14.4,下行,250.71,183.8199999999999,183819.9999999999,,,,False
2025-11-22 09:49:33.665566,1149.6,183.8999999999999,9637893.0,1.0,121,-66.41,17.15,下行,249.4,183.8999999999999,183899.99999999988,,,,False
2025-11-22 09:49:34.731361,1149.67,183.97,9637893.0,1.0,121,-62.95,20.37,下行,248.32,183.97,183970.0,,,,False
2025-11-22 09:49:35.756200,1149.74,184.04,9637893.0,1.0,121,-60.71,19.86,下行,246.81,184.04,184040.0,,,,False
2025-11-22 09:49:36.776264,1149.81,184.1099999999999,9637893.0,1.0,121,-56.72,24.19,下行,245.38,184.1099999999999,184109.9999999999,,,,False
2025-11-22 09:49:37.806371,1149.88,184.1800000000001,9637893.0,1.0,121,-52.68,23.49,下行,244.33,184.1800000000001,184180.0000000001,,,,False
2025-11-22 09:49:38.850777,1149.95,184.25,9637893.0,1.0,121,-52.97,20.99,下行,242.89,184.25,184250.0,,,,False
2025-11-22 09:49:40.871830,1150.09,184.3899999999999,9637893.0,1.0,121,-54.08,25.64,下行,239.84,184.3899999999999,184389.9999999999,,,,False
2025-11-22 09:49:41.907150,1150.15,184.45,9637893.0,1.0,121,-61.81,20.53,下行,238.36,184.45,184450.0,,,,False
2025-11-22 09:49:42.945165,1150.23,184.53,9637893.0,1.0,121,-62.16,21.4,下行,237.16,184.53,184530.0,,,,False
2025-11-22 09:49:43.967933,1150.29,184.5899999999999,9637893.0,1.0,121,-64.88,13.38,下行,235.72,184.5899999999999,184589.99999999988,,,,False
2025-11-22 09:49:44.991181,1150.36,184.6599999999999,9637893.0,1.0,121,-49.03,18.06,下行,234.34,184.6599999999999,184659.9999999999,,,,False
2025-11-22 09:49:46.034087,1150.43,184.73,9637893.0,1.0,121,-54.49,19.24,下行,232.93,184.73,184730.0,,,,False
2025-11-22 09:49:47.058948,1150.49,184.79,9637893.0,1.0,121,-60.1,20.25,下行,231.67,184.79,184790.0,,,,False
2025-11-22 09:49:48.080532,1150.55,184.8499999999999,9637893.0,1.0,121,-55.18,22.58,下行,230.18,184.8499999999999,184849.9999999999,,,,False
2025-11-22 09:49:49.122308,1150.63,184.9300000000001,9637893.0,1.0,121,-60.52,20.5,下行,228.96,184.9300000000001,184930.0000000001,,,,False
2025-11-22 09:49:50.164885,1150.69,184.99,9637893.0,1.0,121,-62.75,20.8,下行,228.07,184.99,184990.0,,,,False
2025-11-22 09:49:51.186856,1150.76,185.0599999999999,9637893.0,1.0,121,-65.05,26.63,下行,226.81,185.0599999999999,185059.99999999988,,,,False
2025-11-22 09:49:52.222768,1150.82,185.1199999999999,9637893.0,1.0,121,-64.36,23.93,下行,225.65,185.1199999999999,185119.99999999988,,,,False
2025-11-22 09:49:53.246395,1150.88,185.1800000000001,9637893.0,1.0,121,-64.9,24.95,下行,224.49,185.1800000000001,185180.0000000001,,,,False
2025-11-22 09:49:54.278425,1150.95,185.25,9637893.0,1.0,121,-67.77,19.01,下行,223.52,185.25,185250.0,,,,False
2025-11-22 09:49:55.297985,1151.01,185.3099999999999,9637893.0,1.0,121,-72.47,17.83,下行,222.28,185.3099999999999,185309.99999999988,,,,False
2025-11-22 09:49:56.326874,1151.07,185.3699999999999,9637893.0,1.0,121,-70.67,23.43,下行,221.33,185.3699999999999,185369.99999999988,,,,False
2025-11-22 09:49:57.358545,1151.14,185.4400000000001,9637893.0,1.0,121,-72.01,18.23,下行,220.13,185.4400000000001,185440.00000000012,,,,False
2025-11-22 09:49:58.380789,1151.2,185.5,9637893.0,1.0,121,-69.78,18.58,下行,219.07,185.5,185500.0,,,,False
2025-11-22 09:49:59.408583,1151.26,185.5599999999999,9637893.0,1.0,121,-72.69,19.7,下行,217.92,185.5599999999999,185559.99999999988,,,,False
2025-11-22 09:50:00.439769,1151.33,185.6299999999999,9637893.0,1.0,121,-74.12,16.3,下行,216.83,185.6299999999999,185629.9999999999,,,,False
2025-11-22 09:50:03.460311,1151.51,185.8099999999999,9637893.0,2.0,121,-74.79,19.02,下行,213.63,185.8099999999999,185809.99999999988,,,,False
2025-11-22 09:50:04.679607,1151.58,185.8799999999999,9637893.0,2.0,122,-73.27,12.48,下行,212.46,185.8799999999999,185879.9999999999,,,,True
2025-11-22 09:50:05.701891,1151.64,185.9400000000001,9637893.0,2.0,122,-72.34,11.91,下行,211.2,185.9400000000001,185940.00000000012,,,,False
2025-11-22 09:50:06.725500,1151.7,186.0,9637893.0,2.0,122,-77.33,9.61,下行,210.15,186.0,186000.0,,,,False
2025-11-22 09:50:07.751185,1151.76,186.0599999999999,9637893.0,2.0,122,-77.34,9.42,下行,208.91,186.0599999999999,186059.99999999988,,,,False
2025-11-22 09:50:08.790157,1151.81,186.1099999999999,9637893.0,2.0,122,-81.52,6.12,下行,207.87,186.1099999999999,186109.9999999999,,,,False
2025-11-22 09:50:09.807567,1151.88,186.1800000000001,9637893.0,2.0,122,-77.62,10.34,下行,207.19,186.1800000000001,186180.0000000001,,,,False
2025-11-22 09:50:10.836568,1151.93,186.23,9637893.0,2.0,122,-75.05,13.27,下行,206.26,186.23,186230.0,,,,False
2025-11-22 09:50:11.866592,1151.99,186.29,9637893.0,2.0,122,-76.03,13.91,下行,205.28,186.29,186290.0,,,,False
2025-11-22 09:50:12.897843,1152.05,186.3499999999999,9637893.0,2.0,122,-74.62,16.86,下行,204.46,186.3499999999999,186349.9999999999,,,,False
2025-11-22 09:50:13.925206,1152.11,186.4099999999999,9637893.0,2.0,122,-74.68,18.96,下行,203.34,186.4099999999999,186409.9999999999,,,,False
2025-11-22 09:50:14.955272,1152.17,186.47,9637893.0,2.0,122,-73.04,20.41,下行,202.55,186.47,186470.0,,,,False
2025-11-22 09:50:15.998589,1152.23,186.53,9637893.0,2.0,122,-69.24,23.32,下行,201.64,186.53,186530.0,,,,False
2025-11-22 09:50:17.017131,1152.28,186.5799999999999,9637893.0,2.0,122,-66.62,24.56,下行,200.81,186.5799999999999,186579.9999999999,,,,False
2025-11-22 09:50:18.045331,1152.34,186.6399999999999,9637893.0,2.0,122,-65.17,25.02,下行,199.73,186.6399999999999,186639.9999999999,,,,False
2025-11-22 09:50:19.077489,1152.4,186.7,9637893.0,2.0,122,-63.7,23.85,下行,198.97,186.7,186700.0,,,,False
2025-11-22 09:50:20.110892,1152.46,186.76,9637893.0,2.0,122,-62.74,25.11,下行,198.19,186.76,186760.0,,,,False
2025-11-22 09:50:21.135861,1152.51,186.8099999999999,9637893.0,2.0,122,-60.86,27.87,下行,197.36,186.8099999999999,186809.99999999988,,,,False
2025-11-22 09:50:22.154632,1152.57,186.8699999999999,9637893.0,2.0,122,-58.72,28.13,下行,196.84,186.8699999999999,186869.99999999988,,,,False
2025-11-22 09:50:23.179674,1152.62,186.9199999999998,9637893.0,2.0,122,-56.45,29.53,下行,196.31,186.9199999999998,186919.9999999998,,,,False
2025-11-22 09:50:24.219006,1152.68,186.98,9637893.0,2.0,122,-51.25,31.98,下行,195.67,186.98,186980.0,,,,False
2025-11-22 09:50:26.250172,1152.79,187.0899999999999,9637893.0,2.0,122,-46.64,32.48,下行,194.72,187.0899999999999,187089.99999999988,,,,False
2025-11-22 09:50:27.279884,1152.85,187.1499999999999,9637893.0,2.0,122,-43.07,35.41,下行,193.96,187.1499999999999,187149.99999999988,,,,False
2025-11-22 09:50:28.301936,1152.9,187.2,9637893.0,2.0,122,-42.73,31.44,下行,193.37,187.2,187200.0,,,,False
2025-11-22 09:50:29.331339,1152.95,187.25,9637893.0,2.0,122,-47.96,29.11,下行,192.83,187.25,187250.0,,,,False
2025-11-22 09:50:30.375295,1153.01,187.3099999999999,9637893.0,2.0,122,-62.83,20.64,下行,192.33,187.3099999999999,187309.99999999988,,,,False
2025-11-22 09:50:31.394238,1153.07,187.3699999999999,9637893.0,2.0,122,-64.74,23.2,下行,191.79,187.3699999999999,187369.99999999988,,,,False
2025-11-22 09:50:32.424897,1153.12,187.4199999999998,9637893.0,2.0,122,-63.68,21.25,下行,191.28,187.4199999999998,187419.9999999998,,,,False
2025-11-22 09:50:33.448163,1153.18,187.48,9637893.0,2.0,122,-61.01,18.19,下行,190.78,187.48,187480.0,,,,False
2025-11-22 09:50:34.477483,1153.23,187.53,9637893.0,2.0,122,-49.51,20.13,下行,190.23,187.53,187530.0,,,,False
2025-11-22 09:50:35.508309,1153.28,187.5799999999999,9637893.0,2.0,122,-45.15,29.07,下行,189.73,187.5799999999999,187579.9999999999,,,,False
2025-11-22 09:50:36.542737,1153.34,187.6399999999999,9637893.0,2.0,122,-47.05,25.93,下行,189.16,187.6399999999999,187639.9999999999,,,,False
2025-11-22 09:50:37.563097,1153.39,187.6900000000001,9637893.0,2.0,122,-50.83,25.75,下行,188.51,187.6900000000001,187690.00000000012,,,,False
2025-11-22 09:50:41.594377,1153.61,187.9099999999999,9637893.0,2.0,122,-59.86,23.82,下行,186.43,187.9099999999999,187909.9999999999,,,,False
2025-11-22 09:50:42.625644,1153.66,187.96,9637893.0,2.0,122,-63.63,21.71,下行,185.91,187.96,187960.0,,,,False
2025-11-22 09:50:43.652095,1153.71,188.01,9637893.0,2.0,122,-66.66,17.87,下行,185.39,188.01,188010.0,,,,False
2025-11-22 09:50:44.678275,1153.76,188.0599999999999,9637893.0,2.0,122,-66.99,21.86,下行,184.78,188.0599999999999,188059.99999999988,,,,False
2025-11-22 09:50:46.712419,1153.86,188.1599999999999,9637893.0,2.0,122,-70.97,19.13,下行,183.64,188.1599999999999,188159.9999999999,,,,False
2025-11-22 09:50:47.756717,1153.92,188.22,9637893.0,2.0,122,-70.21,20.15,下行,183.08,188.22,188220.0,,,,False
2025-11-22 09:50:48.779947,1153.97,188.27,9637893.0,2.0,122,-73.4,15.72,下行,182.54,188.27,188270.0,,,,False
2025-11-22 09:50:49.821691,1154.03,188.3299999999999,9637893.0,2.0,122,-77.35,15.29,下行,181.69,188.3299999999999,188329.9999999999,,,,False
2025-11-22 09:50:50.844478,1154.08,188.3799999999999,9637893.0,2.0,122,-75.42,19.4,下行,180.79,188.3799999999999,188379.9999999999,,,,False
2025-11-22 09:50:51.872574,1154.13,188.4300000000001,9637893.0,2.0,122,-74.47,20.04,下行,179.7,188.4300000000001,188430.0000000001,,,,False
2025-11-22 09:50:52.893614,1154.18,188.48,9637893.0,2.0,122,-74.89,18.43,下行,178.89,188.48,188480.0,,,,False
2025-11-22 09:50:53.918735,1154.23,188.53,9637893.0,2.0,122,-75.59,20.59,下行,177.86,188.53,188530.0,,,,False
2025-11-22 09:50:54.949166,1154.28,188.5799999999999,9637893.0,2.0,122,-75.82,24.6,下行,176.92,188.5799999999999,188579.9999999999,,,,False
2025-11-22 09:50:55.989907,1154.33,188.6299999999999,9637893.0,2.0,122,-76.18,23.7,下行,176.14,188.6299999999999,188629.9999999999,,,,False
2025-11-22 09:50:57.007729,1154.38,188.6800000000001,9637893.0,3.0,123,-76.91,5.48,下行,175.17,188.6800000000001,188680.0000000001,,,,True
2025-11-22 09:50:58.284932,1154.44,188.74,9637893.0,3.0,123,-77.45,6.25,下行,174.24,188.74,188740.0,,,,False
2025-11-22 09:50:59.312197,1154.49,188.79,9637893.0,3.0,123,-79.66,5.34,下行,173.37,188.79,188790.0,,,,False
2025-11-22 09:51:00.349199,1154.54,188.8399999999999,9637893.0,3.0,123,-79.77,5.99,下行,172.58,188.8399999999999,188839.99999999988,,,,False
2025-11-22 09:51:01.366385,1154.59,188.8899999999999,9637893.0,3.0,123,-76.31,9.27,下行,171.82,188.8899999999999,188889.9999999999,,,,False
2025-11-22 09:51:02.402935,1154.64,188.9400000000001,9637893.0,3.0,123,-77.2,8.51,下行,171.13,188.9400000000001,188940.00000000012,,,,False
2025-11-22 09:51:03.416606,1154.69,188.99,9637893.0,3.0,123,-75.47,10.09,下行,170.41,188.99,188990.0,,,,False
2025-11-22 09:51:04.450190,1154.74,189.04,9637893.0,3.0,123,-75.86,11.16,下行,169.63,189.04,189040.0,,,,False
2025-11-22 09:51:05.483050,1154.78,189.0799999999999,9637893.0,3.0,123,-73.76,12.64,下行,168.78,189.0799999999999,189079.9999999999,,,,False
2025-11-22 09:51:06.506786,1154.83,189.1299999999999,9637893.0,3.0,123,-75.81,10.16,下行,167.99,189.1299999999999,189129.9999999999,,,,False
2025-11-22 09:51:07.529895,1154.88,189.1800000000001,9637893.0,3.0,123,-73.82,12.17,下行,166.77,189.1800000000001,189180.0000000001,,,,False
2025-11-22 09:51:08.556166,1154.93,189.23,9637893.0,3.0,123,-73.54,13.54,下行,165.69,189.23,189230.0,,,,False
2025-11-22 09:51:09.585196,1154.97,189.27,9637893.0,3.0,123,-73.74,13.42,下行,164.44,189.27,189270.0,,,,False
2025-11-22 09:51:10.609924,1155.02,189.3199999999999,9637893.0,3.0,123,-72.87,16.12,下行,163.27,189.3199999999999,189319.9999999999,,,,False
2025-11-22 09:51:11.645833,1155.07,189.3699999999999,9637893.0,3.0,123,-74.44,13.87,下行,161.98,189.3699999999999,189369.99999999988,,,,False
2025-11-22 09:51:12.678245,1155.11,189.4099999999999,9637893.0,3.0,123,-74.53,14.78,下行,160.76,189.4099999999999,189409.9999999999,,,,False
2025-11-22 09:51:13.697212,1155.16,189.46,9637893.0,3.0,123,-73.64,18.29,下行,159.53,189.46,189460.0,,,,False
2025-11-22 09:51:16.755082,1155.29,189.5899999999999,9637893.0,3.0,123,-67.09,24.81,下行,155.69,189.5899999999999,189589.99999999988,,,,False
2025-11-22 09:51:17.758755,1155.34,189.6399999999999,9637893.0,3.0,123,-64.0,27.45,下行,154.72,189.6399999999999,189639.9999999999,,,,False
2025-11-22 09:51:18.791016,1155.38,189.6800000000001,9637893.0,3.0,123,-65.59,25.67,下行,153.33,189.6800000000001,189680.0000000001,,,,False
2025-11-22 09:51:19.827663,1155.42,189.72,9637893.0,3.0,123,-67.06,26.34,下行,152.14,189.72,189720.0,,,,False
2025-11-22 09:51:20.860985,1155.47,189.77,9637893.0,3.0,123,-66.8,26.04,下行,151.01,189.77,189770.0,,,,False
2025-11-22 09:51:21.879757,1155.51,189.8099999999999,9637893.0,3.0,123,-67.68,24.59,下行,149.73,189.8099999999999,189809.99999999988,,,,False
2025-11-22 09:51:22.903352,1155.55,189.8499999999999,9637893.0,3.0,123,-64.66,27.33,下行,148.58,189.8499999999999,189849.9999999999,,,,False
2025-11-22 09:51:23.935493,1155.59,189.8899999999999,9637893.0,3.0,123,-63.06,27.08,下行,147.38,189.8899999999999,189889.9999999999,,,,False
2025-11-22 09:51:24.966511,1155.64,189.9400000000001,9637893.0,3.0,123,-62.69,27.85,下行,146.04,189.9400000000001,189940.00000000012,,,,False
2025-11-22 09:51:26.996465,1155.72,190.02,9637893.0,3.0,123,-62.3,29.12,下行,143.95,190.02,190020.0,,,,False
2025-11-22 09:51:28.014236,1155.76,190.0599999999999,9637893.0,3.0,123,-60.95,28.95,下行,143.08,190.0599999999999,190059.99999999988,,,,False
2025-11-22 09:51:29.048868,1155.8,190.0999999999999,9637893.0,3.0,123,-60.92,27.48,下行,141.79,190.0999999999999,190099.9999999999,,,,False
2025-11-22 09:51:30.073916,1155.84,190.1399999999999,9637893.0,3.0,123,-59.18,29.38,下行,140.48,190.1399999999999,190139.9999999999,,,,False
2025-11-22 09:51:31.113235,1155.88,190.1800000000001,9637893.0,3.0,123,-55.38,29.83,下行,139.57,190.1800000000001,190180.0000000001,,,,False
2025-11-22 09:51:32.131948,1155.92,190.22,9637893.0,3.0,123,-53.11,32.24,下行,138.33,190.22,190220.0,,,,False
2025-11-22 09:51:33.169110,1155.96,190.26,9637893.0,3.0,123,-52.58,28.63,下行,137.1,190.26,190260.0,,,,False
2025-11-22 09:51:34.187939,1156.0,190.3,9637893.0,3.0,123,-50.98,28.27,下行,135.83,190.3,190300.0,,,,False
2025-11-22 09:51:35.234620,1156.04,190.3399999999999,9637893.0,3.0,123,-50.79,26.57,下行,134.84,190.3399999999999,190339.99999999988,,,,False
2025-11-22 09:51:36.255618,1156.08,190.3799999999999,9637893.0,3.0,123,-51.59,27.29,下行,133.93,190.3799999999999,190379.9999999999,,,,False
2025-11-22 09:51:37.271857,1156.12,190.4199999999998,9637893.0,3.0,123,-57.47,26.35,下行,133.11,190.4199999999998,190419.9999999998,,,,False
2025-11-22 09:51:38.299724,1156.15,190.45,9637893.0,3.0,123,-59.62,25.99,下行,132.15,190.45,190450.0,,,,False
2025-11-22 09:51:39.326111,1156.19,190.49,9637893.0,3.0,123,-59.0,27.16,下行,131.23,190.49,190490.0,,,,False
2025-11-22 09:51:40.351163,1156.23,190.53,9637893.0,3.0,123,-64.66,24.63,下行,130.31,190.53,190530.0,,,,False
2025-11-22 09:51:41.372517,1156.26,190.5599999999999,9637893.0,3.0,123,-62.16,29.48,下行,129.28,190.5599999999999,190559.99999999988,,,,False
2025-11-22 09:51:42.404581,1156.3,190.5999999999999,9637893.0,3.0,123,-64.2,24.72,下行,128.28,190.5999999999999,190599.9999999999,,,,False
2025-11-22 09:51:43.430170,1156.34,190.6399999999999,9637893.0,3.0,123,-63.65,22.78,下行,127.32,190.6399999999999,190639.9999999999,,,,False
2025-11-22 09:51:44.469196,1156.37,190.6699999999998,9637893.0,3.0,123,-63.83,22.16,下行,126.4,190.6699999999998,190669.9999999998,,,,False
2025-11-22 09:51:47.482494,1156.48,190.78,9637893.0,3.0,123,-62.58,22.21,下行,123.51,190.78,190780.0,,,,False
2025-11-22 09:51:48.518182,1156.51,190.8099999999999,9637893.0,3.0,123,-61.58,22.08,下行,122.58,190.8099999999999,190809.99999999988,,,,False
2025-11-22 09:51:49.536642,1156.55,190.8499999999999,9637893.0,3.0,123,-60.74,21.75,下行,121.83,190.8499999999999,190849.9999999999,,,,False
2025-11-22 09:51:50.566264,1156.59,190.8899999999999,9637893.0,3.0,123,-60.73,24.18,下行,121.29,190.8899999999999,190889.9999999999,,,,False
2025-11-22 09:51:52.590099,1156.65,190.95,9637893.0,3.0,123,-62.71,22.8,下行,120.05,190.95,190950.0,,,,False
2025-11-22 09:51:53.613546,1156.68,190.98,9637893.0,3.0,123,-62.65,22.73,下行,119.61,190.98,190980.0,,,,False
2025-11-22 09:51:54.646919,1156.72,191.02,9637893.0,3.0,123,-62.53,22.85,下行,119.12,191.02,191020.0,,,,False
2025-11-22 09:51:55.673482,1156.75,191.05,9637893.0,3.0,123,-64.01,23.04,下行,118.52,191.05,191050.0,,,,False
2025-11-22 09:51:56.699801,1156.79,191.0899999999999,9637893.0,3.0,123,-65.0,22.52,下行,117.89,191.0899999999999,191089.99999999988,,,,False
2025-11-22 09:51:57.716151,1156.82,191.1199999999999,9637893.0,3.0,123,-67.2,21.44,下行,117.39,191.1199999999999,191119.99999999988,,,,False
2025-11-22 09:51:58.735961,1156.85,191.1499999999999,9637893.0,3.0,123,-67.97,24.36,下行,116.92,191.1499999999999,191149.99999999988,,,,False
2025-11-22 09:51:59.768757,1156.89,191.1900000000001,9637893.0,3.0,123,-68.49,23.58,下行,116.83,191.1900000000001,191190.00000000012,,,,False
2025-11-22 09:52:00.792717,1156.92,191.22,9637893.0,3.0,123,-70.31,22.19,下行,116.76,191.22,191220.0,,,,False
2025-11-22 09:52:01.825828,1156.95,191.25,9637893.0,3.0,123,-69.11,22.79,下行,116.65,191.25,191250.0,,,,False
2025-11-22 09:52:02.845272,1156.99,191.29,9637893.0,3.0,123,-72.9,21.11,下行,116.47,191.29,191290.0,,,,False
2025-11-22 09:52:03.887836,1157.02,191.3199999999999,9637893.0,3.0,123,-73.2,20.29,下行,116.42,191.3199999999999,191319.9999999999,,,,False
2025-11-22 09:52:08.915469,1157.18,191.48,9637893.0,3.0,123,-72.85,21.17,下行,115.97,191.48,191480.0,,,,False
2025-11-22 09:52:09.927666,1157.22,191.52,9637893.0,3.0,123,-72.72,20.36,下行,116.08,191.52,191520.0,,,,False
2025-11-22 09:52:10.966790,1157.25,191.55,9637893.0,3.0,123,-72.45,20.36,下行,116.12,191.55,191550.0,,,,False
2025-11-22 09:52:11.980287,1157.28,191.5799999999999,9637893.0,3.0,123,-74.37,8.61,下行,116.19,191.5799999999999,191579.9999999999,,,,False
2025-11-22 09:52:13.007487,1157.32,191.6199999999999,9637893.0,3.0,123,-75.55,5.73,下行,116.21,191.6199999999999,191619.99999999988,,,,False
2025-11-22 09:52:14.036169,1157.35,191.6499999999999,9637893.0,3.0,123,-74.94,9.09,下行,116.17,191.6499999999999,191649.99999999988,,,,False
2025-11-22 09:52:15.061112,1157.38,191.6800000000001,9637893.0,3.0,123,-74.32,8.55,下行,116.33,191.6800000000001,191680.0000000001,,,,False
2025-11-22 09:52:16.100205,1157.42,191.72,9637893.0,3.0,123,-74.73,8.11,下行,116.27,191.72,191720.0,,,,False
2025-11-22 09:52:17.116787,1157.45,191.75,9637893.0,3.0,123,-74.65,9.16,下行,116.1,191.75,191750.0,,,,False
2025-11-22 09:52:18.157848,1157.48,191.78,9637893.0,3.0,123,-73.54,11.05,下行,116.39,191.78,191780.0,,,,False
2025-11-22 09:52:21.179750,1157.58,191.8799999999999,9637893.0,3.0,123,-72.01,13.26,下行,116.26,191.8799999999999,191879.9999999999,,,,False
2025-11-22 09:52:22.217169,1157.61,191.9099999999999,9637893.0,3.0,123,-71.32,17.99,下行,116.42,191.9099999999999,191909.9999999999,,,,False
2025-11-22 09:52:23.233860,1157.65,191.95,9637893.0,3.0,123,-71.36,14.21,下行,116.25,191.95,191950.0,,,,False
2025-11-22 09:52:24.265293,1157.68,191.98,9637893.0,3.0,123,-70.86,13.36,下行,116.23,191.98,191980.0,,,,False
2025-11-22 09:52:25.293296,1157.71,192.01,9637893.0,3.0,123,-71.02,17.05,下行,116.27,192.01,192010.0,,,,False
2025-11-22 09:52:26.322856,1157.75,192.05,9637893.0,3.0,123,-72.84,17.62,下行,116.23,192.05,192050.0,,,,False
2025-11-22 09:52:27.345795,1157.78,192.0799999999999,9637893.0,3.0,123,-73.04,20.01,下行,116.06,192.0799999999999,192079.9999999999,,,,False
2025-11-22 09:52:28.374848,1157.81,192.1099999999999,9637893.0,3.0,123,-75.09,15.97,下行,116.05,192.1099999999999,192109.9999999999,,,,False
2025-11-22 09:52:29.406549,1157.84,192.1399999999999,9637893.0,3.0,123,-75.21,18.37,下行,115.96,192.1399999999999,192139.9999999999,,,,False
2025-11-22 09:52:30.433873,1157.88,192.1800000000001,9637893.0,3.0,123,-73.91,15.02,下行,116.06,192.1800000000001,192180.0000000001,,,,False
2025-11-22 09:52:31.467021,1157.91,192.21,9637893.0,3.0,123,-74.97,8.96,下行,115.93,192.21,192210.0,,,,False
2025-11-22 09:52:32.491659,1157.94,192.24,9637893.0,3.0,123,-74.65,14.24,下行,115.69,192.24,192240.0,,,,False
2025-11-22 09:52:33.514266,1157.98,192.28,9637893.0,3.0,123,-71.09,21.31,下行,115.9,192.28,192280.0,,,,False
2025-11-22 09:52:34.539388,1158.01,192.3099999999999,9637893.0,3.0,123,-70.43,19.07,下行,115.93,192.3099999999999,192309.99999999988,,,,False
2025-11-22 09:52:35.575226,1158.04,192.3399999999999,9637893.0,3.0,123,-71.58,14.54,下行,115.86,192.3399999999999,192339.99999999988,,,,False
2025-11-22 09:52:36.597655,1158.08,192.3799999999999,9637893.0,3.0,123,-70.01,17.77,下行,115.67,192.3799999999999,192379.9999999999,,,,False
2025-11-22 09:52:37.635507,1158.11,192.4099999999999,9637893.0,3.0,123,-69.28,20.35,下行,115.52,192.4099999999999,192409.9999999999,,,,False
2025-11-22 09:52:38.667468,1158.14,192.4400000000001,9637893.0,3.0,123,-68.47,17.05,下行,115.12,192.4400000000001,192440.00000000012,,,,False
2025-11-22 09:52:39.691136,1158.18,192.48,9637893.0,3.0,123,-70.37,18.92,下行,115.41,192.48,192480.0,,,,False
2025-11-22 09:52:40.714105,1158.21,192.51,9637893.0,3.0,123,-69.43,20.13,下行,115.19,192.51,192510.0,,,,False
2025-11-22 09:52:41.749037,1158.24,192.54,9637893.0,3.0,123,-68.36,23.46,下行,114.91,192.54,192540.0,,,,False
2025-11-22 09:52:42.768048,1158.27,192.5699999999999,9637893.0,3.0,123,-68.77,20.27,下行,115.06,192.5699999999999,192569.9999999999,,,,False
2025-11-22 09:52:43.814421,1158.31,192.6099999999999,9637893.0,3.0,123,-67.81,22.44,下行,114.74,192.6099999999999,192609.9999999999,,,,False
2025-11-22 09:52:44.841250,1158.34,192.6399999999999,9637893.0,3.0,123,-67.11,21.37,下行,114.79,192.6399999999999,192639.9999999999,,,,False
2025-11-22 09:52:45.880982,1158.37,192.6699999999998,9637893.0,3.0,123,-67.1,22.1,下行,114.65,192.6699999999998,192669.9999999998,,,,False
2025-11-22 09:52:46.900985,1158.4,192.7,9637893.0,3.0,123,-67.18,20.68,下行,114.38,192.7,192700.0,,,,False
2025-11-22 09:52:47.930226,1158.44,192.74,9637893.0,3.0,123,-68.0,18.24,下行,114.32,192.74,192740.0,,,,False
2025-11-22 09:52:49.985354,1158.5,192.8,9637893.0,3.0,123,-69.66,14.2,下行,114.19,192.8,192800.0,,,,False
2025-11-22 09:52:51.008651,1158.54,192.8399999999999,9637893.0,3.0,123,-67.73,12.66,下行,113.97,192.8399999999999,192839.99999999988,,,,False
2025-11-22 09:52:52.030278,1158.57,192.8699999999999,9637893.0,3.0,123,-65.28,18.38,下行,113.91,192.8699999999999,192869.99999999988,,,,False
2025-11-22 09:52:54.061925,1158.63,192.9300000000001,9637893.0,3.0,123,-67.53,15.16,下行,113.57,192.9300000000001,192930.0000000001,,,,False
2025-11-22 09:52:55.084452,1158.67,192.97,9637893.0,3.0,123,-68.04,19.76,下行,113.56,192.97,192970.0,,,,False
2025-11-22 09:52:56.114160,1158.7,193.0,9637893.0,3.0,123,-68.57,16.52,下行,113.41,193.0,193000.0,,,,False
2025-11-22 09:52:57.143345,1158.73,193.03,9637893.0,3.0,123,-70.64,12.29,下行,113.31,193.03,193030.0,,,,False
2025-11-22 09:52:58.168763,1158.76,193.0599999999999,9637893.0,3.0,123,-72.48,3.66,下行,113.19,193.0599999999999,193059.99999999988,,,,False
2025-11-22 09:53:00.200486,1158.83,193.1299999999999,9637893.0,5.0,125,-69.96,4.1,下行,113.51,193.1299999999999,193129.9999999999,,,,True
2025-11-22 09:53:01.485433,1158.87,193.1699999999998,9637893.0,5.0,125,-67.33,5.09,下行,114.14,193.1699999999998,193169.9999999998,,,,False
2025-11-22 09:53:02.513504,1158.9,193.2,9637893.0,5.0,125,-67.54,6.12,下行,114.87,193.2,193200.0,,,,False
2025-11-22 09:53:04.548734,1158.97,193.27,9637893.0,5.0,125,-66.37,7.38,下行,115.15,193.27,193270.0,,,,False
2025-11-22 09:53:05.570746,1159.0,193.3,9637893.0,5.0,125,-63.72,8.07,下行,115.17,193.3,193300.0,,,,False
2025-11-22 09:53:06.599638,1159.03,193.3299999999999,9637893.0,5.0,125,-65.02,8.56,下行,115.08,193.3299999999999,193329.9999999999,,,,False
2025-11-22 09:53:07.626474,1159.06,193.3599999999999,9637893.0,5.0,125,-66.63,8.15,下行,115.09,193.3599999999999,193359.9999999999,,,,False
2025-11-22 09:53:08.651811,1159.1,193.3999999999999,9637893.0,5.0,125,-63.01,9.52,下行,115.13,193.3999999999999,193399.99999999988,,,,False
2025-11-22 09:53:09.677035,1159.13,193.4300000000001,9637893.0,5.0,125,-65.24,7.75,下行,115.18,193.4300000000001,193430.0000000001,,,,False
2025-11-22 09:53:10.701123,1159.16,193.46,9637893.0,5.0,125,-67.79,9.2,下行,114.96,193.46,193460.0,,,,False
2025-11-22 09:53:11.736871,1159.19,193.49,9637893.0,5.0,125,-64.72,10.73,下行,115.16,193.49,193490.0,,,,False
2025-11-22 09:53:12.762132,1159.23,193.53,9637893.0,5.0,125,-64.41,12.68,下行,115.06,193.53,193530.0,,,,False
2025-11-22 09:53:13.788418,1159.26,193.5599999999999,9637893.0,5.0,125,-62.22,20.51,下行,115.25,193.5599999999999,193559.99999999988,,,,False
2025-11-22 09:53:14.832521,1159.29,193.5899999999999,9637893.0,5.0,125,-62.57,17.51,下行,115.25,193.5899999999999,193589.99999999988,,,,False
2025-11-22 09:53:15.856072,1159.32,193.6199999999999,9637893.0,5.0,125,-61.95,19.94,下行,115.18,193.6199999999999,193619.99999999988,,,,False
2025-11-22 09:53:16.880264,1159.36,193.6599999999999,9637893.0,5.0,125,-56.58,25.66,下行,115.31,193.6599999999999,193659.9999999999,,,,False
2025-11-22 09:53:17.911453,1159.39,193.6900000000001,9637893.0,5.0,125,-54.51,25.12,下行,115.3,193.6900000000001,193690.00000000012,,,,False
2025-11-22 09:53:18.930749,1159.42,193.72,9637893.0,5.0,125,-53.08,27.88,下行,115.32,193.72,193720.0,,,,False
2025-11-22 09:53:19.962651,1159.46,193.76,9637893.0,5.0,125,-49.34,29.43,下行,115.4,193.76,193760.0,,,,False
2025-11-22 09:53:20.988748,1159.49,193.79,9637893.0,5.0,125,-50.43,29.36,下行,115.45,193.79,193790.0,,,,False
2025-11-22 09:53:22.007920,1159.52,193.8199999999999,9637893.0,5.0,125,-49.56,27.87,下行,115.3,193.8199999999999,193819.9999999999,,,,False
2025-11-22 09:53:23.042026,1159.55,193.8499999999999,9637893.0,5.0,125,-49.6,30.18,下行,115.46,193.8499999999999,193849.9999999999,,,,False
2025-11-22 09:53:24.073053,1159.59,193.8899999999999,9637893.0,5.0,125,-52.67,25.55,下行,115.64,193.8899999999999,193889.9999999999,,,,False
2025-11-22 09:53:25.096990,1159.62,193.9199999999998,9637893.0,5.0,125,-58.75,21.29,下行,115.56,193.9199999999998,193919.9999999998,,,,False
2025-11-22 09:53:26.123908,1159.66,193.96,9637893.0,5.0,125,-65.1,18.47,下行,115.54,193.96,193960.0,,,,False
2025-11-22 09:53:27.139694,1159.69,193.99,9637893.0,5.0,125,-67.58,18.01,下行,115.44,193.99,193990.0,,,,False
2025-11-22 09:53:29.173284,1159.75,194.05,9637893.0,5.0,125,-64.74,20.53,下行,115.45,194.05,194050.0,,,,False
2025-11-22 09:53:31.198050,1159.82,194.1199999999999,9637893.0,5.0,125,-58.64,25.25,下行,115.53,194.1199999999999,194119.99999999988,,,,False
2025-11-22 09:53:32.222633,1159.85,194.1499999999999,9637893.0,5.0,125,-64.19,22.39,下行,115.46,194.1499999999999,194149.99999999988,,,,False
2025-11-22 09:53:33.258884,1159.88,194.1800000000001,9637893.0,5.0,125,-70.35,13.5,下行,115.37,194.1800000000001,194180.0000000001,,,,False
2025-11-22 09:53:34.294633,1159.92,194.22,9637893.0,5.0,125,-68.84,19.52,下行,115.29,194.22,194220.0,,,,False
2025-11-22 09:53:35.333300,1159.95,194.25,9637893.0,5.0,125,-71.18,13.69,下行,115.12,194.25,194250.0,,,,False
2025-11-22 09:53:36.355800,1159.98,194.28,9637893.0,5.0,125,-70.36,12.4,下行,114.92,194.28,194280.0,,,,False
2025-11-22 09:53:37.389351,1160.02,194.3199999999999,9637893.0,5.0,125,-69.87,12.2,下行,114.79,194.3199999999999,194319.9999999999,,,,False
2025-11-22 09:53:38.414706,1160.05,194.3499999999999,9637893.0,5.0,125,-70.9,11.88,下行,114.77,194.3499999999999,194349.9999999999,,,,False
2025-11-22 09:53:39.435333,1160.08,194.3799999999999,9637893.0,5.0,125,-71.57,13.14,下行,114.65,194.3799999999999,194379.9999999999,,,,False
2025-11-22 09:53:40.476408,1160.11,194.4099999999999,9637893.0,5.0,125,-72.55,12.77,下行,114.61,194.4099999999999,194409.9999999999,,,,False
2025-11-22 09:53:42.504677,1160.18,194.48,9637893.0,5.0,125,-74.14,11.13,下行,114.61,194.48,194480.0,,,,False
2025-11-22 09:53:43.526685,1160.21,194.51,9637893.0,5.0,125,-75.19,9.69,下行,114.8,194.51,194510.0,,,,False
2025-11-22 09:53:44.554877,1160.24,194.54,9637893.0,5.0,125,-75.13,7.27,下行,115.03,194.54,194540.0,,,,False
2025-11-22 09:53:45.587482,1160.28,194.5799999999999,9637893.0,5.0,125,-77.57,2.61,下行,115.1,194.5799999999999,194579.9999999999,,,,False
2025-11-22 09:53:46.610472,1160.31,194.6099999999999,9637893.0,6.0,126,-75.45,6.11,下行,115.25,194.6099999999999,194609.9999999999,,,,True
2025-11-22 09:53:47.820056,1160.35,194.6499999999999,9637893.0,6.0,126,-74.39,5.5,下行,115.1,194.6499999999999,194649.99999999988,,,,False
2025-11-22 09:53:48.842911,1160.38,194.6800000000001,9637893.0,6.0,126,-74.05,7.07,下行,115.11,194.6800000000001,194680.0000000001,,,,False
2025-11-22 09:53:49.864663,1160.41,194.71,9637893.0,6.0,126,-72.88,7.98,下行,115.23,194.71,194710.0,,,,False
2025-11-22 09:53:50.887739,1160.45,194.75,9637893.0,6.0,126,-73.67,6.83,下行,115.13,194.75,194750.0,,,,False
2025-11-22 09:53:51.927940,1160.48,194.78,9637893.0,6.0,126,-73.33,7.77,下行,115.25,194.78,194780.0,,,,False
2025-11-22 09:53:52.950536,1160.51,194.8099999999999,9637893.0,6.0,126,-70.89,10.37,下行,115.19,194.8099999999999,194809.99999999988,,,,False
2025-11-22 09:53:53.988885,1160.55,194.8499999999999,9637893.0,6.0,126,-71.08,9.84,下行,115.28,194.8499999999999,194849.9999999999,,,,False
2025-11-22 09:53:54.996397,1160.58,194.8799999999999,9637893.0,6.0,126,-71.03,11.21,下行,115.29,194.8799999999999,194879.9999999999,,,,False
2025-11-22 09:53:56.032507,1160.61,194.9099999999999,9637893.0,6.0,126,-69.37,12.0,下行,115.42,194.9099999999999,194909.9999999999,,,,False
2025-11-22 09:53:57.053420,1160.64,194.9400000000001,9637893.0,6.0,126,-69.21,12.1,下行,115.43,194.9400000000001,194940.00000000012,,,,False
2025-11-22 09:53:58.092120,1160.68,194.98,9637893.0,6.0,126,-69.43,10.39,下行,115.39,194.98,194980.0,,,,False
2025-11-22 09:53:59.114796,1160.71,195.01,9637893.0,6.0,126,-67.54,13.4,下行,115.51,195.01,195010.0,,,,False
2025-11-22 09:54:00.136652,1160.74,195.04,9637893.0,6.0,126,-67.03,18.17,下行,115.4,195.04,195040.0,,,,False
2025-11-22 09:54:01.188709,1160.78,195.0799999999999,9637893.0,6.0,126,-66.94,20.82,下行,114.71,195.0799999999999,195079.9999999999,,,,False
2025-11-22 09:54:02.193511,1160.81,195.1099999999999,9637893.0,6.0,126,-65.83,15.09,下行,112.88,195.1099999999999,195109.9999999999,,,,False
2025-11-22 09:54:03.231746,1160.84,195.1399999999999,9637893.0,6.0,126,-65.69,16.04,下行,110.52,195.1399999999999,195139.9999999999,,,,False
2025-11-22 09:54:04.252838,1160.87,195.1699999999998,9637893.0,6.0,126,-65.51,16.3,下行,108.44,195.1699999999998,195169.9999999998,,,,False
2025-11-22 09:54:05.288439,1160.9,195.2,9637893.0,6.0,126,-66.62,15.18,下行,106.91,195.2,195200.0,,,,False
2025-11-22 09:54:08.319571,1160.99,195.29,9637893.0,6.0,126,-65.6,22.94,下行,102.96,195.29,195290.0,,,,False
2025-11-22 09:54:09.350960,1161.02,195.3199999999999,9637893.0,6.0,126,-65.32,21.41,下行,102.17,195.3199999999999,195319.9999999999,,,,False
2025-11-22 09:54:10.377682,1161.05,195.3499999999999,9637893.0,6.0,126,-65.45,21.69,下行,101.94,195.3499999999999,195349.9999999999,,,,False
2025-11-22 09:54:11.415145,1161.08,195.3799999999999,9637893.0,6.0,126,-65.71,23.12,下行,101.55,195.3799999999999,195379.9999999999,,,,False
2025-11-22 09:54:12.450424,1161.11,195.4099999999999,9637893.0,6.0,126,-65.17,21.75,下行,101.07,195.4099999999999,195409.9999999999,,,,False
2025-11-22 09:54:13.456573,1161.14,195.4400000000001,9637893.0,6.0,126,-66.03,17.92,下行,100.88,195.4400000000001,195440.00000000012,,,,False
2025-11-22 09:54:14.477298,1161.16,195.46,9637893.0,6.0,126,-62.16,22.07,下行,100.54,195.46,195460.0,,,,False
2025-11-22 09:54:15.497874,1161.19,195.49,9637893.0,6.0,126,-63.42,22.86,下行,100.05,195.49,195490.0,,,,False
2025-11-22 09:54:16.519043,1161.22,195.52,9637893.0,6.0,126,-62.15,24.65,下行,99.8,195.52,195520.0,,,,False
2025-11-22 09:54:17.555276,1161.25,195.55,9637893.0,6.0,126,-62.26,21.36,下行,99.54,195.55,195550.0,,,,False
2025-11-22 09:54:18.576960,1161.28,195.5799999999999,9637893.0,6.0,126,-60.32,22.25,下行,99.14,195.5799999999999,195579.9999999999,,,,False
2025-11-22 09:54:19.596523,1161.31,195.6099999999999,9637893.0,6.0,126,-59.17,22.7,下行,98.79,195.6099999999999,195609.9999999999,,,,False
2025-11-22 09:54:20.634255,1161.33,195.6299999999999,9637893.0,6.0,126,-57.22,26.46,下行,98.43,195.6299999999999,195629.9999999999,,,,False
2025-11-22 09:54:22.662401,1161.39,195.6900000000001,9637893.0,6.0,126,-59.44,24.02,下行,97.74,195.6900000000001,195690.00000000012,,,,False
2025-11-22 09:54:23.685027,1161.42,195.72,9637893.0,6.0,126,-53.11,28.19,下行,97.43,195.72,195720.0,,,,False
2025-11-22 09:54:24.721615,1161.45,195.75,9637893.0,6.0,126,-53.76,29.1,下行,97.03,195.75,195750.0,,,,False
2025-11-22 09:54:25.743940,1161.47,195.77,9637893.0,6.0,126,-49.54,31.36,下行,96.93,195.77,195770.0,,,,False
2025-11-22 09:54:26.780371,1161.5,195.8,9637893.0,6.0,126,-48.54,32.56,下行,96.47,195.8,195800.0,,,,False
2025-11-22 09:54:27.817523,1161.53,195.8299999999999,9637893.0,6.0,126,-46.86,31.01,下行,96.05,195.8299999999999,195829.9999999999,,,,False
2025-11-22 09:54:28.837166,1161.56,195.8599999999999,9637893.0,6.0,126,-45.61,31.1,下行,95.67,195.8599999999999,195859.9999999999,,,,False
2025-11-22 09:54:29.858455,1161.58,195.8799999999999,9637893.0,6.0,126,-43.7,34.54,下行,95.37,195.8799999999999,195879.9999999999,,,,False
2025-11-22 09:54:30.881896,1161.61,195.9099999999999,9637893.0,6.0,126,-42.59,34.5,下行,94.85,195.9099999999999,195909.9999999999,,,,False
2025-11-22 09:54:31.903787,1161.64,195.9400000000001,9637893.0,6.0,126,-45.35,33.47,下行,94.67,195.9400000000001,195940.00000000012,,,,False
2025-11-22 09:54:32.942129,1161.66,195.96,9637893.0,6.0,126,-46.14,30.4,下行,94.25,195.96,195960.0,,,,False
2025-11-22 09:54:33.963371,1161.69,195.99,9637893.0,6.0,126,-61.5,20.67,下行,94.01,195.99,195990.0,,,,False
2025-11-22 09:54:34.984570,1161.72,196.02,9637893.0,6.0,126,-62.54,19.63,下行,93.96,196.02,196020.0,,,,False
2025-11-22 09:54:36.022847,1161.74,196.04,9637893.0,6.0,126,-63.83,23.28,下行,94.05,196.04,196040.0,,,,False
2025-11-22 09:54:37.062137,1161.77,196.0699999999999,9637893.0,6.0,126,-61.27,24.32,下行,94.2,196.0699999999999,196069.9999999999,,,,False
2025-11-22 09:54:40.079323,1161.85,196.1499999999999,9637893.0,6.0,126,-62.99,22.58,下行,94.53,196.1499999999999,196149.99999999988,,,,False
2025-11-22 09:54:41.115533,1161.88,196.1800000000001,9637893.0,6.0,126,-63.94,18.12,下行,94.68,196.1800000000001,196180.0000000001,,,,False
2025-11-22 09:54:42.136079,1161.9,196.2,9637893.0,6.0,126,-64.15,18.9,下行,94.63,196.2,196200.0,,,,False
2025-11-22 09:54:43.173263,1161.93,196.23,9637893.0,6.0,126,-63.22,19.62,下行,94.76,196.23,196230.0,,,,False
2025-11-22 09:54:44.194556,1161.96,196.26,9637893.0,6.0,126,-66.29,18.01,下行,94.95,196.26,196260.0,,,,False
2025-11-22 09:54:45.231351,1161.99,196.29,9637893.0,6.0,126,-65.39,19.61,下行,94.88,196.29,196290.0,,,,False
2025-11-22 09:54:46.253494,1162.01,196.3099999999999,9637893.0,6.0,126,-63.37,21.71,下行,94.85,196.3099999999999,196309.99999999988,,,,False
2025-11-22 09:54:47.289230,1162.04,196.3399999999999,9637893.0,6.0,126,-60.74,23.85,下行,95.04,196.3399999999999,196339.99999999988,,,,False
2025-11-22 09:54:48.310657,1162.07,196.3699999999999,9637893.0,6.0,126,-57.18,26.14,下行,94.98,196.3699999999999,196369.99999999988,,,,False
2025-11-22 09:54:49.348052,1162.09,196.3899999999999,9637893.0,6.0,126,-60.77,22.22,下行,95.11,196.3899999999999,196389.9999999999,,,,False
2025-11-22 09:54:50.368894,1162.12,196.4199999999998,9637893.0,6.0,126,-65.11,20.9,下行,95.02,196.4199999999998,196419.9999999998,,,,False
2025-11-22 09:54:51.391757,1162.15,196.45,9637893.0,6.0,126,-63.56,21.89,下行,95.13,196.45,196450.0,,,,False
2025-11-22 09:54:53.421406,1162.2,196.5,9637893.0,6.0,126,-64.67,23.38,下行,94.94,196.5,196500.0,,,,False
2025-11-22 09:54:54.458671,1162.23,196.53,9637893.0,6.0,126,-63.39,24.15,下行,95.07,196.53,196530.0,,,,False
2025-11-22 09:54:55.479223,1162.26,196.5599999999999,9637893.0,6.0,126,-67.77,22.5,下行,94.53,196.5599999999999,196559.99999999988,,,,False
2025-11-22 09:54:56.502155,1162.28,196.5799999999999,9637893.0,6.0,126,-67.29,22.15,下行,93.01,196.5799999999999,196579.9999999999,,,,False
2025-11-22 09:54:57.522347,1162.31,196.6099999999999,9637893.0,6.0,126,-69.51,21.27,下行,91.09,196.6099999999999,196609.9999999999,,,,False
2025-11-22 09:54:58.552248,1162.33,196.6299999999999,9637893.0,6.0,126,-68.96,23.59,下行,89.27,196.6299999999999,196629.9999999999,,,,False
2025-11-22 09:54:59.582403,1162.36,196.6599999999999,9637893.0,6.0,126,-70.53,22.03,下行,86.83,196.6599999999999,196659.9999999999,,,,False
2025-11-22 09:55:00.605556,1162.38,196.6800000000001,9637893.0,6.0,126,-72.21,22.22,下行,84.83,196.6800000000001,196680.0000000001,,,,False
2025-11-22 09:55:01.629220,1162.41,196.71,9637893.0,6.0,126,-69.03,21.74,下行,82.94,196.71,196710.0,,,,False
2025-11-22 09:55:02.658278,1162.43,196.73,9637893.0,6.0,126,-71.79,25.77,下行,81.04,196.73,196730.0,,,,False
2025-11-22 09:55:03.686920,1162.46,196.76,9637893.0,6.0,126,-73.96,22.25,下行,79.0,196.76,196760.0,,,,False
2025-11-22 09:55:04.709038,1162.48,196.78,9637893.0,6.0,126,-72.45,22.94,下行,76.82,196.78,196780.0,,,,False
2025-11-22 09:55:05.730634,1162.5,196.8,9637893.0,6.0,126,-73.03,24.74,下行,74.79,196.8,196800.0,,,,False
2025-11-22 09:55:06.766978,1162.52,196.8199999999999,9637893.0,6.0,126,-73.3,21.55,下行,72.84,196.8199999999999,196819.9999999999,,,,False
2025-11-22 09:55:07.810583,1162.54,196.8399999999999,9637893.0,6.0,126,-73.87,26.18,下行,70.79,196.8399999999999,196839.99999999988,,,,False
2025-11-22 09:55:08.813907,1162.56,196.8599999999999,9637893.0,6.0,126,-74.97,24.14,下行,68.51,196.8599999999999,196859.9999999999,,,,False
2025-11-22 09:55:09.834984,1162.58,196.8799999999999,9637893.0,6.0,126,-73.79,24.75,下行,66.71,196.8799999999999,196879.9999999999,,,,False
2025-11-22 09:55:11.862601,1162.62,196.9199999999998,9637893.0,6.0,126,-73.23,26.97,下行,63.35,196.9199999999998,196919.9999999998,,,,False
2025-11-22 09:55:12.901587,1162.64,196.9400000000001,9637893.0,6.0,126,-72.24,26.93,下行,61.28,196.9400000000001,196940.00000000012,,,,False
2025-11-22 09:55:13.925277,1162.65,196.95,9637893.0,6.0,126,-73.32,24.14,下行,59.28,196.95,196950.0,,,,False
2025-11-22 09:55:14.947730,1162.67,196.97,9637893.0,6.0,126,-71.59,27.25,下行,57.21,196.97,196970.0,,,,False
2025-11-22 09:55:15.986029,1162.68,196.98,9637893.0,6.0,126,-72.16,26.44,下行,55.16,196.98,196980.0,,,,False
2025-11-22 09:55:19.020018,1162.73,197.03,9637893.0,6.0,126,-73.73,26.1,下行,48.93,197.03,197030.0,,,,False
2025-11-22 09:55:20.041998,1162.74,197.04,9637893.0,6.0,126,-74.63,25.31,下行,46.91,197.04,197040.0,,,,False
2025-11-22 09:55:21.079588,1162.75,197.05,9637893.0,6.0,126,-74.34,27.88,下行,45.47,197.05,197050.0,,,,False
2025-11-22 09:55:22.102625,1162.77,197.0699999999999,9637893.0,6.0,126,-75.03,26.61,下行,44.03,197.0699999999999,197069.9999999999,,,,False
2025-11-22 09:55:23.141952,1162.78,197.0799999999999,9637893.0,6.0,126,-74.25,26.22,下行,42.36,197.0799999999999,197079.9999999999,,,,False
2025-11-22 09:55:24.164017,1162.79,197.0899999999999,9637893.0,6.0,126,-73.44,25.89,下行,40.76,197.0899999999999,197089.99999999988,,,,False
2025-11-22 09:55:25.201911,1162.8,197.0999999999999,9637893.0,6.0,126,-75.57,27.07,下行,39.39,197.0999999999999,197099.9999999999,,,,False
2025-11-22 09:55:26.224940,1162.81,197.1099999999999,9637893.0,6.0,126,-78.54,24.14,下行,38.18,197.1099999999999,197109.9999999999,,,,False
2025-11-22 09:55:27.262640,1162.82,197.1199999999999,9637893.0,6.0,126,-76.27,28.96,下行,36.98,197.1199999999999,197119.99999999988,,,,False
2025-11-22 09:55:28.313886,1162.84,197.1399999999999,9637893.0,6.0,126,-75.95,28.12,下行,35.76,197.1399999999999,197139.9999999999,,,,False
2025-11-22 09:55:29.349725,1162.85,197.1499999999999,9637893.0,6.0,126,-76.07,29.72,下行,34.86,197.1499999999999,197149.99999999988,,,,False
2025-11-22 09:55:30.370905,1162.86,197.1599999999999,9637893.0,6.0,126,-76.74,25.92,下行,33.6,197.1599999999999,197159.9999999999,,,,False
2025-11-22 09:55:31.409970,1162.87,197.1699999999998,9637893.0,6.0,126,-79.16,27.23,下行,32.58,197.1699999999998,197169.9999999998,,,,False
2025-11-22 09:55:32.430741,1162.87,197.1699999999998,9637893.0,6.0,126,-78.12,25.13,下行,31.59,197.1699999999998,197169.9999999998,,,,False
2025-11-22 09:55:33.452765,1162.88,197.1800000000001,9637893.0,6.0,126,-79.38,27.88,下行,30.42,197.1800000000001,197180.0000000001,,,,False
2025-11-22 09:55:34.475782,1162.89,197.1900000000001,9637893.0,6.0,126,-78.24,28.66,下行,29.39,197.1900000000001,197190.00000000012,,,,False
2025-11-22 09:55:35.496933,1162.9,197.2,9637893.0,6.0,126,-79.86,27.72,下行,28.39,197.2,197200.0,,,,False
2025-11-22 09:55:36.534200,1162.91,197.21,9637893.0,6.0,126,-80.56,25.62,下行,27.22,197.21,197210.0,,,,False
2025-11-22 09:55:37.557726,1162.92,197.22,9637893.0,6.0,126,-81.14,26.66,下行,26.42,197.22,197220.0,,,,False
2025-11-22 09:55:38.578003,1162.92,197.22,9637893.0,6.0,126,-80.99,28.37,下行,25.62,197.22,197220.0,,,,False
2025-11-22 09:55:39.615625,1162.93,197.23,9637893.0,6.0,126,-85.85,26.1,下行,25.25,197.23,197230.0,,,,False
